study,domain,instrument,outcome,trange,dir_imp,ctrl_cat,design,n_mbp,m_mbp,sd_mbp,n_ctl,m_ctl,sd_ctl,parse_notes,arm1_label,arm2_label,country,USA,participanttype,contacthours,nr_rand,d1,d2,d3,d4,d5,coi,taught
Barrett 2018,Depression,PHQ-9,Depression,Baseline,D,passive,Randomized controlled trial,138.0,2.4,2.4,138.0,2.9,3.1,,Mindfulness,Control,US,yes,1.universal,25,413,Low,Some,Low,High,Low,N,N
Barrett 2018,Distress,PSS-10,Perceived stress,Baseline,D,passive,Randomized controlled trial,138.0,13.1,6.4,138.0,12.4,5.9,,Mindfulness,Control,US,yes,1.universal,25,413,Low,Some,Low,High,Low,N,N
Barrett 2018,Mental wellbeing,PANAS  in the past few weeks,Positive affect,Baseline,U,passive,Randomized controlled trial,138.0,35.1,7.0,138.0,33.9,7.5,,Mindfulness,Control,US,yes,1.universal,25,413,Low,Some,Low,High,Low,N,N
Barrett 2018,Mindfulness,MAAS,Mindfulness,Baseline,U,passive,Randomized controlled trial,138.0,4.1,0.8,138.0,4.3,0.7,,Mindfulness,Control,US,yes,1.universal,25,413,Low,Some,Low,High,Low,N,N
Barrett 2018,Psychosomatic outcomes,PSQI,Sleep,Baseline,D,passive,Randomized controlled trial,138.0,5.8,3.3,138.0,5.7,3.3,,Mindfulness,Control,US,yes,1.universal,25,413,Low,Some,Low,High,Low,N,N
Barrett 2018,Real life functioning,Stanford Presenteeism Scale,Presenteerism,Baseline,U,passive,Randomized controlled trial,138.0,20.4,5.4,138.0,20.1,5.2,,Mindfulness,Control,US,yes,1.universal,25,413,Low,Some,Low,High,Low,N,N
Gallego 2014,Distress,DASS-21,Distress,Baseline,D,passive,Randomized controlled trial,30.0,17.17,9.89,42.0,19.97,9.09,,Mindfulness,Control,Spain,no,1.universal,8,125,Some,High,High,High,Some,NR,NR
Gallego 2014,Distress,DASS-21,Distress,Postintervention,D,passive,Randomized controlled trial,30.0,12.06,6.27,42.0,20.38,9.47,arm2.n=assumed-by-review-authors,Mindfulness,Control,Spain,no,1.universal,8,125,Some,High,High,High,Some,NR,NR
Jain 2007,Distress,Brief Symptom Inventory (BSI),Psychological Distress,Baseline,D,passive,Randomized controlled trial,27.0,0.64,0.4,30.0,0.59,0.43,,Mindfulness,Control,US,yes,1.universal,12,104,Some,High,High,High,Some,NR,NR
Jain 2007,Distress,Brief Symptom Inventory (BSI),Psychological Distress,Postintervention,D,passive,Randomized controlled trial,27.0,0.22,0.17,30.0,0.46,0.52,,Mindfulness,Control,US,yes,1.universal,12,104,Some,High,High,High,Some,NR,NR
Jain 2007,Mental wellbeing,Positive States of Mind scale (time frame 1 week),Positive mood,Baseline,U,passive,Randomized controlled trial,27.0,15.0,2.9,30.0,16.2,3.5,,Mindfulness,Control,US,yes,1.universal,12,104,Some,High,High,High,Some,NR,NR
Jain 2007,Mental wellbeing,Positive States of Mind scale (time frame 1 week),Positive mood,Postintervention,U,passive,Randomized controlled trial,27.0,17.1,3.0,30.0,16.3,3.8,,Mindfulness,Control,US,yes,1.universal,12,104,Some,High,High,High,Some,NR,NR
Kuhlmann 2016,Distress,Chronic Stress Screening Scale,Psychological Distress,6+months,D,passive,Randomized controlled trial,31.0,20.42,7.81,17.0,19.47,7.16,,Mindfulness,Control,Germany,no,1.universal,7.5,182,Low,High,High,High,Low,N,N
Kuhlmann 2016,Distress,Chronic Stress Screening Scale,Psychological Distress,Baseline,D,passive,Randomized controlled trial,31.0,21.29,8.86,17.0,22.18,7.49,,Mindfulness,Control,Germany,no,1.universal,7.5,182,Low,High,High,High,Low,N,N
Kuhlmann 2016,Distress,Chronic Stress Screening Scale,Psychological Distress,Postintervention,D,passive,Randomized controlled trial,31.0,18.58,8.09,17.0,20.35,8.94,,Mindfulness,Control,Germany,no,1.universal,7.5,182,Low,High,High,High,Low,N,N
Shearer 2016,Depression,BDI-II,Depression,Baseline,D,passive,Randomized controlled trial,14.0,10.36,10.16,17.0,10.12,8.28,,Mindfulness,Control,US,yes,1.universal,4,74,Some,High,High,High,Some,NR,NR
Shearer 2016,Depression,BDI-II,Depression,Postintervention,D,passive,Randomized controlled trial,26.0,7.92,8.09,20.0,9.65,6.9,,Mindfulness,Control,US,yes,1.universal,4,74,Some,High,High,High,Some,NR,NR
Shearer 2016,Mindfulness,FFMQ,Mindfulness,Baseline,U,passive,Randomized controlled trial,27.0,125.52,14.85,17.0,125.24,16.13,,Mindfulness,Control,US,yes,1.universal,4,74,Some,High,High,High,Some,NR,NR
Shearer 2016,Mindfulness,FFMQ,Mindfulness,Postintervention,U,passive,Randomized controlled trial,26.0,124.5,16.68,20.0,123.25,12.49,,Mindfulness,Control,US,yes,1.universal,4,74,Some,High,High,High,Some,NR,NR
Desbordes 2012,Anxiety,Beck Anxiety Inventory (BAI),Anxiety,Baseline,D,active-specific,Randomized controlled trial,13.0,2.6,3.1,17.0,4.6,4.1,arm1.n=assumed-by-review-authors;arm2.n=assumed-by-review-authors,Mindful Attention Training,Cognitively-Based Compassion Training,US,yes,1.universal,16,51,Some,High,High,High,Some,N,N
Desbordes 2012,Anxiety,Beck Anxiety Inventory (BAI),Anxiety,Postintervention,D,active-specific,Randomized controlled trial,13.0,1.8,2.5,17.0,3.8,4.2,arm1.n=assumed-by-review-authors;arm2.n=assumed-by-review-authors,Mindful Attention Training,Cognitively-Based Compassion Training,US,yes,1.universal,16,51,Some,High,High,High,Some,N,N
Desbordes 2012,Depression,Beck Depression Inventory (BDI-II),Depression,Baseline,D,active-specific,Randomized controlled trial,13.0,2.8,3.8,17.0,5.8,7.9,,Mindful Attention Training,Cognitively-Based Compassion Training,US,yes,1.universal,16,51,Some,High,High,High,Some,N,N
Desbordes 2012,Depression,Beck Depression Inventory (BDI-II),Depression,Postintervention,D,active-specific,Randomized controlled trial,13.0,2.8,5.2,17.0,2.7,4.1,,Mindful Attention Training,Cognitively-Based Compassion Training,US,yes,1.universal,16,51,Some,High,High,High,Some,N,N
Barrett 2012,Distress,PSS-10,Perceived stress,Baseline,D,passive,Randomized controlled trial,51.0,13.0,4.7,51.0,11.2,5.4,,Mindfulness,Control,US,yes,2.selective,27.5,154,Low,High,Low,High,Some,NR,N
Barrett 2012,Mental wellbeing,PANAS time frame in last week,Positive affect,Baseline,U,passive,Randomized controlled trial,51.0,36.2,6.5,51.0,36.3,6.6,,Mindfulness,Control,US,yes,2.selective,27.5,154,Low,High,Low,High,Some,NR,N
Barrett 2012,Mindfulness,MAAS,Mindfulness,Baseline,U,passive,Randomized controlled trial,51.0,4.5,0.7,51.0,4.6,0.7,,Mindfulness,Control,US,yes,2.selective,27.5,154,Low,High,Low,High,Some,NR,N
Barrett 2012,Psychosomatic outcomes,PSQI,Sleep,Baseline,D,passive,Randomized controlled trial,51.0,5.1,2.6,51.0,4.7,2.5,,Mindfulness,Control,US,yes,2.selective,27.5,154,Low,High,Low,High,Some,NR,N
Oken 2010,Cognitive functioning,Stroop Color and Word Test interference,Cognition,Baseline,D,passive,Randomized controlled trial,8.0,124.9,71.9,9.0,121.4,49.7,,Mindfulness,Control,US,yes,2.selective,10.5,31,Some,High,High,High,Some,N,Y
Oken 2010,Cognitive functioning,Stroop Color and Word Test interference,Cognition,Postintervention,D,passive,Randomized controlled trial,8.0,105.7,56.3,9.0,126.0,81.4,,Mindfulness,Control,US,yes,2.selective,10.5,31,Some,High,High,High,Some,N,Y
Oken 2010,Depression,CES-D,Depression,Baseline,D,passive,Randomized controlled trial,8.0,15.8,7.7,9.0,14.5,7.7,,Mindfulness,Control,US,yes,2.selective,10.5,31,Some,High,High,High,Some,N,Y
Oken 2010,Depression,CES-D,Depression,Postintervention,D,passive,Randomized controlled trial,8.0,12.5,10.9,11.0,15.3,7.4,,Mindfulness,Control,US,yes,2.selective,10.5,31,Some,High,High,High,Some,N,Y
Oken 2010,Distress,Revised Memory and Behavior Problems Checklist,Perceived stress,Baseline,D,passive,Randomized controlled trial,8.0,27.1,12.9,11.0,24.8,23.6,,Mindfulness,Control,US,yes,2.selective,10.5,31,Some,High,High,High,Some,N,Y
Oken 2010,Distress,Revised Memory and Behavior Problems Checklist,Perceived stress,Postintervention,D,passive,Randomized controlled trial,8.0,24.8,12.9,11.0,26.4,23.7,,Mindfulness,Control,US,yes,2.selective,10.5,31,Some,High,High,High,Some,N,Y
Oken 2010,Mindfulness,MAAS,Mindfulness,Baseline,U,passive,Randomized controlled trial,8.0,4.4,0.7,9.0,4.0,0.5,,Mindfulness,Control,US,yes,2.selective,10.5,31,Some,High,High,High,Some,N,Y
Oken 2010,Mindfulness,MAAS,Mindfulness,Postintervention,U,passive,Randomized controlled trial,8.0,4.1,0.7,9.0,3.7,0.8,,Mindfulness,Control,US,yes,2.selective,10.5,31,Some,High,High,High,Some,N,Y
Oken 2010,Psychosomatic outcomes,Epworth Sleep Questionnaire,Sleep,Baseline,D,passive,Randomized controlled trial,8.0,4.7,2.8,9.0,7.1,4.7,,Mindfulness,Control,US,yes,2.selective,10.5,31,Some,High,High,High,Some,N,Y
Oken 2010,Psychosomatic outcomes,Epworth Sleep Questionnaire,Sleep,Postintervention,D,passive,Randomized controlled trial,8.0,4.8,1.6,9.0,8.0,5.0,,Mindfulness,Control,US,yes,2.selective,10.5,31,Some,High,High,High,Some,N,Y
Oken 2010,Real life functioning,Caregiver Appraisal Tool,Burnout/stress,Baseline,D,passive,Randomized controlled trial,8.0,89.1,14.7,9.0,89.7,11.2,,Mindfulness,Control,US,yes,2.selective,10.5,31,Some,High,High,High,Some,N,Y
Oken 2010,Real life functioning,Caregiver Appraisal Tool,Burnout/stress,Postintervention,D,passive,Randomized controlled trial,8.0,88.5,15.0,9.0,90.4,14.2,,Mindfulness,Control,US,yes,2.selective,10.5,31,Some,High,High,High,Some,N,Y
Oken 2010,Relationship with self,General Perceived Self-Efficacy Scale,Self-efficacy,Baseline,U,passive,Randomized controlled trial,8.0,30.6,4.4,9.0,30.2,5.1,,Mindfulness,Control,US,yes,2.selective,10.5,31,Some,High,High,High,Some,N,Y
Oken 2010,Relationship with self,General Perceived Self-Efficacy Scale,Self-efficacy,Postintervention,U,passive,Randomized controlled trial,8.0,31.4,4.6,9.0,31.4,5.1,,Mindfulness,Control,US,yes,2.selective,10.5,31,Some,High,High,High,Some,N,Y
Delgado-Pastor 2015,Depression,BDI,Depressive symptoms,Baseline,D,passive,Randomized controlled trial,15.0,13.7,8.4,15.0,12.4,7.8,,Mindfulness cognitive,Control,Spain,no,1.universal,6,45,Some,High,High,High,Some,NR,NR
Delgado-Pastor 2015,Depression,BDI,Depressive symptoms,Postintervention,D,passive,Randomized controlled trial,12.0,8.5,7.2,14.0,11.5,7.8,arm1.n=assumed-by-review-authors;arm2.n=assumed-by-review-authors,Mindfulness cognitive,Control,Spain,no,1.universal,6,45,Some,High,High,High,Some,NR,NR
Delgado-Pastor 2015,Distress,PSS,Stress,Baseline,D,passive,Randomized controlled trial,15.0,32.6,6.8,15.0,29.6,7.6,,Mindfulness cognitive,Control,Spain,no,1.universal,6,45,Some,High,High,High,Some,NR,NR
Delgado-Pastor 2015,Distress,PSS,Stress,Postintervention,D,passive,Randomized controlled trial,12.0,28.1,6.2,14.0,30.7,5.3,arm1.n=assumed-by-review-authors;arm2.n=assumed-by-review-authors,Mindfulness cognitive,Control,Spain,no,1.universal,6,45,Some,High,High,High,Some,NR,NR
Delgado-Pastor 2015,Mental wellbeing,PANAS-P in the last week,Positive affect,Baseline,U,passive,Randomized controlled trial,15.0,28.3,7.1,15.0,27.4,6.6,,Mindfulness cognitive,Control,Spain,no,1.universal,6,45,Some,High,High,High,Some,NR,NR
Delgado-Pastor 2015,Mental wellbeing,PANAS-P in the last week,Positive affect,Postintervention,U,passive,Randomized controlled trial,12.0,32.3,8.0,14.0,29.9,7.6,arm1.n=assumed-by-review-authors;arm2.n=assumed-by-review-authors,Mindfulness cognitive,Control,Spain,no,1.universal,6,45,Some,High,High,High,Some,NR,NR
Delgado-Pastor 2015,Mindfulness,MAAS,Mindfulness,Baseline,U,passive,Randomized controlled trial,15.0,56.7,10.8,15.0,51.1,13.8,,Mindfulness cognitive,Control,Spain,no,1.universal,6,45,Some,High,High,High,Some,NR,NR
Delgado-Pastor 2015,Mindfulness,MAAS,Mindfulness,Postintervention,U,passive,Randomized controlled trial,12.0,53.6,9.4,14.0,50.4,14.4,arm1.n=assumed-by-review-authors;arm2.n=assumed-by-review-authors,Mindfulness cognitive,Control,Spain,no,1.universal,6,45,Some,High,High,High,Some,NR,NR
Hunt 2018,Depression,BDI-II no suicidality item,Depression,Baseline,D,passive,Randomized controlled trial,24.0,8.167,5.08,24.0,7.88,5.86,,Mindfulness,Control,US,yes,1.universal,4,119,Some,High,High,High,Some,N,Y
Hunt 2018,Depression,BDI-II no suicidality item,Depression,Postintervention,D,passive,Randomized controlled trial,22.0,7.41,5.79,23.0,7.35,3.95,,Mindfulness,Control,US,yes,1.universal,4,119,Some,High,High,High,Some,N,Y
Hunt 2018,Distress,PANAS-N apparently in last week,Negative affect,Baseline,D,passive,Randomized controlled trial,23.0,19.13,6.196,24.0,18.083,6.68,,Mindfulness,Control,US,yes,1.universal,4,119,Some,High,High,High,Some,N,Y
Hunt 2018,Distress,PANAS-N apparently in last week,Negative affect,Postintervention,D,passive,Randomized controlled trial,22.0,16.05,6.28,23.0,15.0,3.23,,Mindfulness,Control,US,yes,1.universal,4,119,Some,High,High,High,Some,N,Y
Hunt 2018,Mental wellbeing,PANAS-P apparently in last week,Positive affect,Baseline,U,passive,Randomized controlled trial,23.0,31.96,8.59,24.0,34.1667,8.555,,Mindfulness,Control,US,yes,1.universal,4,119,Some,High,High,High,Some,N,Y
Hunt 2018,Mental wellbeing,PANAS-P apparently in last week,Positive affect,Postintervention,U,passive,Randomized controlled trial,22.0,26.0,11.9,23.0,31.0,9.0,,Mindfulness,Control,US,yes,1.universal,4,119,Some,High,High,High,Some,N,Y
Wilson 2012,Distress,PSS-10,Perceived stress,1-6months,D,passive,Randomized controlled trial,27.0,12.08,4.35,27.0,18.41,4.72,,Mindfulness,Control,US,yes,1.universal,8,96,Some,High,High,High,Some,NR,NR
Wilson 2012,Distress,PSS-10,Perceived stress,Baseline,D,passive,Randomized controlled trial,27.0,14.19,4.92,27.0,18.22,5.81,,Mindfulness,Control,US,yes,1.universal,8,96,Some,High,High,High,Some,NR,NR
Wilson 2012,Distress,PSS-10,Perceived stress,Postintervention,D,passive,Randomized controlled trial,27.0,10.69,4.96,27.0,19.44,5.09,,Mindfulness,Control,US,yes,1.universal,8,96,Some,High,High,High,Some,NR,NR
Wilson 2012,Mental wellbeing,SWLS,Life satisfaction,1-6months,U,passive,Randomized controlled trial,27.0,5.39,1.2,27.0,4.96,1.37,,Mindfulness,Control,US,yes,1.universal,8,96,Some,High,High,High,Some,NR,NR
Wilson 2012,Mental wellbeing,SWLS,Life satisfaction,Baseline,U,passive,Randomized controlled trial,27.0,4.92,1.41,27.0,5.11,1.45,,Mindfulness,Control,US,yes,1.universal,8,96,Some,High,High,High,Some,NR,NR
Wilson 2012,Mental wellbeing,SWLS,Life satisfaction,Postintervention,U,passive,Randomized controlled trial,27.0,5.85,1.08,27.0,5.03,1.4,,Mindfulness,Control,US,yes,1.universal,8,96,Some,High,High,High,Some,NR,NR
Wilson 2012,Mindfulness,FFMQ,Mindfulness,1-6months,U,passive,Randomized controlled trial,27.0,133.58,16.12,27.0,129.78,13.4,,Mindfulness,Control,US,yes,1.universal,8,96,Some,High,High,High,Some,NR,NR
Wilson 2012,Mindfulness,FFMQ,Mindfulness,Baseline,U,passive,Randomized controlled trial,27.0,127.85,18.36,27.0,126.48,19.11,,Mindfulness,Control,US,yes,1.universal,8,96,Some,High,High,High,Some,NR,NR
Wilson 2012,Mindfulness,FFMQ,Mindfulness,Postintervention,U,passive,Randomized controlled trial,27.0,134.65,16.3,27.0,125.82,16.13,,Mindfulness,Control,US,yes,1.universal,8,96,Some,High,High,High,Some,NR,NR
Wilson 2012,Psychosomatic outcomes,PSQI,Sleep,1-6months,D,passive,Randomized controlled trial,27.0,3.62,1.44,27.0,6.11,2.34,,Mindfulness,Control,US,yes,1.universal,8,96,Some,High,High,High,Some,NR,NR
Wilson 2012,Psychosomatic outcomes,PSQI,Sleep,Baseline,D,passive,Randomized controlled trial,27.0,5.5,2.63,27.0,6.74,2.8,,Mindfulness,Control,US,yes,1.universal,8,96,Some,High,High,High,Some,NR,NR
Wilson 2012,Psychosomatic outcomes,PSQI,Sleep,Postintervention,D,passive,Randomized controlled trial,27.0,3.65,1.9,27.0,6.78,2.31,,Mindfulness,Control,US,yes,1.universal,8,96,Some,High,High,High,Some,NR,NR
Wilson 2012,Real life functioning,Utrecht Work Engagement Scale,Work engagement,1-6months,U,passive,Randomized controlled trial,27.0,4.61,0.5,27.0,3.99,0.82,,Mindfulness,Control,US,yes,1.universal,8,96,Some,High,High,High,Some,NR,NR
Wilson 2012,Real life functioning,Utrecht Work Engagement Scale,Work engagement,Baseline,U,passive,Randomized controlled trial,27.0,4.22,0.75,27.0,4.07,0.87,,Mindfulness,Control,US,yes,1.universal,8,96,Some,High,High,High,Some,NR,NR
Wilson 2012,Real life functioning,Utrecht Work Engagement Scale,Work engagement,Postintervention,U,passive,Randomized controlled trial,27.0,4.69,0.46,27.0,4.04,0.77,,Mindfulness,Control,US,yes,1.universal,8,96,Some,High,High,High,Some,NR,NR
Aeamla-Or 2015,Depression,CES-D,Depression,1-6months,D,passive,Randomized controlled trial,63.0,15.79,8.04,63.0,19.02,9.56,,Mindfulness,Control,Thailand,no,1.universal,27.5,127,Low,Low,Low,High,Some,NR,Y
Aeamla-Or 2015,Depression,CES-D,Depression,Postintervention,D,passive,Randomized controlled trial,63.0,13.37,7.39,63.0,15.63,7.65,,Mindfulness,Control,Thailand,no,1.universal,27.5,127,Low,Low,Low,High,Some,NR,Y
Aeamla-Or 2015,Distress,PSS-10,Perceived Stress,1-6months,D,passive,Randomized controlled trial,63.0,17.46,5.4,63.0,19.24,5.09,,Mindfulness,Control,Thailand,no,1.universal,27.5,127,Low,Low,Low,High,Some,NR,Y
Aeamla-Or 2015,Distress,PSS-10,Perceived Stress,Postintervention,D,passive,Randomized controlled trial,63.0,14.21,5.33,63.0,16.7,5.08,,Mindfulness,Control,Thailand,no,1.universal,27.5,127,Low,Low,Low,High,Some,NR,Y
Aeamla-Or 2015,Mindfulness,MAAS,Mindfulness,1-6months,U,passive,Randomized controlled trial,63.0,67.1,7.6,63.0,62.05,7.9,,Mindfulness,Control,Thailand,no,1.universal,27.5,127,Low,Low,Low,High,Some,NR,Y
Aeamla-Or 2015,Mindfulness,MAAS,Mindfulness,Postintervention,U,passive,Randomized controlled trial,63.0,66.21,7.4,63.0,63.0,7.56,,Mindfulness,Control,Thailand,no,1.universal,27.5,127,Low,Low,Low,High,Some,NR,Y
Aeamla-Or 2015,Real life functioning,grade point average scores (GPA),Academic performance,1-6months,U,passive,Randomized controlled trial,63.0,3.13,0.35,63.0,3.17,0.36,,Mindfulness,Control,Thailand,no,1.universal,27.5,127,Low,Low,Low,High,Some,NR,Y
Aeamla-Or 2015,Real life functioning,grade point average scores (GPA),Academic performance,Postintervention,U,passive,Randomized controlled trial,63.0,2.91,0.47,63.0,2.97,0.42,,Mindfulness,Control,Thailand,no,1.universal,27.5,127,Low,Low,Low,High,Some,NR,Y
Aeamla-Or 2015,Relationship with self,Rosenberg Self-Esteem Scale,Self-esteem,1-6months,U,passive,Randomized controlled trial,63.0,32.06,3.14,63.0,29.84,4.21,,Mindfulness,Control,Thailand,no,1.universal,27.5,127,Low,Low,Low,High,Some,NR,Y
Aeamla-Or 2015,Relationship with self,Rosenberg Self-Esteem Scale,Self-esteem,Postintervention,U,passive,Randomized controlled trial,63.0,31.38,3.24,63.0,30.19,3.52,,Mindfulness,Control,Thailand,no,1.universal,27.5,127,Low,Low,Low,High,Some,NR,Y
Aeamla-Or 2015,Depression,CES-D,Depression,Baseline,D,passive,Randomized controlled trial,63.0,15.14,7.03,63.0,15.59,7.93,,Mindfulness,Control,Thailand,no,1.universal,27.5,127,Low,Low,Low,High,Some,NR,Y
Aeamla-Or 2015,Distress,PSS-10,Perceived Stress,Baseline,D,passive,Randomized controlled trial,63.0,16.73,4.97,63.0,16.73,5.34,,Mindfulness,Control,Thailand,no,1.universal,27.5,127,Low,Low,Low,High,Some,NR,Y
Aeamla-Or 2015,Mindfulness,MAAS,Mindfulness,Baseline,U,passive,Randomized controlled trial,64.0,61.46,6.32,63.0,61.52,7.3,,Mindfulness,Control,Thailand,no,1.universal,27.5,127,Low,Low,Low,High,Some,NR,Y
Aeamla-Or 2015,Relationship with self,Rosenberg Self-Esteem Scale,Self-esteem,Baseline,U,passive,Randomized controlled trial,63.0,29.57,2.83,63.0,29.94,3.95,,Mindfulness,Control,Thailand,no,1.universal,27.5,127,Low,Low,Low,High,Some,NR,Y
Amutio 2015,Mindfulness,FFMQ,Mindfulness (trait),Baseline,U,passive,Randomized controlled trial,21.0,3.34,0.44,21.0,3.51,0.37,,Mindfulness,Control,Spain,no,2.selective,28,42,Some,High,High,High,Some,N,NR
Amutio 2015,Mindfulness,FFMQ,Mindfulness (trait),Postintervention,U,passive,Randomized controlled trial,21.0,3.71,0.51,21.0,3.34,0.33,arm1.n=assumed-by-review-authors;arm2.n=assumed-by-review-authors,Mindfulness,Control,Spain,no,2.selective,28,42,Some,High,High,High,Some,N,NR
Amutio 2015,Real life functioning,Maslach Burnout Inventory Spanish validated confirmed by aut,Burnout,Baseline,D,passive,Randomized controlled trial,21.0,2.47,1.29,21.0,1.85,1.1,,Mindfulness,Control,Spain,no,2.selective,28,42,Some,High,High,High,Some,N,NR
Amutio 2015,Real life functioning,Maslach Burnout Inventory Spanish validated confirmed by aut,Burnout,Postintervention,D,passive,Randomized controlled trial,21.0,1.74,1.12,21.0,1.84,1.07,arm1.n=assumed-by-review-authors;arm2.n=assumed-by-review-authors,Mindfulness,Control,Spain,no,2.selective,28,42,Some,High,High,High,Some,N,NR
Anderson 2007,Anxiety,BAI,Anxiety,Baseline,D,passive,Randomized controlled trial,39.0,10.4,9.3,33.0,8.4,6.5,,Mindfulness,Control,Canada,no,1.universal,16,86,Some,High,High,High,Some,NR,NR
Anderson 2007,Anxiety,BAI,Anxiety,Postintervention,D,passive,Randomized controlled trial,39.0,6.8,7.2,33.0,7.6,7.6,,Mindfulness,Control,Canada,no,1.universal,16,86,Some,High,High,High,Some,NR,NR
Anderson 2007,Depression,BDI,Depression,Baseline,D,passive,Randomized controlled trial,39.0,13.1,10.1,33.0,8.1,7.3,,Mindfulness,Control,Canada,no,1.universal,16,86,Some,High,High,High,Some,NR,NR
Anderson 2007,Depression,BDI,Depression,Postintervention,D,passive,Randomized controlled trial,39.0,6.0,8.9,33.0,7.6,7.7,,Mindfulness,Control,Canada,no,1.universal,16,86,Some,High,High,High,Some,NR,NR
Asuero 2014,Mindfulness,FFMQ,Mindfulness,Baseline,U,passive,Randomized controlled trial,43.0,129.6,22.2,25.0,120.5,14.4,,Intervention group,Control group,Spain,no,2.selective,28,68,Some,High,High,High,Some,NR,N
Asuero 2014,Mindfulness,FFMQ,Mindfulness,Postintervention,U,passive,Randomized controlled trial,43.0,141.6,16.5,25.0,121.6,16.0,arm1.n=assumed-by-review-authors;arm2.n=assumed-by-review-authors,Intervention group,Control group,Spain,no,2.selective,28,68,Some,High,High,High,Some,NR,N
Asuero 2014,Real life functioning,MBI-GS,Burnout,Baseline,D,passive,Randomized controlled trial,43.0,25.1,11.6,25.0,26.0,12.5,,Intervention group,Control group,Spain,no,2.selective,28,68,Some,High,High,High,Some,NR,N
Asuero 2014,Real life functioning,MBI-GS,Burnout,Postintervention,D,passive,Randomized controlled trial,43.0,19.5,11.0,25.0,26.7,13.6,arm1.n=assumed-by-review-authors;arm2.n=assumed-by-review-authors,Intervention group,Control group,Spain,no,2.selective,28,68,Some,High,High,High,Some,NR,N
Auseron 2018,Distress,Perceived Stress Questionnaire PSQ,Perceived Stress,Baseline,D,passive,Randomized controlled trial,23.0,0.5,0.15,22.0,0.49,0.16,,Mindfulness,Control,Spain,no,2.selective,20,48,Low,Some,High,High,High,NR,NR
Auseron 2018,Distress,Perceived Stress Questionnaire PSQ,Perceived Stress,Postintervention,D,passive,Randomized controlled trial,23.0,0.33,0.14,22.0,0.52,0.19,,Mindfulness,Control,Spain,no,2.selective,20,48,Low,Some,High,High,High,NR,NR
Auseron 2018,Mindfulness,FFMQ,Mindfulness,Baseline,U,passive,Randomized controlled trial,23.0,120.5,19.5,22.0,115.1,23.5,,Mindfulness,Control,Spain,no,2.selective,20,48,Low,Some,High,High,High,NR,NR
Auseron 2018,Mindfulness,FFMQ,Mindfulness,Postintervention,U,passive,Randomized controlled trial,23.0,140.1,14.2,22.0,114.8,20.4,,Mindfulness,Control,Spain,no,2.selective,20,48,Low,Some,High,High,High,NR,NR
Behbahani 2018,Distress,The Parenting Stress Index–Short Form parental distress subs,Stress,1-6months,D,passive,Randomized controlled trial,26.0,37.07,7.13,30.0,43.16,8.1,,Mindfulness,Control,Iran,no,2.selective,12,60,Some,High,High,High,Some,N,NR
Behbahani 2018,Distress,The Parenting Stress Index–Short Form parental distress subs,Stress,Baseline,D,passive,Randomized controlled trial,30.0,47.76,4.71,30.0,49.1,5.06,,Mindfulness,Control,Iran,no,2.selective,12,60,Some,High,High,High,Some,N,NR
Behbahani 2018,Distress,The Parenting Stress Index–Short Form parental distress subs,Stress,Postintervention,D,passive,Randomized controlled trial,26.0,37.42,6.11,30.0,42.26,8.61,,Mindfulness,Control,Iran,no,2.selective,12,60,Some,High,High,High,Some,N,NR
Benn 2012,Depression,CES-D,Depression,1-6months,D,passive,Randomized controlled trial,24.0,30.82,9.1,19.0,35.51,9.83,,Mindfulness,Control,US,yes,2.selective,36,70,Some,High,High,High,Some,NR,NR
Benn 2012,Depression,CES-D,Depression,Baseline,D,passive,Randomized controlled trial,31.0,33.18,8.48,29.0,36.22,9.2,,Mindfulness,Control,US,yes,2.selective,36,70,Some,High,High,High,Some,NR,NR
Benn 2012,Depression,CES-D,Depression,Postintervention,D,passive,Randomized controlled trial,30.0,30.03,8.03,29.0,36.69,10.46,,Mindfulness,Control,US,yes,2.selective,36,70,Some,High,High,High,Some,NR,NR
Benn 2012,Distress,PSS-14,Stress,1-6months,D,passive,Randomized controlled trial,24.0,2.04,0.45,19.0,2.42,0.56,,Mindfulness,Control,US,yes,2.selective,36,70,Some,High,High,High,Some,NR,NR
Benn 2012,Distress,PSS-14,Stress,Baseline,D,passive,Randomized controlled trial,31.0,2.37,0.55,29.0,2.46,0.59,,Mindfulness,Control,US,yes,2.selective,36,70,Some,High,High,High,Some,NR,NR
Benn 2012,Distress,PSS-14,Stress,Postintervention,D,passive,Randomized controlled trial,30.0,1.97,0.58,29.0,2.25,0.55,,Mindfulness,Control,US,yes,2.selective,36,70,Some,High,High,High,Some,NR,NR
Benn 2012,Mental wellbeing,PANAS-P in last week,Positive affect,1-6months,U,passive,Randomized controlled trial,24.0,3.56,0.78,19.0,3.26,0.8,,Mindfulness,Control,US,yes,2.selective,36,70,Some,High,High,High,Some,NR,NR
Benn 2012,Mental wellbeing,PANAS-P in last week,Positive affect,Baseline,U,passive,Randomized controlled trial,31.0,3.29,0.73,29.0,3.2,0.7,,Mindfulness,Control,US,yes,2.selective,36,70,Some,High,High,High,Some,NR,NR
Benn 2012,Mental wellbeing,PANAS-P in last week,Positive affect,Postintervention,U,passive,Randomized controlled trial,30.0,3.35,0.77,29.0,3.18,0.75,,Mindfulness,Control,US,yes,2.selective,36,70,Some,High,High,High,Some,NR,NR
Benn 2012,Mindfulness,FFMQ,Mindfulness,1-6months,U,passive,Randomized controlled trial,24.0,3.7,0.06,19.0,3.43,0.07,,Mindfulness,Control,US,yes,2.selective,36,70,Some,High,High,High,Some,NR,NR
Benn 2012,Mindfulness,FFMQ,Mindfulness,Baseline,U,passive,Randomized controlled trial,31.0,3.43,0.1,29.0,3.3,0.1,,Mindfulness,Control,US,yes,2.selective,36,70,Some,High,High,High,Some,NR,NR
Benn 2012,Mindfulness,FFMQ,Mindfulness,Postintervention,U,passive,Randomized controlled trial,30.0,3.61,0.08,29.0,3.33,0.07,,Mindfulness,Control,US,yes,2.selective,36,70,Some,High,High,High,Some,NR,NR
Benn 2012,Relationship with self,SCS 26,Self-compassion,1-6months,U,passive,Randomized controlled trial,24.0,3.32,0.43,19.0,3.1,0.49,,Mindfulness,Control,US,yes,2.selective,36,70,Some,High,High,High,Some,NR,NR
Benn 2012,Relationship with self,SCS 26,Self-compassion,Baseline,U,passive,Randomized controlled trial,31.0,2.96,0.46,29.0,3.02,0.4,,Mindfulness,Control,US,yes,2.selective,36,70,Some,High,High,High,Some,NR,NR
Benn 2012,Relationship with self,SCS 26,Self-compassion,Postintervention,U,passive,Randomized controlled trial,30.0,3.17,0.44,29.0,3.07,0.45,,Mindfulness,Control,US,yes,2.selective,36,70,Some,High,High,High,Some,NR,NR
Berghmans 2010,Anxiety,HADS A French version,Anxiety,Baseline,D,passive,Randomized controlled trial,10.0,2.41,0.57,9.0,1.97,0.28,,Mindfulness,Control,France,no,1.universal,27.5,26,Some,High,High,High,Some,NR,NR
Berghmans 2010,Anxiety,HADS A French version,Anxiety,Postintervention,D,passive,Randomized controlled trial,10.0,2.0,0.48,9.0,2.05,0.36,,Mindfulness,Control,France,no,1.universal,27.5,26,Some,High,High,High,Some,NR,NR
Berghmans 2010,Depression,HADS D French version,Depression,Baseline,D,passive,Randomized controlled trial,10.0,1.84,0.47,9.0,1.7,0.19,,Mindfulness,Control,France,no,1.universal,27.5,26,Some,High,High,High,Some,NR,NR
Berghmans 2010,Depression,HADS D French version,Depression,Postintervention,D,passive,Randomized controlled trial,10.0,1.43,0.42,9.0,1.39,0.28,,Mindfulness,Control,France,no,1.universal,27.5,26,Some,High,High,High,Some,NR,NR
Carmody 2011,Anxiety,HADS A (protocol says HADS),Anxiety,1-6months,D,passive,Randomized controlled trial,57.0,7.2,3.5,53.0,7.7,4.2,,Mindfulness,Control,US,yes,2.selective,27.5,110,Low,High,High,High,Some,N,N
Carmody 2011,Anxiety,HADS A (protocol says HADS),Anxiety,Baseline,D,passive,Randomized controlled trial,57.0,9.6,4.3,48.0,7.4,3.3,,Mindfulness,Control,US,yes,2.selective,27.5,110,Low,High,High,High,Some,N,N
Carmody 2011,Anxiety,HADS A (protocol says HADS),Anxiety,Postintervention,D,passive,Randomized controlled trial,57.0,6.5,2.8,53.0,7.2,4.1,,Mindfulness,Control,US,yes,2.selective,27.5,110,Low,High,High,High,Some,N,N
Carmody 2011,Depression,HADS D,Depression,1-6months,D,passive,Randomized controlled trial,57.0,3.4,2.2,53.0,4.3,3.7,,Mindfulness,Control,US,yes,2.selective,27.5,110,Low,High,High,High,Some,N,N
Carmody 2011,Depression,HADS D,Depression,Postintervention,D,passive,Randomized controlled trial,57.0,2.9,1.9,53.0,4.4,3.2,,Mindfulness,Control,US,yes,2.selective,27.5,110,Low,High,High,High,Some,N,N
Carmody 2011,Distress,PSS-14,Perceived Stress,1-6months,D,passive,Randomized controlled trial,57.0,20.4,6.2,53.0,23.4,7.5,,Mindfulness,Control,US,yes,2.selective,27.5,110,Low,High,High,High,Some,N,N
Carmody 2011,Distress,PSS-14,Perceived Stress,Baseline,D,passive,Randomized controlled trial,57.0,24.5,7.7,48.0,23.2,8.6,,Mindfulness,Control,US,yes,2.selective,27.5,110,Low,High,High,High,Some,N,N
Carmody 2011,Distress,PSS-14,Perceived Stress,Postintervention,D,passive,Randomized controlled trial,57.0,20.1,6.3,53.0,23.3,8.0,,Mindfulness,Control,US,yes,2.selective,27.5,110,Low,High,High,High,Some,N,N
Carmody 2011,Psychosomatic outcomes,Included,bother from hot flashes and night sweats in the previous 24 ,1-6months,D,passive,Randomized controlled trial,38.0,2.5,0.9,42.0,2.7,0.8,,Mindfulness,Control,US,yes,2.selective,27.5,110,Low,High,High,High,Some,N,N
Carmody 2011,Psychosomatic outcomes,Included,bother from hot flashes and night sweats in the previous 24 ,Baseline,D,passive,Randomized controlled trial,57.0,3.29,0.55,48.0,3.07,0.54,,Mindfulness,Control,US,yes,2.selective,27.5,110,Low,High,High,High,Some,N,N
Carmody 2011,Psychosomatic outcomes,Included,bother from hot flashes and night sweats in the previous 24 ,Postintervention,D,passive,Randomized controlled trial,39.0,2.7,0.8,43.0,2.8,0.7,,Mindfulness,Control,US,yes,2.selective,27.5,110,Low,High,High,High,Some,N,N
Cerna 2019,Depression,Beck Depression Inventory,Depression,Baseline,D,passive,Randomized controlled trial,51.0,7.14,5.76,52.0,8.87,6.24,,Mindfulness,Control,Chile,no,1.universal,6,103,Low,High,High,High,Some,N,NR
Cerna 2019,Depression,Beck Depression Inventory,Depression,Postintervention,D,passive,Randomized controlled trial,27.0,3.22,3.43,19.0,8.64,8.44,,Mindfulness,Control,Chile,no,1.universal,6,103,Low,High,High,High,Some,N,NR
Cerna 2019,Mental wellbeing,Mental Health Questionnaire MHC–14,Psychological wellbeing,Baseline,U,passive,Randomized controlled trial,51.0,55.84,11.63,52.0,56.79,11.94,,Mindfulness,Control,Chile,no,1.universal,6,103,Low,High,High,High,Some,N,NR
Cerna 2019,Mental wellbeing,Mental Health Questionnaire MHC–14,Psychological wellbeing,Postintervention,U,passive,Randomized controlled trial,27.0,64.37,10.66,19.0,56.18,12.51,,Mindfulness,Control,Chile,no,1.universal,6,103,Low,High,High,High,Some,N,NR
Christopher 2018,Anxiety,PROMIS,Anxiety,1-6months,D,passive,Randomized controlled trial,24.0,50.66,8.79,25.0,49.28,7.72,,Mindfulness,Control,US,yes,2.selective,22,61,Some,High,Some,High,Some,Y,Y
Christopher 2018,Anxiety,PROMIS,Anxiety,Baseline,D,passive,Randomized controlled trial,31.0,51.91,9.62,30.0,52.25,5.43,,Mindfulness,Control,US,yes,2.selective,22,61,Some,High,Some,High,Some,Y,Y
Christopher 2018,Anxiety,PROMIS,Anxiety,Postintervention,D,passive,Randomized controlled trial,24.0,48.83,8.69,26.0,48.7,8.26,,Mindfulness,Control,US,yes,2.selective,22,61,Some,High,Some,High,Some,Y,Y
Christopher 2018,Cognitive functioning,Shooter Bias Task [Time Frame: 8 weeks] control estimates bl,Decision Making,1-6months,U,passive,Randomized controlled trial,24.0,0.86,0.07,25.0,0.83,0.07,,Mindfulness,Control,US,yes,2.selective,22,61,Some,High,Some,High,Some,Y,Y
Christopher 2018,Cognitive functioning,Shooter Bias Task [Time Frame: 8 weeks] control estimates bl,Decision Making,Baseline,U,passive,Randomized controlled trial,31.0,0.84,0.09,30.0,0.82,0.05,,Mindfulness,Control,US,yes,2.selective,22,61,Some,High,Some,High,Some,Y,Y
Christopher 2018,Cognitive functioning,Shooter Bias Task [Time Frame: 8 weeks] control estimates bl,Decision Making,Postintervention,U,passive,Randomized controlled trial,24.0,0.83,0.07,26.0,0.82,0.11,,Mindfulness,Control,US,yes,2.selective,22,61,Some,High,Some,High,Some,Y,Y
Christopher 2018,Depression,PROMIS,Depression,1-6months,D,passive,Randomized controlled trial,24.0,48.15,8.5,25.0,46.27,7.37,,Mindfulness,Control,US,yes,2.selective,22,61,Some,High,Some,High,Some,Y,Y
Christopher 2018,Depression,PROMIS,Depression,Baseline,D,passive,Randomized controlled trial,31.0,47.49,8.58,30.0,48.36,6.9,,Mindfulness,Control,US,yes,2.selective,22,61,Some,High,Some,High,Some,Y,Y
Christopher 2018,Depression,PROMIS,Depression,Postintervention,D,passive,Randomized controlled trial,24.0,46.69,6.69,26.0,47.32,6.34,,Mindfulness,Control,US,yes,2.selective,22,61,Some,High,Some,High,Some,Y,Y
Christopher 2018,Distress,PSQ,Operational stress,1-6months,D,passive,Randomized controlled trial,24.0,2.73,1.14,25.0,2.79,1.19,,Mindfulness,Control,US,yes,2.selective,22,61,Some,High,Some,High,Some,Y,Y
Christopher 2018,Distress,PSQ,Operational stress,Baseline,D,passive,Randomized controlled trial,31.0,2.92,1.3,30.0,2.82,0.98,,Mindfulness,Control,US,yes,2.selective,22,61,Some,High,Some,High,Some,Y,Y
Christopher 2018,Distress,PSQ,Operational stress,Postintervention,D,passive,Randomized controlled trial,24.0,2.66,1.17,26.0,2.76,1.02,,Mindfulness,Control,US,yes,2.selective,22,61,Some,High,Some,High,Some,Y,Y
Christopher 2018,Psychosomatic outcomes,PROMIS,Sleep difficulties,1-6months,D,passive,Randomized controlled trial,24.0,49.62,8.67,25.0,51.59,8.74,,Mindfulness,Control,US,yes,2.selective,22,61,Some,High,Some,High,Some,Y,Y
Christopher 2018,Psychosomatic outcomes,PROMIS,Sleep difficulties,Baseline,D,passive,Randomized controlled trial,31.0,50.69,8.37,30.0,52.14,7.63,,Mindfulness,Control,US,yes,2.selective,22,61,Some,High,Some,High,Some,Y,Y
Christopher 2018,Psychosomatic outcomes,PROMIS,Sleep difficulties,Postintervention,D,passive,Randomized controlled trial,24.0,47.4,6.93,26.0,51.25,5.83,,Mindfulness,Control,US,yes,2.selective,22,61,Some,High,Some,High,Some,Y,Y
Christopher 2018,Real life functioning,Connor-Davidson Resilience Scale,Resilience,1-6months,U,passive,Randomized controlled trial,24.0,83.2,11.38,25.0,77.48,10.19,,Mindfulness,Control,US,yes,2.selective,22,61,Some,High,Some,High,Some,Y,Y
Christopher 2018,Real life functioning,Connor-Davidson Resilience Scale,Resilience,Baseline,U,passive,Randomized controlled trial,31.0,81.48,12.36,30.0,76.1,9.34,,Mindfulness,Control,US,yes,2.selective,22,61,Some,High,Some,High,Some,Y,Y
Christopher 2018,Real life functioning,Connor-Davidson Resilience Scale,Resilience,Postintervention,U,passive,Randomized controlled trial,24.0,83.66,10.73,26.0,77.07,9.5,,Mindfulness,Control,US,yes,2.selective,22,61,Some,High,Some,High,Some,Y,Y
Christopher 2018,Relationship with self,SCS,Self-compassion,1-6months,U,passive,Randomized controlled trial,24.0,41.62,7.12,25.0,38.64,6.58,,Mindfulness,Control,US,yes,2.selective,22,61,Some,High,Some,High,Some,Y,Y
Christopher 2018,Relationship with self,SCS,Self-compassion,Baseline,U,passive,Randomized controlled trial,31.0,39.93,6.59,30.0,36.33,6.89,,Mindfulness,Control,US,yes,2.selective,22,61,Some,High,Some,High,Some,Y,Y
Christopher 2018,Relationship with self,SCS,Self-compassion,Postintervention,U,passive,Randomized controlled trial,24.0,40.95,5.7,26.0,37.61,6.2,,Mindfulness,Control,US,yes,2.selective,22,61,Some,High,Some,High,Some,Y,Y
DeVibe 2013,Distress,e 12-item General Health Questionnaire (GHQ12),Psychological Distress,6+months,D,passive,Randomized controlled trial,49.0,10.49,5.15,63.0,12.0,5.2,,Mindfulness,Control,Norway,no,1.universal,15,293,Low,High,High,High,Some,N,Y
DeVibe 2013,Mental wellbeing,Subjective well-being scale 4 item version,Wellbeing,6+months,U,passive,Randomized controlled trial,49.0,6.9520408,1.4255583,63.0,6.2998413,1.7930974,,Mindfulness,Control,Norway,no,1.universal,15,293,Low,High,High,High,Some,N,Y
DeVibe 2013,Mindfulness,FFMQ subscales,Mindfulness,6+months,U,passive,Randomized controlled trial,49.0,140.53061,15.276755,60.0,134.28333,15.721185,,Mindfulness,Control,Norway,no,1.universal,15,293,Low,High,High,High,Some,N,Y
DeVibe 2013,Distress,e 12-item General Health Questionnaire (GHQ12),Psychological Distress,Baseline,D,passive,Randomized controlled trial,144.0,12.44,5.97,143.0,12.95,6.22,,Mindfulness,Control,Norway,no,1.universal,15,293,Low,High,High,High,Some,N,Y
DeVibe 2013,Mental wellbeing,Subjective well-being scale 4 item version,Wellbeing,Baseline,U,passive,Randomized controlled trial,144.0,6.3,1.8,144.0,6.4,1.8,,Mindfulness,Control,Norway,no,1.universal,15,293,Low,High,High,High,Some,N,Y
DeVibe 2013,Mindfulness,FFMQ subscales,Mindfulness,Baseline,U,passive,Randomized controlled trial,144.0,125.11111,16.352802,143.0,127.1049,14.449384,,Mindfulness,Control,Norway,no,1.universal,15,293,Low,High,High,High,Some,N,Y
DeVibe 2013,Real life functioning,MBI,Burnout,Baseline,D,passive,Randomized controlled trial,144.0,32.3,12.4,144.0,32.0,11.8,,Mindfulness,Control,Norway,no,1.universal,15,293,Low,High,High,High,Some,N,Y
DeVibe 2013,Distress,e 12-item General Health Questionnaire (GHQ12),Psychological Distress,Postintervention,D,passive,Randomized controlled trial,140.0,9.21,3.95,138.0,13.06,6.04,,Mindfulness,Control,Norway,no,1.universal,15,293,Low,High,High,High,Some,N,Y
DeVibe 2013,Mental wellbeing,Subjective well-being scale 4 item version,Wellbeing,Postintervention,U,passive,Randomized controlled trial,144.0,6.8,1.4,144.0,6.1,1.8,,Mindfulness,Control,Norway,no,1.universal,15,293,Low,High,High,High,Some,N,Y
DeVibe 2013,Mindfulness,FFMQ subscales,Mindfulness,Postintervention,U,passive,Randomized controlled trial,140.0,130.27857,16.172215,138.0,127.76812,15.448662,,Mindfulness,Control,Norway,no,1.universal,15,293,Low,High,High,High,Some,N,Y
DeVibe 2013,Real life functioning,MBI,Burnout,Postintervention,D,passive,Randomized controlled trial,144.0,32.9,12.1,144.0,34.4,11.2,,Mindfulness,Control,Norway,no,1.universal,15,293,Low,High,High,High,Some,N,Y
Dvorakova 2017,Anxiety,GAD-7,Anxiety,Baseline,D,passive,Randomized controlled trial,55.0,7.8,4.82,54.0,6.41,5.24,,Mindfulness,Control,US,yes,1.universal,11,109,Some,High,Low,High,Some,N,NR
Dvorakova 2017,Anxiety,GAD-7,Anxiety,Postintervention,D,passive,Randomized controlled trial,52.0,5.94,4.38,53.0,6.71,4.64,arm1.n=assumed-by-review-authors;arm2.n=assumed-by-review-authors,Mindfulness,Control,US,yes,1.universal,11,109,Some,High,Low,High,Some,N,NR
Dvorakova 2017,Depression,PHQ,Depression,Baseline,D,passive,Randomized controlled trial,55.0,7.36,4.26,54.0,6.31,4.78,,Mindfulness,Control,US,yes,1.universal,11,109,Some,High,Low,High,Some,N,NR
Dvorakova 2017,Depression,PHQ,Depression,Postintervention,D,passive,Randomized controlled trial,52.0,6.06,5.0,53.0,7.33,5.36,arm1.n=assumed-by-review-authors;arm2.n=assumed-by-review-authors,Mindfulness,Control,US,yes,1.universal,11,109,Some,High,Low,High,Some,N,NR
Dvorakova 2017,Mental wellbeing,Satisfaction with Life Scale SWLS,Life satisfaction,Baseline,U,passive,Randomized controlled trial,55.0,21.76,7.52,54.0,22.67,6.95,,Mindfulness,Control,US,yes,1.universal,11,109,Some,High,Low,High,Some,N,NR
Dvorakova 2017,Mental wellbeing,Satisfaction with Life Scale SWLS,Life satisfaction,Postintervention,U,passive,Randomized controlled trial,52.0,23.43,7.11,53.0,21.27,7.65,arm1.n=assumed-by-review-authors;arm2.n=assumed-by-review-authors,Mindfulness,Control,US,yes,1.universal,11,109,Some,High,Low,High,Some,N,NR
Dvorakova 2017,Mindfulness,MAAS,Mindfulness,Baseline,U,passive,Randomized controlled trial,55.0,4.03,1.02,54.0,4.15,1.0,,Mindfulness,Control,US,yes,1.universal,11,109,Some,High,Low,High,Some,N,NR
Dvorakova 2017,Mindfulness,MAAS,Mindfulness,Postintervention,U,passive,Randomized controlled trial,52.0,4.18,1.03,53.0,4.36,1.04,arm1.n=assumed-by-review-authors;arm2.n=assumed-by-review-authors,Mindfulness,Control,US,yes,1.universal,11,109,Some,High,Low,High,Some,N,NR
Dvorakova 2017,Psychosomatic outcomes,PSQI,Sleep,Baseline,D,passive,Randomized controlled trial,55.0,6.18,3.22,54.0,5.02,2.53,,Mindfulness,Control,US,yes,1.universal,11,109,Some,High,Low,High,Some,N,NR
Dvorakova 2017,Psychosomatic outcomes,PSQI,Sleep,Postintervention,D,passive,Randomized controlled trial,52.0,5.58,2.66,53.0,6.02,3.41,arm1.n=assumed-by-review-authors;arm2.n=assumed-by-review-authors,Mindfulness,Control,US,yes,1.universal,11,109,Some,High,Low,High,Some,N,NR
Dvorakova 2017,Relationship with self,SCS,Self-compassion,Baseline,U,passive,Randomized controlled trial,55.0,2.77,0.72,54.0,2.98,0.74,,Mindfulness,Control,US,yes,1.universal,11,109,Some,High,Low,High,Some,N,NR
Dvorakova 2017,Relationship with self,SCS,Self-compassion,Postintervention,U,passive,Randomized controlled trial,52.0,3.02,0.8,53.0,3.1,0.75,arm1.n=assumed-by-review-authors;arm2.n=assumed-by-review-authors,Mindfulness,Control,US,yes,1.universal,11,109,Some,High,Low,High,Some,N,NR
Dziok 2010,Anxiety,Spielberger Anxiety Scale State and Trait,Anxiety,1-6months,D,passive,Randomized controlled trial,23.0,36.7,9.3,6.0,46.5,12.4,arm1.n=assumed-by-review-authors;arm2.n=assumed-by-review-authors,Mindfulness,Control,US,yes,1.universal,12,52,Some,High,High,High,Some,NR,N
Dziok 2010,Anxiety,Spielberger Anxiety Scale State and Trait,Anxiety,Baseline,D,passive,Randomized controlled trial,39.0,40.0,11.0,13.0,39.3,13.5,,Mindfulness,Control,US,yes,1.universal,12,52,Some,High,High,High,Some,NR,N
Dziok 2010,Depression,CES-D,Depression,1-6months,D,passive,Randomized controlled trial,23.0,12.3,9.6,6.0,18.4,13.1,arm1.n=assumed-by-review-authors;arm2.n=assumed-by-review-authors,Mindfulness,Control,US,yes,1.universal,12,52,Some,High,High,High,Some,NR,N
Dziok 2010,Depression,CES-D,Depression,Baseline,D,passive,Randomized controlled trial,39.0,16.9,9.9,13.0,10.1,12.1,,Mindfulness,Control,US,yes,1.universal,12,52,Some,High,High,High,Some,NR,N
Esch 2017,Cognitive functioning,Attention Network Test (ANT),Attention,Baseline,D,passive,Randomized controlled trial,16.0,499.0,76.7,15.0,493.0,81.8,,Mindfulness,Control,Germany,no,1.universal,7.5,32,Low,High,Low,High,Some,N,Y
Esch 2017,Cognitive functioning,Attention Network Test (ANT),Attention,Postintervention,D,passive,Randomized controlled trial,16.0,474.0,60.9,15.0,467.0,47.4,,Mindfulness,Control,Germany,no,1.universal,7.5,32,Low,High,Low,High,Some,N,Y
Esch 2017,Mindfulness,Freiburg Mindfulness Inventory,Mindfulness (trait),Baseline,U,passive,Randomized controlled trial,16.0,37.0,4.5,15.0,37.9,6.42,,Mindfulness,Control,Germany,no,1.universal,7.5,32,Low,High,Low,High,Some,N,Y
Esch 2017,Mindfulness,Freiburg Mindfulness Inventory,Mindfulness (trait),Postintervention,U,passive,Randomized controlled trial,16.0,37.9,2.98,15.0,38.3,6.32,,Mindfulness,Control,Germany,no,1.universal,7.5,32,Low,High,Low,High,Some,N,Y
Flook 2013,Cognitive functioning,Rapid Visual Information Processing task,Attention,Baseline,U,passive,Randomized controlled trial,10.0,0.91,0.07,8.0,0.91,0.02,,mMBSR Training,Waitlist control,US,yes,2.selective,26,18,Some,High,High,High,Some,NR,NR
Flook 2013,Cognitive functioning,Rapid Visual Information Processing task,Attention,Postintervention,U,passive,Randomized controlled trial,10.0,0.94,0.05,8.0,0.94,0.04,arm1.n=assumed-by-review-authors;arm2.n=assumed-by-review-authors,mMBSR Training,Waitlist control,US,yes,2.selective,26,18,Some,High,High,High,Some,NR,NR
Flook 2013,Distress,SCL-90-R,Psychological distress,Baseline,D,passive,Randomized controlled trial,10.0,53.3,7.47,8.0,53.88,4.16,,mMBSR Training,Waitlist control,US,yes,2.selective,26,18,Some,High,High,High,Some,NR,NR
Flook 2013,Distress,SCL-90-R,Psychological distress,Postintervention,D,passive,Randomized controlled trial,10.0,45.5,7.89,8.0,49.88,8.61,arm1.n=assumed-by-review-authors;arm2.n=assumed-by-review-authors,mMBSR Training,Waitlist control,US,yes,2.selective,26,18,Some,High,High,High,Some,NR,NR
Flook 2013,Mindfulness,FFMQ,Mindfulness,Baseline,U,passive,Randomized controlled trial,10.0,133.9,15.68536082,8.0,160.01,14.18894626,,mMBSR Training,Waitlist control,US,yes,2.selective,26,18,Some,High,High,High,Some,NR,NR
Flook 2013,Mindfulness,FFMQ,Mindfulness,Postintervention,U,passive,Randomized controlled trial,10.0,147.7,12.59878106,8.0,140.77,16.96601569,arm1.n=assumed-by-review-authors;arm2.n=assumed-by-review-authors,mMBSR Training,Waitlist control,US,yes,2.selective,26,18,Some,High,High,High,Some,NR,NR
Flook 2013,Real life functioning,CLASS emotional support subscale,Classroom behaviour,Baseline,U,passive,Randomized controlled trial,10.0,4.92,0.57,8.0,5.38,0.49,,mMBSR Training,Waitlist control,US,yes,2.selective,26,18,Some,High,High,High,Some,NR,NR
Flook 2013,Real life functioning,CLASS emotional support subscale,Classroom behaviour,Postintervention,U,passive,Randomized controlled trial,10.0,5.25,0.76,8.0,5.05,0.7,,mMBSR Training,Waitlist control,US,yes,2.selective,26,18,Some,High,High,High,Some,NR,NR
Flook 2013,Relationship with self,SCS only shared humanity subscale reported,Self-compassion,Baseline,U,passive,Randomized controlled trial,10.0,3.35,1.02,8.0,3.38,0.81,,mMBSR Training,Waitlist control,US,yes,2.selective,26,18,Some,High,High,High,Some,NR,NR
Flook 2013,Relationship with self,SCS only shared humanity subscale reported,Self-compassion,Postintervention,U,passive,Randomized controlled trial,10.0,4.08,0.76,8.0,3.31,0.83,arm1.n=assumed-by-review-authors;arm2.n=assumed-by-review-authors,mMBSR Training,Waitlist control,US,yes,2.selective,26,18,Some,High,High,High,Some,NR,NR
Galante 2018,Distress,Clinical Outcomes in Routine Evaluation Measure,Psychological distress,1-6months,D,passive,Randomized controlled trial,263.0,0.89,0.52,243.0,1.1,0.56,,Mindfulness,Control,UK,no,1.universal,11,670,Low,Some,Low,High,Low,N,N
Galante 2018,Distress,Clinical Outcomes in Routine Evaluation Measure,Psychological distress,6+months,D,passive,Randomized controlled trial,188.0,0.82,0.51,191.0,0.92,0.55,,Mindfulness,Control,UK,no,1.universal,11,670,Low,Some,Low,High,Low,N,N
Galante 2018,Distress,Clinical Outcomes in Routine Evaluation Measure,Psychological distress,Baseline,D,passive,Randomized controlled trial,336.0,1.01,0.55,332.0,0.97,0.52,,Mindfulness,Control,UK,no,1.universal,11,670,Low,Some,Low,High,Low,N,N
Galante 2018,Distress,Clinical Outcomes in Routine Evaluation Measure,Psychological distress,Postintervention,D,passive,Randomized controlled trial,280.0,0.89,0.55,254.0,1.03,0.55,,Mindfulness,Control,UK,no,1.universal,11,670,Low,Some,Low,High,Low,N,N
Galante 2018,Mental wellbeing,WEMWBS,Wellbeing,1-6months,U,passive,Randomized controlled trial,261.0,48.71,9.21,241.0,46.44,9.03,,Mindfulness,Control,UK,no,1.universal,11,670,Low,Some,Low,High,Low,N,N
Galante 2018,Mental wellbeing,WEMWBS,Wellbeing,6+months,U,passive,Randomized controlled trial,187.0,50.93,9.61,189.0,48.92,8.97,,Mindfulness,Control,UK,no,1.universal,11,670,Low,Some,Low,High,Low,N,N
Galante 2018,Mental wellbeing,WEMWBS,Wellbeing,Baseline,U,passive,Randomized controlled trial,334.0,48.01,8.75,334.0,48.72,8.5,,Mindfulness,Control,UK,no,1.universal,11,670,Low,Some,Low,High,Low,N,N
Galante 2018,Mental wellbeing,WEMWBS,Wellbeing,Postintervention,U,passive,Randomized controlled trial,278.0,49.71,9.02,248.0,47.14,9.29,,Mindfulness,Control,UK,no,1.universal,11,670,Low,Some,Low,High,Low,N,N
Giannandrea 2018,Cognitive functioning,Sustained Attention to Response Task errors,Sustained attention,Baseline,D,passive,Randomized controlled trial,20.0,13.25,10.73,17.0,11.88,8.88,,Mindfulness,Control,Italy,no,1.universal,,60,Some,High,High,High,Some,N,Y
Giannandrea 2018,Cognitive functioning,Sustained Attention to Response Task errors,Sustained attention,Postintervention,D,passive,Randomized controlled trial,20.0,8.3,8.48,17.0,11.76,8.37,,Mindfulness,Control,Italy,no,1.universal,,60,Some,High,High,High,Some,N,Y
Giannandrea 2018,Mindfulness,FFMQ italian,Mindfulness,Baseline,U,passive,Randomized controlled trial,20.0,134.39,16.98,17.0,134.89,15.63,,Mindfulness,Control,Italy,no,1.universal,,60,Some,High,High,High,Some,N,Y
Giannandrea 2018,Mindfulness,FFMQ italian,Mindfulness,Postintervention,U,passive,Randomized controlled trial,20.0,147.65,14.53,17.0,139.89,13.99,,Mindfulness,Control,Italy,no,1.universal,,60,Some,High,High,High,Some,N,Y
Glass 2019,Anxiety,DASS-21,Anxiety,Baseline,D,passive,Randomized controlled trial,23.0,4.09,3.36,29.0,3.17,2.54,,Mindfulness,Control,US,yes,1.universal,4.5,57,Some,High,High,High,Some,N,Y
Glass 2019,Anxiety,DASS-21,Anxiety,Postintervention,D,passive,Randomized controlled trial,23.0,3.04,3.66,29.0,2.9,2.32,,Mindfulness,Control,US,yes,1.universal,4.5,57,Some,High,High,High,Some,N,Y
Glass 2019,Depression,DASS-21,Depression,Baseline,D,passive,Randomized controlled trial,23.0,2.48,2.76,29.0,2.0,2.24,,Mindfulness,Control,US,yes,1.universal,4.5,57,Some,High,High,High,Some,N,Y
Glass 2019,Depression,DASS-21,Depression,Postintervention,D,passive,Randomized controlled trial,23.0,1.91,2.59,29.0,3.24,2.9,,Mindfulness,Control,US,yes,1.universal,4.5,57,Some,High,High,High,Some,N,Y
Glass 2019,Distress,DASS-21,Stress,Baseline,D,passive,Randomized controlled trial,23.0,5.3,3.56,29.0,5.28,3.6,,Mindfulness,Control,US,yes,1.universal,4.5,57,Some,High,High,High,Some,N,Y
Glass 2019,Distress,DASS-21,Stress,Postintervention,D,passive,Randomized controlled trial,23.0,5.39,3.9,29.0,5.0,2.95,,Mindfulness,Control,US,yes,1.universal,4.5,57,Some,High,High,High,Some,N,Y
Glass 2019,Mental wellbeing,Satisfaction with Life Scale SWLS,Life satisfaction,Baseline,U,passive,Randomized controlled trial,23.0,28.7,3.61,29.0,27.31,4.78,,Mindfulness,Control,US,yes,1.universal,4.5,57,Some,High,High,High,Some,N,Y
Glass 2019,Mental wellbeing,Satisfaction with Life Scale SWLS,Life satisfaction,Postintervention,U,passive,Randomized controlled trial,23.0,28.22,4.02,29.0,27.21,4.39,,Mindfulness,Control,US,yes,1.universal,4.5,57,Some,High,High,High,Some,N,Y
Glass 2019,Mindfulness,FFMQ,Mindfulness,Baseline,U,passive,Randomized controlled trial,23.0,108.57,11.65,29.0,114.72,11.28,,Mindfulness,Control,US,yes,1.universal,4.5,57,Some,High,High,High,Some,N,Y
Glass 2019,Mindfulness,FFMQ,Mindfulness,Postintervention,U,passive,Randomized controlled trial,23.0,105.87,15.13,29.0,111.48,13.22,,Mindfulness,Control,US,yes,1.universal,4.5,57,Some,High,High,High,Some,N,Y
Grandpierre 2013,Cognitive functioning,mind wandering task modified,Mind wandering,Baseline,D,passive,Randomized controlled trial,20.0,9.25,1.83,20.0,9.74,1.76,,Mindfulness,Control,Canada,no,2.selective,9,40,Some,High,High,High,Some,NR,Y
Grandpierre 2013,Cognitive functioning,mind wandering task modified,Mind wandering,Postintervention,D,passive,Randomized controlled trial,20.0,8.85,1.81,20.0,9.32,1.94,,Mindfulness,Control,Canada,no,2.selective,9,40,Some,High,High,High,Some,NR,Y
Grandpierre 2013,Distress,DASS total (also subscales reported),Stress,Baseline,D,passive,Randomized controlled trial,20.0,43.5,20.82,20.0,44.8,24.04,,Mindfulness,Control,Canada,no,2.selective,9,40,Some,High,High,High,Some,NR,Y
Grandpierre 2013,Distress,DASS total (also subscales reported),Stress,Postintervention,D,passive,Randomized controlled trial,20.0,37.6,16.64,20.0,45.7,25.04,,Mindfulness,Control,Canada,no,2.selective,9,40,Some,High,High,High,Some,NR,Y
Grandpierre 2013,Real life functioning,LASSI subscales,Academic functioning,Baseline,U,passive,Randomized controlled trial,20.0,17.85,5.69,20.0,19.05,5.09,,Mindfulness,Control,Canada,no,2.selective,9,40,Some,High,High,High,Some,NR,Y
Grandpierre 2013,Real life functioning,LASSI subscales,Academic functioning,Postintervention,U,passive,Randomized controlled trial,20.0,19.8,5.01,20.0,17.4,4.63,,Mindfulness,Control,Canada,no,2.selective,9,40,Some,High,High,High,Some,NR,Y
Greenberg 2010,Cognitive functioning,Competitor Rule Suppression,Task switching,Baseline,D,passive,Randomized controlled trial,36.0,855.0,39.0,36.0,853.0,39.0,arm1.n=assumed-by-review-authors;arm2.n=assumed-by-review-authors,Mindfulness,Control,Israel,no,1.universal,18,76,Some,High,High,Some,Some,N,Y
Greenberg 2010,Cognitive functioning,Competitor Rule Suppression,Task switching,Postintervention,D,passive,Randomized controlled trial,32.0,645.0,35.0,33.0,677.0,35.0,,Mindfulness,Control,Israel,no,1.universal,18,76,Some,High,High,Some,Some,N,Y
Greeson 2014,Distress,PSS-10,Perceived Stress,Baseline,D,passive,Randomized controlled trial,45.0,23.71,5.65,45.0,25.66,5.65,,Mindfulness,Control,US,yes,1.universal,5,90,Some,High,Some,High,Some,NR,NR
Greeson 2014,Distress,PSS-10,Perceived Stress,Postintervention,D,passive,Randomized controlled trial,45.0,20.43,6.2,45.0,25.04,5.96,,Mindfulness,Control,US,yes,1.universal,5,90,Some,High,Some,High,Some,NR,NR
Greeson 2014,Mindfulness,Cognitive and Affective Mindfulness Scale-Revised (CAMS-R),Mindfulness,Baseline,U,passive,Randomized controlled trial,45.0,28.69,5.63,45.0,27.22,5.63,,Mindfulness,Control,US,yes,1.universal,5,90,Some,High,Some,High,Some,NR,NR
Greeson 2014,Mindfulness,Cognitive and Affective Mindfulness Scale-Revised (CAMS-R),Mindfulness,Postintervention,U,passive,Randomized controlled trial,45.0,33.77,6.06,45.0,26.79,5.87,,Mindfulness,Control,US,yes,1.universal,5,90,Some,High,Some,High,Some,NR,NR
Greeson 2014,Psychosomatic outcomes,Medical Outcome Study Sleep sub Scale (MOS SLP9),Sleep,Baseline,D,passive,Randomized controlled trial,45.0,41.36,16.21,45.0,42.91,16.21,,Mindfulness,Control,US,yes,1.universal,5,90,Some,High,Some,High,Some,NR,NR
Greeson 2014,Psychosomatic outcomes,Medical Outcome Study Sleep sub Scale (MOS SLP9),Sleep,Postintervention,D,passive,Randomized controlled trial,45.0,32.52,18.06,45.0,42.84,17.23,,Mindfulness,Control,US,yes,1.universal,5,90,Some,High,Some,High,Some,NR,NR
Greeson 2014,Relationship with self,SCS-26,Self-compassion,Baseline,U,passive,Randomized controlled trial,45.0,2.73,0.66,45.0,2.61,0.66,,Mindfulness,Control,US,yes,1.universal,5,90,Some,High,Some,High,Some,NR,NR
Greeson 2014,Relationship with self,SCS-26,Self-compassion,Postintervention,U,passive,Randomized controlled trial,45.0,3.25,0.7,45.0,2.62,0.68,,Mindfulness,Control,US,yes,1.universal,5,90,Some,High,Some,High,Some,NR,NR
Haarig 2016,Depression,BDI-II,Depression,1-6months,D,passive,Randomized controlled trial,14.0,7.1,6.8,14.0,15.6,10.5,,Mindfulness,Control,Germany,no,1.universal,12,28,Some,High,Low,High,Some,NR,Y
Haarig 2016,Depression,BDI-II,Depression,Baseline,D,passive,Randomized controlled trial,14.0,13.7,6.8,14.0,15.1,11.2,,Mindfulness,Control,Germany,no,1.universal,12,28,Some,High,Low,High,Some,NR,Y
Haarig 2016,Depression,BDI-II,Depression,Postintervention,D,passive,Randomized controlled trial,14.0,7.3,7.1,14.0,17.6,13.4,,Mindfulness,Control,Germany,no,1.universal,12,28,Some,High,Low,High,Some,NR,Y
Haarig 2016,Mindfulness,FFMQ-D German version,mindfulness,1-6months,U,passive,Randomized controlled trial,14.0,135.0,16.8,14.0,118.4,24.7,,Mindfulness,Control,Germany,no,1.universal,12,28,Some,High,Low,High,Some,NR,Y
Haarig 2016,Mindfulness,FFMQ-D German version,mindfulness,Baseline,U,passive,Randomized controlled trial,14.0,126.4,18.9,14.0,118.1,24.9,,Mindfulness,Control,Germany,no,1.universal,12,28,Some,High,Low,High,Some,NR,Y
Haarig 2016,Mindfulness,FFMQ-D German version,mindfulness,Postintervention,U,passive,Randomized controlled trial,14.0,137.4,14.5,14.0,116.29,24.7,,Mindfulness,Control,Germany,no,1.universal,12,28,Some,High,Low,High,Some,NR,Y
Haarig 2016,Real life functioning,,Coping with stress- SVF -78 (German scale validated for func,1-6months,D,passive,Randomized controlled trial,14.0,48.9,8.3,14.0,60.8,12.7,,Mindfulness,Control,Germany,no,1.universal,12,28,Some,High,Low,High,Some,NR,Y
Haarig 2016,Real life functioning,,Coping with stress- SVF -78 (German scale validated for func,Baseline,D,passive,Randomized controlled trial,14.0,56.2,12.0,14.0,62.2,12.2,,Mindfulness,Control,Germany,no,1.universal,12,28,Some,High,Low,High,Some,NR,Y
Haarig 2016,Real life functioning,,Coping with stress- SVF -78 (German scale validated for func,Postintervention,D,passive,Randomized controlled trial,14.0,48.7,8.7,14.0,62.1,12.6,,Mindfulness,Control,Germany,no,1.universal,12,28,Some,High,Low,High,Some,NR,Y
Huang 2015,Distress,,Perceived Stress Scale,1-6months,D,passive,Randomized controlled trial,72.0,10.8,5.4,72.0,13.3,6.2,,Mindfulness,Control,Taiwan,no,1.universal,16,144,Low,High,Low,High,Some,N,Y
Huang 2015,Distress,,Perceived Stress Scale,Baseline,D,passive,Randomized controlled trial,72.0,15.4,5.5,72.0,15.1,5.4,,Mindfulness,Control,Taiwan,no,1.universal,16,144,Low,High,Low,High,Some,N,Y
Huang 2015,Distress,,Perceived Stress Scale,Postintervention,D,passive,Randomized controlled trial,72.0,9.1,5.4,72.0,13.7,6.7,,Mindfulness,Control,Taiwan,no,1.universal,16,144,Low,High,Low,High,Some,N,Y
Hwang 2019,Distress,PSS-10,Perceived Stress,1-6months,D,passive,Cluster randomized controlled trial,55.0,29.59,3.81,69.0,31.33,3.9,,Mindfulness,Control,Australia,no,2.selective,12,185,Some,Some,Some,High,Some,N,NR
Hwang 2019,Distress,PSS-10,Perceived Stress,Baseline,D,passive,Cluster randomized controlled trial,85.0,31.22,3.46,100.0,31.16,3.22,,Mindfulness,Control,Australia,no,2.selective,12,185,Some,Some,Some,High,Some,N,NR
Hwang 2019,Distress,PSS-10,Perceived Stress,Postintervention,D,passive,Cluster randomized controlled trial,83.0,28.96,4.75,83.0,30.67,3.69,,Mindfulness,Control,Australia,no,2.selective,12,185,Some,Some,Some,High,Some,N,NR
Hwang 2019,Mindfulness,FFMQ,Mindfulness,1-6months,U,passive,Cluster randomized controlled trial,55.0,54.66,4.89,69.0,53.35,4.45,,Mindfulness,Control,Australia,no,2.selective,12,185,Some,Some,Some,High,Some,N,NR
Hwang 2019,Mindfulness,FFMQ,Mindfulness,Baseline,U,passive,Cluster randomized controlled trial,85.0,52.89,4.14,100.0,54.08,4.48,,Mindfulness,Control,Australia,no,2.selective,12,185,Some,Some,Some,High,Some,N,NR
Hwang 2019,Mindfulness,FFMQ,Mindfulness,Postintervention,U,passive,Cluster randomized controlled trial,83.0,54.75,4.6,83.0,53.48,3.62,,Mindfulness,Control,Australia,no,2.selective,12,185,Some,Some,Some,High,Some,N,NR
Hwang 2019,Psychosomatic outcomes,PSQI,Sleep,1-6months,D,passive,Cluster randomized controlled trial,55.0,12.0,5.66,69.0,13.84,6.67,,Mindfulness,Control,Australia,no,2.selective,12,185,Some,Some,Some,High,Some,N,NR
Hwang 2019,Psychosomatic outcomes,PSQI,Sleep,Baseline,D,passive,Cluster randomized controlled trial,85.0,12.45,5.29,100.0,13.52,6.82,,Mindfulness,Control,Australia,no,2.selective,12,185,Some,Some,Some,High,Some,N,NR
Hwang 2019,Psychosomatic outcomes,PSQI,Sleep,Postintervention,D,passive,Randomized controlled trial,83.0,11.09,5.42,83.0,15.73,14.35,,Mindfulness,Control,Australia,no,2.selective,12,185,Some,Some,Some,High,Some,N,NR
Hwang 2019,Real life functioning,Teachers’ Sense of Efficacy Scale (TSES)-Short Form,Teacher Efficacy,1-6months,U,passive,Cluster randomized controlled trial,55.0,21.04,3.29,69.0,22.25,3.58,,Mindfulness,Control,Australia,no,2.selective,12,185,Some,Some,Some,High,Some,N,NR
Hwang 2019,Real life functioning,Teachers’ Sense of Efficacy Scale (TSES)-Short Form,Teacher Efficacy,Baseline,U,passive,Cluster randomized controlled trial,85.0,20.56,3.74,100.0,21.91,3.05,,Mindfulness,Control,Australia,no,2.selective,12,185,Some,Some,Some,High,Some,N,NR
Hwang 2019,Real life functioning,Teachers’ Sense of Efficacy Scale (TSES)-Short Form,Teacher Efficacy,Postintervention,U,passive,Randomized controlled trial,83.0,21.82,2.88,83.0,22.57,3.32,,Mindfulness,Control,Australia,no,2.selective,12,185,Some,Some,Some,High,Some,N,NR
Hwang 2019,Relationship with self,SCS-12,Self-compassion,1-6months,U,passive,Cluster randomized controlled trial,55.0,3.24,0.61,69.0,3.09,0.75,,Mindfulness,Control,Australia,no,2.selective,12,185,Some,Some,Some,High,Some,N,NR
Hwang 2019,Relationship with self,SCS-12,Self-compassion,Baseline,U,passive,Cluster randomized controlled trial,85.0,2.9,0.68,100.0,2.89,0.7,,Mindfulness,Control,Australia,no,2.selective,12,185,Some,Some,Some,High,Some,N,NR
Hwang 2019,Relationship with self,SCS-12,Self-compassion,Postintervention,U,passive,Randomized controlled trial,83.0,3.22,0.7,83.0,3.01,0.66,,Mindfulness,Control,Australia,no,2.selective,12,185,Some,Some,Some,High,Some,N,NR
Kang 2009,Depression,BDI Korean,Depression,Baseline,D,passive,Randomized controlled trial,16.0,9.93,5.25,16.0,6.92,5.15,,Mindfulness,Control,South Korea,no,1.universal,14,41,Low,High,High,High,Some,NR,Y
Kang 2009,Depression,BDI Korean,Depression,Postintervention,D,passive,Randomized controlled trial,16.0,4.56,3.42,16.0,7.88,5.73,,Mindfulness,Control,South Korea,no,1.universal,14,41,Low,High,High,High,Some,NR,Y
Kang 2009,Distress,psychosocial wellbeing index-short form (PWI-SF),Stress,Baseline,U,passive,Randomized controlled trial,16.0,23.69,5.12,16.0,19.5,5.7,,Mindfulness,Control,South Korea,no,1.universal,14,41,Low,High,High,High,Some,NR,Y
Kang 2009,Distress,psychosocial wellbeing index-short form (PWI-SF),Stress,Postintervention,U,passive,Randomized controlled trial,16.0,17.27,5.18,16.0,21.4,7.47,,Mindfulness,Control,South Korea,no,1.universal,14,41,Low,High,High,High,Some,NR,Y
Kaviani 2008,Anxiety,BAI,Anxiety,1-6months,D,passive,Randomized controlled trial,14.0,11.34,3.2,15.0,19.87,4.1,,Mindfulness,Control,Iran,no,3.indicated,20,30,Some,High,Low,High,Some,NR,NR
Kaviani 2008,Anxiety,BAI,Anxiety,Baseline,D,passive,Randomized controlled trial,14.0,22.1,4.3,15.0,21.0,3.4,,Mindfulness,Control,Iran,no,3.indicated,20,30,Some,High,Low,High,Some,NR,NR
Kaviani 2008,Anxiety,BAI,Anxiety,Postintervention,D,passive,Randomized controlled trial,14.0,12.98,2.9,15.0,21.43,3.7,,Mindfulness,Control,Iran,no,3.indicated,20,30,Some,High,Low,High,Some,NR,NR
Kaviani 2008,Depression,BDI,Depression,1-6months,D,passive,Randomized controlled trial,14.0,10.23,3.9,15.0,20.34,5.5,,Mindfulness,Control,Iran,no,3.indicated,20,30,Some,High,Low,High,Some,NR,NR
Kaviani 2008,Depression,BDI,Depression,Baseline,D,passive,Randomized controlled trial,14.0,20.55,5.2,15.0,21.09,3.7,,Mindfulness,Control,Iran,no,3.indicated,20,30,Some,High,Low,High,Some,NR,NR
Kaviani 2008,Depression,BDI,Depression,Postintervention,D,passive,Randomized controlled trial,14.0,15.98,4.0,15.0,18.21,2.9,,Mindfulness,Control,Iran,no,3.indicated,20,30,Some,High,Low,High,Some,NR,NR
Klatt 2017,Distress,PSS,Perceived Stress,Baseline,D,passive,Randomized controlled trial,27.0,19.0,5.46,30.0,16.23,6.78,,Mindfulness,Control,Denmark,no,1.universal,9,81,Some,High,Some,High,Some,N,Y
Klatt 2017,Distress,PSS,Perceived Stress,Postintervention,D,passive,Randomized controlled trial,27.0,14.07,4.92,30.0,16.17,7.39,,Mindfulness,Control,Denmark,no,1.universal,9,81,Some,High,Some,High,Some,N,Y
Klatt 2017,Psychosomatic outcomes,PSQI,Sleep,Baseline,D,passive,Randomized controlled trial,27.0,5.93,1.8,30.0,5.13,2.28,,Mindfulness,Control,Denmark,no,1.universal,9,81,Some,High,Some,High,Some,N,Y
Klatt 2017,Psychosomatic outcomes,PSQI,Sleep,Postintervention,D,passive,Randomized controlled trial,27.0,3.89,1.6,30.0,4.83,2.67,,Mindfulness,Control,Denmark,no,1.universal,9,81,Some,High,Some,High,Some,N,Y
Klatt 2017,Real life functioning,Utrecht Work Engagement Scale,Work engagement,Baseline,U,passive,Randomized controlled trial,26.0,4.55,0.76,30.0,4.59,0.68,,Mindfulness,Control,Denmark,no,1.universal,9,81,Some,High,Some,High,Some,N,Y
Klatt 2017,Real life functioning,Utrecht Work Engagement Scale,Work engagement,Postintervention,U,passive,Randomized controlled trial,26.0,4.71,0.78,30.0,4.57,0.66,,Mindfulness,Control,Denmark,no,1.universal,9,81,Some,High,Some,High,Some,N,Y
Kor 2019,Anxiety,HADS A Chinese,Anxiety,1-6months,D,passive,Randomized controlled trial,18.0,8.94,3.49,18.0,7.33,2.89,,Mindfulness,Control,China (HK),no,1.universal,14,36,Low,Some,Low,High,Low,NR,NR
Kor 2019,Anxiety,HADS A Chinese,Anxiety,Baseline,D,passive,Randomized controlled trial,18.0,9.89,5.66,18.0,7.44,4.25,,Mindfulness,Control,China (HK),no,1.universal,14,36,Low,Some,Low,High,Low,NR,NR
Kor 2019,Anxiety,HADS A Chinese,Anxiety,Postintervention,D,passive,Randomized controlled trial,18.0,7.5,4.46,18.0,8.06,2.58,,Mindfulness,Control,China (HK),no,1.universal,14,36,Low,Some,Low,High,Low,NR,NR
Kor 2019,Depression,CES-D Chinese,Depression,1-6months,D,passive,Randomized controlled trial,18.0,17.78,10.0,18.0,21.56,11.81,,Mindfulness,Control,China (HK),no,1.universal,14,36,Low,Some,Low,High,Low,NR,NR
Kor 2019,Depression,CES-D Chinese,Depression,Baseline,D,passive,Randomized controlled trial,18.0,23.44,14.58,18.0,19.0,12.44,,Mindfulness,Control,China (HK),no,1.universal,14,36,Low,Some,Low,High,Low,NR,NR
Kor 2019,Depression,CES-D Chinese,Depression,Postintervention,D,passive,Randomized controlled trial,18.0,15.11,12.17,18.0,18.28,10.45,,Mindfulness,Control,China (HK),no,1.universal,14,36,Low,Some,Low,High,Low,NR,NR
Kor 2019,Distress,PSS Chinese,Perceived stress,1-6months,D,passive,Randomized controlled trial,18.0,23.28,7.36,18.0,27.56,4.6,,Mindfulness,Control,China (HK),no,1.universal,14,36,Low,Some,Low,High,Low,NR,NR
Kor 2019,Distress,PSS Chinese,Perceived stress,Baseline,D,passive,Randomized controlled trial,18.0,29.22,9.1,18.0,26.83,5.64,,Mindfulness,Control,China (HK),no,1.universal,14,36,Low,Some,Low,High,Low,NR,NR
Kor 2019,Distress,PSS Chinese,Perceived stress,Postintervention,D,passive,Randomized controlled trial,18.0,24.1,8.12,18.0,25.89,5.23,,Mindfulness,Control,China (HK),no,1.universal,14,36,Low,Some,Low,High,Low,NR,NR
Kor 2019,Real life functioning,Zarit Burden Interview Chinese,Caregiver burden,1-6months,D,passive,Randomized controlled trial,18.0,31.94,12.55,18.0,43.07,11.75,,Mindfulness,Control,China (HK),no,1.universal,14,36,Low,Some,Low,High,Low,NR,NR
Kor 2019,Real life functioning,Zarit Burden Interview Chinese,Caregiver burden,Baseline,D,passive,Randomized controlled trial,18.0,44.22,17.78,18.0,43.39,13.54,,Mindfulness,Control,China (HK),no,1.universal,14,36,Low,Some,Low,High,Low,NR,NR
Kor 2019,Real life functioning,Zarit Burden Interview Chinese,Caregiver burden,Postintervention,D,passive,Randomized controlled trial,18.0,37.17,16.57,18.0,40.72,14.15,,Mindfulness,Control,China (HK),no,1.universal,14,36,Low,Some,Low,High,Low,NR,NR
Krick 2019,Distress,PANASX-N past few weeks,Negative affect,Baseline,D,passive,Randomized controlled trial,126.0,2.0,0.79,141.0,2.02,0.76,,Mindfulness,Control,Germany,no,1.universal,12,267,Some,Some,Low,High,Some,N,NR
Krick 2019,Distress,PANASX-N past few weeks,Negative affect,Postintervention,D,passive,Randomized controlled trial,126.0,1.62,0.51,141.0,2.12,0.72,,Mindfulness,Control,Germany,no,1.universal,12,267,Some,Some,Low,High,Some,N,NR
Krick 2019,Mindfulness,FFMQ German validation,Mindfulness,Baseline,U,passive,Randomized controlled trial,126.0,3.2,0.4,141.0,3.23,0.43,,Mindfulness,Control,Germany,no,1.universal,12,267,Some,Some,Low,High,Some,N,NR
Krick 2019,Mindfulness,FFMQ German validation,Mindfulness,Postintervention,U,passive,Randomized controlled trial,126.0,3.71,0.41,141.0,3.23,0.42,,Mindfulness,Control,Germany,no,1.universal,12,267,Some,Some,Low,High,Some,N,NR
Krick 2019,Relationship with self,Health-oriented Leadership instrument,Self-care,Baseline,U,passive,Randomized controlled trial,126.0,3.26,0.44,141.0,3.28,0.43,,Mindfulness,Control,Germany,no,1.universal,12,267,Some,Some,Low,High,Some,N,NR
Krick 2019,Relationship with self,Health-oriented Leadership instrument,Self-care,Postintervention,U,passive,Randomized controlled trial,126.0,4.23,0.32,141.0,3.3,0.34,,Mindfulness,Control,Germany,no,1.universal,12,267,Some,Some,Low,High,Some,N,NR
Lara-Cinisomo 2019,Anxiety,STAI trait,Anxiety,Baseline,D,passive,Randomized controlled trial,11.0,27.73,6.93,12.0,28.17,9.16,,Mindfulness,Control,US,yes,1.universal,16,23,Some,High,Low,High,Some,N,Y
Lara-Cinisomo 2019,Anxiety,STAI trait,Anxiety,Postintervention,D,passive,Randomized controlled trial,11.0,21.55,3.8,12.0,34.58,18.49,,Mindfulness,Control,US,yes,1.universal,16,23,Some,High,Low,High,Some,N,Y
Lara-Cinisomo 2019,Depression,PHQ-8,Depression,Baseline,D,passive,Randomized controlled trial,11.0,6.0,2.68,12.0,9.08,6.27,,Mindfulness,Control,US,yes,1.universal,16,23,Some,High,Low,High,Some,N,Y
Lara-Cinisomo 2019,Depression,PHQ-8,Depression,Postintervention,D,passive,Randomized controlled trial,11.0,5.0,4.4,12.0,7.75,5.33,,Mindfulness,Control,US,yes,1.universal,16,23,Some,High,Low,High,Some,N,Y
Lara-Cinisomo 2019,Distress,PSS-14,Perceived Stress,Baseline,D,passive,Randomized controlled trial,11.0,18.09,6.38,12.0,19.33,8.34,,Mindfulness,Control,US,yes,1.universal,16,23,Some,High,Low,High,Some,N,Y
Lara-Cinisomo 2019,Distress,PSS-14,Perceived Stress,Postintervention,D,passive,Randomized controlled trial,11.0,12.45,4.76,12.0,19.75,7.17,,Mindfulness,Control,US,yes,1.universal,16,23,Some,High,Low,High,Some,N,Y
Lara-Cinisomo 2019,Mindfulness,FFMQ,Mindfulness,Baseline,U,passive,Randomized controlled trial,11.0,135.01,19.35,12.0,131.38,20.08,,Mindfulness,Control,US,yes,1.universal,16,23,Some,High,Low,High,Some,N,Y
Lara-Cinisomo 2019,Mindfulness,FFMQ,Mindfulness,Postintervention,U,passive,Randomized controlled trial,11.0,152.08,16.99,12.0,130.83,21.28,,Mindfulness,Control,US,yes,1.universal,16,23,Some,High,Low,High,Some,N,Y
Lee 2010,Anxiety,SCL-90-R Anxiety subscale,Anxiety,Baseline,D,passive,Randomized controlled trial,30.0,20.33,7.81,30.0,22.37,8.37,,Mindfulness,Control,South Korea,no,1.universal,20,75,Some,High,High,High,Some,NR,Y
Lee 2010,Anxiety,SCL-90-R Anxiety subscale,Anxiety,Postintervention,D,passive,Randomized controlled trial,30.0,13.77,5.86,30.0,23.2,7.48,,Mindfulness,Control,South Korea,no,1.universal,20,75,Some,High,High,High,Some,NR,Y
Lee 2010,Depression,BDI,Depression,Baseline,D,passive,Randomized controlled trial,30.0,12.53,7.52,30.0,14.07,8.36,,Mindfulness,Control,South Korea,no,1.universal,20,75,Some,High,High,High,Some,NR,Y
Lee 2010,Depression,BDI,Depression,Postintervention,D,passive,Randomized controlled trial,30.0,5.9,6.96,30.0,13.2,8.14,,Mindfulness,Control,South Korea,no,1.universal,20,75,Some,High,High,High,Some,NR,Y
Lee 2010,Mental wellbeing,Psychological well-being scale (PWB-18),Psychological well-being,Baseline,U,passive,Randomized controlled trial,30.0,71.83,10.64,30.0,69.47,7.09,,Mindfulness,Control,South Korea,no,1.universal,20,75,Some,High,High,High,Some,NR,Y
Lee 2010,Mental wellbeing,Psychological well-being scale (PWB-18),Psychological well-being,Postintervention,U,passive,Randomized controlled trial,30.0,86.26,12.91,30.0,70.93,10.78,,Mindfulness,Control,South Korea,no,1.universal,20,75,Some,High,High,High,Some,NR,Y
Lee 2010,Mindfulness,Park scale,Mindfulness,Baseline,U,passive,Randomized controlled trial,30.0,45.1,16.69,30.0,49.46,17.6,,Mindfulness,Control,South Korea,no,1.universal,20,75,Some,High,High,High,Some,NR,Y
Lee 2010,Mindfulness,Park scale,Mindfulness,Postintervention,U,passive,Randomized controlled trial,30.0,56.6,11.64,30.0,47.36,16.04,,Mindfulness,Control,South Korea,no,1.universal,20,75,Some,High,High,High,Some,NR,Y
Lee 2010,Psychosomatic outcomes,Symptom Checklist-90-Revised somatization subscale,Somatization,Baseline,D,passive,Randomized controlled trial,30.0,21.2,6.46,30.0,23.63,8.25,,Mindfulness,Control,South Korea,no,1.universal,20,75,Some,High,High,High,Some,NR,Y
Lee 2010,Psychosomatic outcomes,Symptom Checklist-90-Revised somatization subscale,Somatization,Postintervention,D,passive,Randomized controlled trial,30.0,16.77,6.03,30.0,23.43,7.16,,Mindfulness,Control,South Korea,no,1.universal,20,75,Some,High,High,High,Some,NR,Y
Lee 2010,Relationship with self,SCS 26,Self-compassion,Baseline,U,passive,Randomized controlled trial,30.0,77.96,17.24,30.0,75.86,13.45,,Mindfulness,Control,South Korea,no,1.universal,20,75,Some,High,High,High,Some,NR,Y
Lee 2010,Relationship with self,SCS 26,Self-compassion,Postintervention,U,passive,Randomized controlled trial,30.0,87.83,16.97,30.0,71.93,14.37,,Mindfulness,Control,South Korea,no,1.universal,20,75,Some,High,High,High,Some,NR,Y
Li 2018,Mindfulness,FFMQ,Mindfulness,Baseline,U,passive,Randomized controlled trial,15.0,116.1,13.4,15.0,123.8,11.9,,Mindfulness,Control,China,no,1.universal,20,34,Some,High,High,High,Some,N,NR
Li 2018,Mindfulness,FFMQ,Mindfulness,Postintervention,U,passive,Randomized controlled trial,15.0,137.1,17.6,15.0,126.9,7.9,,Mindfulness,Control,China,no,1.universal,20,34,Some,High,High,High,Some,N,NR
Lin 2019,Distress,PSS-14,Perceived stress,1-6months,D,passive,Randomized controlled trial,44.0,36.68,6.79,46.0,39.67,5.24,,Mindfulness,Control,China,no,2.selective,16,110,Some,High,High,High,Some,N,NR
Lin 2019,Distress,PSS-14,Perceived stress,Baseline,D,passive,Randomized controlled trial,44.0,40.91,6.44,46.0,39.91,4.9,,Mindfulness,Control,China,no,2.selective,16,110,Some,High,High,High,Some,N,NR
Lin 2019,Distress,PSS-14,Perceived stress,Postintervention,D,passive,Randomized controlled trial,44.0,37.39,5.97,46.0,40.76,5.01,,Mindfulness,Control,China,no,2.selective,16,110,Some,High,High,High,Some,N,NR
Lin 2019,Mental wellbeing,PANAS time frame last week or 2 Chinese,Positive affect,1-6months,U,passive,Randomized controlled trial,44.0,33.21,7.38,46.0,29.0,5.62,,Mindfulness,Control,China,no,2.selective,16,110,Some,High,High,High,Some,N,NR
Lin 2019,Mental wellbeing,PANAS time frame last week or 2 Chinese,Positive affect,Baseline,U,passive,Randomized controlled trial,44.0,28.52,6.5,46.0,28.74,5.05,,Mindfulness,Control,China,no,2.selective,16,110,Some,High,High,High,Some,N,NR
Lin 2019,Mental wellbeing,PANAS time frame last week or 2 Chinese,Positive affect,Postintervention,U,passive,Randomized controlled trial,44.0,32.02,6.45,46.0,29.0,5.51,,Mindfulness,Control,China,no,2.selective,16,110,Some,High,High,High,Some,N,NR
Lin 2019,Real life functioning,Connor-Davidson Resilience Scale,Resilience,1-6months,U,passive,Randomized controlled trial,44.0,59.7,11.87,46.0,53.85,16.21,,Mindfulness,Control,China,no,2.selective,16,110,Some,High,High,High,Some,N,NR
Lin 2019,Real life functioning,Connor-Davidson Resilience Scale,Resilience,Baseline,U,passive,Randomized controlled trial,44.0,54.43,11.46,46.0,55.17,11.85,,Mindfulness,Control,China,no,2.selective,16,110,Some,High,High,High,Some,N,NR
Lin 2019,Real life functioning,Connor-Davidson Resilience Scale,Resilience,Postintervention,U,passive,Randomized controlled trial,44.0,57.98,11.58,46.0,55.11,12.8,,Mindfulness,Control,China,no,2.selective,16,110,Some,High,High,High,Some,N,NR
Liu 2013,Distress,Affect-balance Scale negative Chinese validated,Negative Affect,Baseline,D,passive,Randomized controlled trial,17.0,1.1,1.2,21.0,1.7,1.6,,Mindfulness,Control,China,no,1.universal,15,72,Some,High,High,High,Some,NR,NR
Liu 2013,Distress,Affect-balance Scale negative Chinese validated,Negative Affect,Postintervention,D,passive,Randomized controlled trial,17.0,0.7,0.8,21.0,2.2,1.4,,Mindfulness,Control,China,no,1.universal,15,72,Some,High,High,High,Some,NR,NR
Liu 2013,Mental wellbeing,Index of well-being Chinese validated,Wellbeing,Baseline,U,passive,Randomized controlled trial,17.0,10.8,1.5,21.0,10.3,1.5,,Mindfulness,Control,China,no,1.universal,15,72,Some,High,High,High,Some,NR,NR
Liu 2013,Mental wellbeing,Index of well-being Chinese validated,Wellbeing,Postintervention,U,passive,Randomized controlled trial,17.0,11.7,1.6,21.0,10.0,2.7,,Mindfulness,Control,China,no,1.universal,15,72,Some,High,High,High,Some,NR,NR
Liu 2013,Mindfulness,FFMQ validated in Chinese,Mindfulness,Baseline,U,passive,Randomized controlled trial,17.0,128.2,11.3,21.0,123.0,12.5,,Mindfulness,Control,China,no,1.universal,15,72,Some,High,High,High,Some,NR,NR
Liu 2013,Mindfulness,FFMQ validated in Chinese,Mindfulness,Postintervention,U,passive,Randomized controlled trial,17.0,143.4,14.5,21.0,122.7,12.7,,Mindfulness,Control,China,no,1.universal,15,72,Some,High,High,High,Some,NR,NR
Liu 2015,Mindfulness,FFMQ,Mindfulness,Baseline,U,passive,Randomized controlled trial,33.0,122.25,15.6,32.0,119.89,12.81,,Mindfulness,Control,China,no,1.universal,20,65,Some,High,High,High,Some,N,N
Liu 2015,Mindfulness,FFMQ,Mindfulness,Postintervention,U,passive,Randomized controlled trial,29.0,136.48,16.23,28.0,120.39,10.79,,Mindfulness,Control,China,no,1.universal,20,65,Some,High,High,High,Some,N,N
Lo 2017,Depression,CES-D,Depression,Baseline,D,passive,Randomized controlled trial,91.0,23.24,9.4,89.0,21.75,10.34,,Mindfulness,Control,China,no,2.selective,9,180,Some,High,Low,High,Some,NR,Y
Lo 2017,Depression,CES-D,Depression,Postintervention,D,passive,Randomized controlled trial,91.0,19.67,8.7,89.0,21.47,9.96,,Mindfulness,Control,China,no,2.selective,9,180,Some,High,Low,High,Some,NR,Y
Lo 2017,Distress,The Parenting Stress Index–Short Form,Stress,Baseline,D,passive,Randomized controlled trial,91.0,118.88,19.11,89.0,119.55,22.43,,Mindfulness,Control,China,no,2.selective,9,180,Some,High,Low,High,Some,NR,Y
Lo 2017,Distress,The Parenting Stress Index–Short Form,Stress,Postintervention,D,passive,Randomized controlled trial,91.0,112.4,19.45,89.0,117.74,21.02,,Mindfulness,Control,China,no,2.selective,9,180,Some,High,Low,High,Some,NR,Y
Lo 2017,Mindfulness,The Interpersonal Mindfulness in Parenting,The Interpersonal Mindfulness in Parenting,Baseline,U,passive,Randomized controlled trial,91.0,96.36,10.9,89.0,96.64,13.4,,Mindfulness,Control,China,no,2.selective,9,180,Some,High,Low,High,Some,NR,Y
Lo 2017,Mindfulness,The Interpersonal Mindfulness in Parenting,The Interpersonal Mindfulness in Parenting,Postintervention,U,passive,Randomized controlled trial,91.0,100.37,10.45,89.0,100.41,13.38,,Mindfulness,Control,China,no,2.selective,9,180,Some,High,Low,High,Some,NR,Y
Lynch 2018,Anxiety,HADS A,Anxiety,Baseline,D,passive,Randomized controlled trial,27.0,9.96,3.61,10.0,8.1,3.03,,Mindfulness,Control,UK,no,1.universal,16,38,Some,High,High,High,Some,Y,Y
Lynch 2018,Anxiety,HADS A,Anxiety,Postintervention,D,passive,Randomized controlled trial,17.0,7.88,3.6,8.0,10.75,3.92,,Mindfulness,Control,UK,no,1.universal,16,38,Some,High,High,High,Some,Y,Y
Lynch 2018,Depression,HADS D,Depression,Baseline,D,passive,Randomized controlled trial,28.0,3.93,2.39,10.0,4.7,2.5,,Mindfulness,Control,UK,no,1.universal,16,38,Some,High,High,High,Some,Y,Y
Lynch 2018,Depression,HADS D,Depression,Postintervention,D,passive,Randomized controlled trial,17.0,3.24,2.75,8.0,5.38,2.72,,Mindfulness,Control,UK,no,1.universal,16,38,Some,High,High,High,Some,Y,Y
Lynch 2018,Distress,PSS-10,Perceived stress,Baseline,D,passive,Randomized controlled trial,27.0,21.85,5.82,10.0,18.6,5.46,,Mindfulness,Control,UK,no,1.universal,16,38,Some,High,High,High,Some,Y,Y
Lynch 2018,Distress,PSS-10,Perceived stress,Postintervention,D,passive,Randomized controlled trial,17.0,14.89,7.75,8.0,21.5,7.37,,Mindfulness,Control,UK,no,1.universal,16,38,Some,High,High,High,Some,Y,Y
Lynch 2018,Mindfulness,FMI short form,Mindfulness,Baseline,U,passive,Randomized controlled trial,28.0,30.5,6.19,10.0,34.4,8.21,,Mindfulness,Control,UK,no,1.universal,16,38,Some,High,High,High,Some,Y,Y
Lynch 2018,Mindfulness,FMI short form,Mindfulness,Postintervention,U,passive,Randomized controlled trial,16.0,39.19,6.23,7.0,31.14,6.3,,Mindfulness,Control,UK,no,1.universal,16,38,Some,High,High,High,Some,Y,Y
Manotas 2014,Distress,PSS-14,Perceived stress,Baseline,D,passive,Randomized controlled trial,35.0,1.68,0.5,41.0,1.62,0.62,,Mindfulness,Control,Colombia,no,2.selective,8,131,Some,High,High,High,Some,NR,Y
Manotas 2014,Distress,PSS-14,Perceived stress,Postintervention,D,passive,Randomized controlled trial,35.0,1.17,0.4,41.0,1.57,0.7,,Mindfulness,Control,Colombia,no,2.selective,8,131,Some,High,High,High,Some,NR,Y
Manotas 2014,Mindfulness,FFMQ,Mindfulness,Baseline,U,passive,Randomized controlled trial,38.0,3.11,0.46,42.0,3.27,0.47,,Mindfulness,Control,Colombia,no,2.selective,8,131,Some,High,High,High,Some,NR,Y
Manotas 2014,Mindfulness,FFMQ,Mindfulness,Postintervention,U,passive,Randomized controlled trial,38.0,3.42,0.34,42.0,3.39,0.48,,Mindfulness,Control,Colombia,no,2.selective,8,131,Some,High,High,High,Some,NR,Y
Moynihan 2013,Cognitive functioning,Trail making test Trails B/A ratio,Executive control,Baseline,D,passive,Cluster randomized controlled trial,108.0,2.0,1.0,111.0,1.9,0.9,,Mindfulness,Control,US,yes,1.universal,21,219,High,High,Some,High,Some,NR,Y
Moynihan 2013,Depression,CES-D R,Depression,Baseline,D,passive,Cluster randomized controlled trial,108.0,5.9,6.8,111.0,4.1,6.3,,Mindfulness,Control,US,yes,1.universal,21,219,High,High,Some,High,Some,NR,Y
Moynihan 2013,Distress,PSS,Perceived stress,Baseline,D,passive,Cluster randomized controlled trial,108.0,13.0,6.3,111.0,11.0,6.7,,Mindfulness,Control,US,yes,1.universal,21,219,High,High,Some,High,Some,NR,Y
Moynihan 2013,Mental wellbeing,PANAS-P in last week,Positive affect,1-6months,U,passive,Cluster randomized controlled trial,100.0,34.63,8.07,100.0,34.36,7.24,,Mindfulness,Control,US,yes,1.universal,21,219,High,High,Some,High,Some,NR,Y
Moynihan 2013,Mental wellbeing,PANAS-P in last week,Positive affect,Baseline,U,passive,Cluster randomized controlled trial,100.0,34.36,7.47,100.0,35.05,7.07,,Mindfulness,Control,US,yes,1.universal,21,219,High,High,Some,High,Some,NR,Y
Moynihan 2013,Mental wellbeing,PANAS-P in last week,Positive affect,Postintervention,U,passive,Cluster randomized controlled trial,100.0,35.31,7.5,100.0,35.03,7.02,,Mindfulness,Control,US,yes,1.universal,21,219,High,High,Some,High,Some,NR,Y
Moynihan 2013,Mindfulness,MAAS,Mindfulness,Baseline,U,passive,Cluster randomized controlled trial,108.0,5.1,0.8,111.0,5.3,0.7,,Mindfulness,Control,US,yes,1.universal,21,219,High,High,Some,High,Some,NR,Y
Moynihan 2013,Psychosomatic outcomes,PSQI,Sleep,1-6months,D,passive,Cluster randomized controlled trial,100.0,5.44,3.32,100.0,5.1,3.6,,Mindfulness,Control,US,yes,1.universal,21,219,High,High,Some,High,Some,NR,Y
Moynihan 2013,Psychosomatic outcomes,PSQI,Sleep,Baseline,D,passive,Cluster randomized controlled trial,100.0,6.22,3.73,100.0,5.29,3.58,,Mindfulness,Control,US,yes,1.universal,21,219,High,High,Some,High,Some,NR,Y
Moynihan 2013,Psychosomatic outcomes,PSQI,Sleep,Postintervention,D,passive,Cluster randomized controlled trial,100.0,5.23,3.36,100.0,5.19,3.66,,Mindfulness,Control,US,yes,1.universal,21,219,High,High,Some,High,Some,NR,Y
Nyklicek 2008,Distress,, ,Baseline,D,passive,Randomized controlled trial,29.0,20.49,8.67,28.0,20.39,8.69,,Mindfulness,Control,Netherlands,no,3.indicated,26,60,Some,High,High,High,Some,NR,NR
Nyklicek 2008,Distress,, ,Postintervention,D,passive,Randomized controlled trial,29.0,14.68,9.21,28.0,17.13,9.21,,Mindfulness,Control,Netherlands,no,3.indicated,26,60,Some,High,High,High,Some,NR,NR
Nyklicek 2008,Mental wellbeing,, ,Baseline,U,passive,Randomized controlled trial,29.0,14.18,7.05,28.0,16.38,7.04,,Mindfulness,Control,Netherlands,no,3.indicated,26,60,Some,High,High,High,Some,NR,NR
Nyklicek 2008,Mental wellbeing,, ,Postintervention,U,passive,Randomized controlled trial,29.0,18.96,6.84,28.0,16.9,6.83,,Mindfulness,Control,Netherlands,no,3.indicated,26,60,Some,High,High,High,Some,NR,NR
Park 2016,Depression,Korean depression scale CES-D scale,Psychological depression,Baseline,D,passive,Randomized controlled trial,26.0,17.62,5.93,26.0,18.08,7.58,,Mindfulness,Control,South Korea,no,1.universal,16,60,Some,High,High,High,Some,N,N
Park 2016,Depression,Korean depression scale CES-D scale,Psychological depression,Postintervention,D,passive,Randomized controlled trial,26.0,12.69,6.87,26.0,17.77,7.52,,Mindfulness,Control,South Korea,no,1.universal,16,60,Some,High,High,High,Some,N,N
Park 2016,Distress,stress response inventory (Koh),Psychological stress,Baseline,D,passive,Randomized controlled trial,26.0,35.12,24.19,26.0,35.88,23.43,,Mindfulness,Control,South Korea,no,1.universal,16,60,Some,High,High,High,Some,N,N
Park 2016,Distress,stress response inventory (Koh),Psychological stress,Postintervention,D,passive,Randomized controlled trial,26.0,23.23,18.95,26.0,32.96,26.52,,Mindfulness,Control,South Korea,no,1.universal,16,60,Some,High,High,High,Some,N,N
Park 2016,Psychosomatic outcomes,Korean Sleep Scale A,Sleep,Baseline,U,passive,Randomized controlled trial,26.0,25.15,6.1,26.0,27.77,8.15,,Mindfulness,Control,South Korea,no,1.universal,16,60,Some,High,High,High,Some,N,N
Park 2016,Psychosomatic outcomes,Korean Sleep Scale A,Sleep,Postintervention,U,passive,Randomized controlled trial,26.0,23.27,3.97,26.0,28.58,7.13,,Mindfulness,Control,South Korea,no,1.universal,16,60,Some,High,High,High,Some,N,N
Perez-Blasco 2013,Distress,DASS total,Psychological Distress,Baseline,D,passive,Randomized controlled trial,13.0,29.85,12.53,8.0,32.25,23.65,,Mindfulness,Control,Spain,no,2.selective,16,26,Some,High,Some,High,Some,NR,Y
Perez-Blasco 2013,Distress,DASS total,Psychological Distress,Postintervention,D,passive,Randomized controlled trial,13.0,14.31,10.29,8.0,28.75,14.54,,Mindfulness,Control,Spain,no,2.selective,16,26,Some,High,Some,High,Some,NR,Y
Perez-Blasco 2013,Mental wellbeing,SWLS,Life satisfaction,Baseline,U,passive,Randomized controlled trial,13.0,15.62,1.66,8.0,16.38,2.72,,Mindfulness,Control,Spain,no,2.selective,16,26,Some,High,Some,High,Some,NR,Y
Perez-Blasco 2013,Mental wellbeing,SWLS,Life satisfaction,Postintervention,U,passive,Randomized controlled trial,13.0,17.69,1.93,8.0,16.75,2.38,,Mindfulness,Control,Spain,no,2.selective,16,26,Some,High,Some,High,Some,NR,Y
Perez-Blasco 2013,Mindfulness,FFMQ subscales,Mindfulness,Baseline,U,passive,Randomized controlled trial,13.0,124.16,17.18175346,8.0,120.89,19.15,,Mindfulness,Control,Spain,no,2.selective,16,26,Some,High,Some,High,Some,NR,Y
Perez-Blasco 2013,Mindfulness,FFMQ subscales,Mindfulness,Postintervention,U,passive,Randomized controlled trial,13.0,149.22,14.85,8.0,119.52,21.21,,Mindfulness,Control,Spain,no,2.selective,16,26,Some,High,Some,High,Some,NR,Y
Perez-Blasco 2013,Relationship with self,SCS-12 subscales Spanish,Self-compassion,Baseline,U,passive,Randomized controlled trial,13.0,3.11,0.38,8.0,3.32,0.69,,Mindfulness,Control,Spain,no,2.selective,16,26,Some,High,Some,High,Some,NR,Y
Perez-Blasco 2013,Relationship with self,SCS-12 subscales Spanish,Self-compassion,Postintervention,U,passive,Randomized controlled trial,13.0,3.77,0.65,8.0,3.19,0.43,,Mindfulness,Control,Spain,no,2.selective,16,26,Some,High,Some,High,Some,NR,Y
Perez-Blasco 2016,Anxiety,DASS assume validated,Anxiety,Baseline,D,passive,Randomized controlled trial,20.0,0.84,0.68,23.0,0.58,0.4,,Mindfulness,Control,Spain,no,1.universal,20,45,Some,High,Low,High,Some,NR,NR
Perez-Blasco 2016,Anxiety,DASS assume validated,Anxiety,Postintervention,D,passive,Randomized controlled trial,20.0,0.29,0.37,23.0,0.57,0.45,,Mindfulness,Control,Spain,no,1.universal,20,45,Some,High,Low,High,Some,NR,NR
Perez-Blasco 2016,Distress,DASS assume validated,Stress,Baseline,D,passive,Randomized controlled trial,20.0,0.74,0.6,23.0,0.54,0.47,,Mindfulness,Control,Spain,no,1.universal,20,45,Some,High,Low,High,Some,NR,NR
Perez-Blasco 2016,Distress,DASS assume validated,Stress,Postintervention,D,passive,Randomized controlled trial,20.0,0.42,0.34,23.0,0.5,0.56,,Mindfulness,Control,Spain,no,1.universal,20,45,Some,High,Low,High,Some,NR,NR
Perez-Blasco 2016,Real life functioning,,Brief Resilient Coping Scale validated in spanish,Baseline,U,passive,Randomized controlled trial,20.0,2.51,0.5,23.0,2.87,0.51,,Mindfulness,Control,Spain,no,1.universal,20,45,Some,High,Low,High,Some,NR,NR
Perez-Blasco 2016,Real life functioning,,Brief Resilient Coping Scale validated in spanish,Postintervention,U,passive,Randomized controlled trial,20.0,3.36,0.51,23.0,2.86,0.5,,Mindfulness,Control,Spain,no,1.universal,20,45,Some,High,Low,High,Some,NR,NR
Phang 2015,Distress,PSS-10,Perceived Stress,1-6months,D,passive,Randomized controlled trial,37.0,16.32,7.62,38.0,18.7,6.61,,Mindfulness,Control,Malaysia,no,1.universal,10,75,Low,High,Low,High,Some,NR,Y
Phang 2015,Distress,PSS-10,Perceived Stress,Baseline,D,passive,Randomized controlled trial,37.0,18.11,6.4,38.0,19.58,5.7,,Mindfulness,Control,Malaysia,no,1.universal,10,75,Low,High,Low,High,Some,NR,Y
Phang 2015,Distress,PSS-10,Perceived Stress,Postintervention,D,passive,Randomized controlled trial,37.0,15.49,5.46,38.0,19.04,5.14,,Mindfulness,Control,Malaysia,no,1.universal,10,75,Low,High,Low,High,Some,NR,Y
Phang 2015,Mindfulness,MAAS,Mindfulness,1-6months,U,passive,Randomized controlled trial,37.0,4.45,0.77,38.0,4.19,0.85,,Mindfulness,Control,Malaysia,no,1.universal,10,75,Low,High,Low,High,Some,NR,Y
Phang 2015,Mindfulness,MAAS,Mindfulness,Baseline,U,passive,Randomized controlled trial,37.0,3.99,0.73,38.0,3.91,0.73,,Mindfulness,Control,Malaysia,no,1.universal,10,75,Low,High,Low,High,Some,NR,Y
Phang 2015,Mindfulness,MAAS,Mindfulness,Postintervention,U,passive,Randomized controlled trial,37.0,4.44,0.78,38.0,4.01,0.88,,Mindfulness,Control,Malaysia,no,1.universal,10,75,Low,High,Low,High,Some,NR,Y
Phang 2015,Relationship with self,General Self-Efficacy,Self-efficacy,1-6months,U,passive,Randomized controlled trial,37.0,31.81,4.3,38.0,28.97,4.38,,Mindfulness,Control,Malaysia,no,1.universal,10,75,Low,High,Low,High,Some,NR,Y
Phang 2015,Relationship with self,General Self-Efficacy,Self-efficacy,Baseline,U,passive,Randomized controlled trial,37.0,30.49,4.27,38.0,29.03,4.28,,Mindfulness,Control,Malaysia,no,1.universal,10,75,Low,High,Low,High,Some,NR,Y
Phang 2015,Relationship with self,General Self-Efficacy,Self-efficacy,Postintervention,U,passive,Randomized controlled trial,37.0,32.15,3.77,38.0,28.36,4.47,,Mindfulness,Control,Malaysia,no,1.universal,10,75,Low,High,Low,High,Some,NR,Y
Plummer 2018,Distress,PSS (cohen 1983),Perceived stress,1-6months,D,passive,Randomized controlled trial,36.0,13.6,6.3,58.0,15.7,5.9,,Mindfulness,Control,US,yes,1.universal,30,105,Some,High,High,High,Some,N,NR
Plummer 2018,Distress,PSS (cohen 1983),Perceived stress,Baseline,D,passive,Randomized controlled trial,36.0,14.9,5.0,58.0,14.4,5.5,,Mindfulness,Control,US,yes,1.universal,30,105,Some,High,High,High,Some,N,NR
Plummer 2018,Distress,PSS (cohen 1983),Perceived stress,Postintervention,D,passive,Randomized controlled trial,36.0,14.2,5.3,58.0,15.4,6.1,,Mindfulness,Control,US,yes,1.universal,30,105,Some,High,High,High,Some,N,NR
Plummer 2018,Mindfulness,CAMS-R,Mindfulness,1-6months,U,passive,Randomized controlled trial,36.0,36.1,5.9,58.0,33.4,6.4,,Mindfulness,Control,US,yes,1.universal,30,105,Some,High,High,High,Some,N,NR
Plummer 2018,Mindfulness,CAMS-R,Mindfulness,Baseline,U,passive,Randomized controlled trial,36.0,32.9,5.4,58.0,33.2,6.0,,Mindfulness,Control,US,yes,1.universal,30,105,Some,High,High,High,Some,N,NR
Plummer 2018,Mindfulness,CAMS-R,Mindfulness,Postintervention,U,passive,Randomized controlled trial,36.0,35.8,5.0,58.0,33.1,6.3,,Mindfulness,Control,US,yes,1.universal,30,105,Some,High,High,High,Some,N,NR
Pots 2014,Anxiety,HADS A,Anxiety,Baseline,D,passive,Randomized controlled trial,76.0,7.96,3.4,75.0,8.57,3.58,,Mindfulness,Control,Netherlands,no,3.indicated,16.5,151,Low,High,Low,High,Some,N,N
Pots 2014,Anxiety,HADS A,Anxiety,Postintervention,D,passive,Randomized controlled trial,76.0,6.14,3.52,75.0,8.22,3.89,,Mindfulness,Control,Netherlands,no,3.indicated,16.5,151,Low,High,Low,High,Some,N,N
Pots 2014,Depression,CES-D validated in Dutch,Depression,Baseline,D,passive,Randomized controlled trial,76.0,15.62,7.86,75.0,16.46,8.32,,Mindfulness,Control,Netherlands,no,3.indicated,16.5,151,Low,High,Low,High,Some,N,N
Pots 2014,Depression,CES-D validated in Dutch,Depression,Postintervention,D,passive,Randomized controlled trial,76.0,11.79,8.76,75.0,16.43,9.94,,Mindfulness,Control,Netherlands,no,3.indicated,16.5,151,Low,High,Low,High,Some,N,N
Pots 2014,Mental wellbeing,Mental Health Continuum,Wellbeing,Baseline,U,passive,Randomized controlled trial,76.0,2.77,0.85,75.0,2.76,0.82,,Mindfulness,Control,Netherlands,no,3.indicated,16.5,151,Low,High,Low,High,Some,N,N
Pots 2014,Mental wellbeing,Mental Health Continuum,Wellbeing,Postintervention,U,passive,Randomized controlled trial,76.0,3.11,0.91,75.0,2.82,0.95,,Mindfulness,Control,Netherlands,no,3.indicated,16.5,151,Low,High,Low,High,Some,N,N
Pots 2014,Mindfulness,FFMQ subscales,Mindfulness,Baseline,U,passive,Randomized controlled trial,76.0,115.44,16.21,75.0,117.44,19.04,,Mindfulness,Control,Netherlands,no,3.indicated,16.5,151,Low,High,Low,High,Some,N,N
Pots 2014,Mindfulness,FFMQ subscales,Mindfulness,Postintervention,U,passive,Randomized controlled trial,76.0,133.42,18.57,75.0,120.7,21.81,,Mindfulness,Control,Netherlands,no,3.indicated,16.5,151,Low,High,Low,High,Some,N,N
Richards 2012,Relationship with self,SCS-26,Self-compassion,Postintervention,U,passive,Randomized controlled trial,16.0,3.77,0.6,18.0,3.02,0.67,,Mindfulness,Control,US,yes,1.universal,10,47,Some,High,High,High,Some,NR,Y
Richards 2013,Mindfulness,FFMQ,Mindfulness,Postintervention,U,passive,Randomized controlled trial,11.0,3.72,0.51,14.0,3.04,0.48,,Mindfulness,Control,US,yes,1.universal,10,30,Some,High,Some,High,Some,NR,Y
Richards 2013,Relationship with self,SCS 26,Self-compassion,Postintervention,U,passive,Randomized controlled trial,11.0,3.65,0.56,14.0,2.69,0.56,,Mindfulness,Control,US,yes,1.universal,10,30,Some,High,Some,High,Some,NR,Y
Robins 2012,Mindfulness,FFMQ,Mindfulness,Baseline,U,passive,Randomized controlled trial,20.0,121.6,20.31,21.0,125.1,22.13,,Mindfulness,Control,US,yes,1.universal,24,56,Some,High,High,High,Some,NR,Y
Robins 2012,Mindfulness,FFMQ,Mindfulness,Postintervention,U,passive,Randomized controlled trial,20.0,138.35,13.27,21.0,125.76,21.99,,Mindfulness,Control,US,yes,1.universal,24,56,Some,High,High,High,Some,NR,Y
Robins 2012,Real life functioning,Cognitive Failures Questionnaire,Cognitive Failures,Baseline,D,passive,Randomized controlled trial,20.0,67.0,9.24,21.0,70.17,13.13,,Mindfulness,Control,US,yes,1.universal,24,56,Some,High,High,High,Some,NR,Y
Robins 2012,Real life functioning,Cognitive Failures Questionnaire,Cognitive Failures,Postintervention,D,passive,Randomized controlled trial,20.0,58.9,9.41,21.0,67.6,10.27,,Mindfulness,Control,US,yes,1.universal,24,56,Some,High,High,High,Some,NR,Y
Robins 2012,Relationship with self,SCS-26,Self-compassion,Baseline,U,passive,Randomized controlled trial,20.0,73.2,17.58,21.0,76.95,19.53,,Mindfulness,Control,US,yes,1.universal,24,56,Some,High,High,High,Some,NR,Y
Robins 2012,Relationship with self,SCS-26,Self-compassion,Postintervention,U,passive,Randomized controlled trial,20.0,89.75,15.38,21.0,76.86,20.6,,Mindfulness,Control,US,yes,1.universal,24,56,Some,High,High,High,Some,NR,Y
Roeser 2013,Cognitive functioning,"Operation Span Task total & stringent scores, errors",attention/working memory,Baseline,U,passive,Randomized controlled trial,26.0,49.72,15.38,32.0,53.5,10.92,,Mindfulness,Control,US and Canada,no,2.selective,36,113,Some,High,High,High,Some,NR,Y
Roeser 2013,Cognitive functioning,"Operation Span Task total & stringent scores, errors",attention/working memory,Postintervention,U,passive,Randomized controlled trial,24.0,57.16,12.55,32.0,55.4,10.93,arm1.n=assumed-by-review-authors;arm2.n=assumed-by-review-authors,Mindfulness,Control,US and Canada,no,2.selective,36,113,Some,High,High,High,Some,NR,Y
Roeser 2013,Depression,BDI,Depression,1-6months,D,passive,Randomized controlled trial,24.0,21.09,4.32,27.0,28.43,5.28,arm1.n=assumed-by-review-authors;arm2.n=assumed-by-review-authors,Mindfulness,Control,US and Canada,no,2.selective,36,113,Some,High,High,High,Some,NR,Y
Roeser 2013,Depression,BDI,Depression,Baseline,D,passive,Randomized controlled trial,28.0,27.46,7.15,27.0,30.57,5.22,,Mindfulness,Control,US and Canada,no,2.selective,36,113,Some,High,High,High,Some,NR,Y
Roeser 2013,Depression,BDI,Depression,Postintervention,D,passive,Randomized controlled trial,24.0,22.93,5.21,27.0,29.22,6.77,arm1.n=assumed-by-review-authors;arm2.n=assumed-by-review-authors,Mindfulness,Control,US and Canada,no,2.selective,36,113,Some,High,High,High,Some,NR,Y
Roeser 2013,Mindfulness,FFMQ,Mindfulness,1-6months,U,passive,Randomized controlled trial,48.0,3.65,0.54,59.0,3.15,0.62,arm1.n=assumed-by-review-authors;arm2.n=assumed-by-review-authors,Mindfulness,Control,US and Canada,no,2.selective,36,113,Some,High,High,High,Some,NR,Y
Roeser 2013,Mindfulness,FFMQ,Mindfulness,Baseline,U,passive,Randomized controlled trial,54.0,3.3,0.51,59.0,3.13,0.58,,Mindfulness,Control,US and Canada,no,2.selective,36,113,Some,High,High,High,Some,NR,Y
Roeser 2013,Mindfulness,FFMQ,Mindfulness,Postintervention,U,passive,Randomized controlled trial,48.0,3.61,0.49,59.0,3.18,0.62,arm1.n=assumed-by-review-authors;arm2.n=assumed-by-review-authors,Mindfulness,Control,US and Canada,no,2.selective,36,113,Some,High,High,High,Some,NR,Y
Roeser 2013,Real life functioning,,Number of days absent from work due to illness,Baseline,D,passive,Randomized controlled trial,54.0,3.03,3.67,59.0,3.85,4.67,,Mindfulness,Control,US and Canada,no,2.selective,36,113,Some,High,High,High,Some,NR,Y
Sampl 2017,Anxiety,Prüfungsangstfragebogen,Test anxiety,1-6months,D,passive,Randomized controlled trial,51.0,2.16,0.41,58.0,2.63,0.51,,Mindfulness,Control,Austria,no,1.universal,20,109,Some,High,High,High,Some,N,NR
Sampl 2017,Anxiety,Prüfungsangstfragebogen,Test anxiety,Baseline,D,passive,Randomized controlled trial,51.0,2.6,0.5,58.0,2.73,0.51,,Mindfulness,Control,Austria,no,1.universal,20,109,Some,High,High,High,Some,N,NR
Sampl 2017,Distress,Perceived Stress Questionnaire 20 item,Perceived stress,1-6months,D,passive,Randomized controlled trial,51.0,2.42,0.58,58.0,2.94,0.5,,Mindfulness,Control,Austria,no,1.universal,20,109,Some,High,High,High,Some,N,NR
Sampl 2017,Distress,Perceived Stress Questionnaire 20 item,Perceived stress,Baseline,D,passive,Randomized controlled trial,51.0,2.55,0.65,58.0,2.68,0.62,,Mindfulness,Control,Austria,no,1.universal,20,109,Some,High,High,High,Some,N,NR
Sampl 2017,Mindfulness,MAAS,Mindfulness,1-6months,U,passive,Randomized controlled trial,51.0,3.95,0.8,58.0,3.38,0.88,,Mindfulness,Control,Austria,no,1.universal,20,109,Some,High,High,High,Some,N,NR
Sampl 2017,Mindfulness,MAAS,Mindfulness,Baseline,U,passive,Randomized controlled trial,51.0,3.74,0.9,58.0,3.55,0.91,,Mindfulness,Control,Austria,no,1.universal,20,109,Some,High,High,High,Some,N,NR
Sampl 2017,Real life functioning,grade point average (GPA),Academic performance,1-6months,U,passive,Randomized controlled trial,39.0,1.78,0.53,41.0,2.2,0.77,,Mindfulness,Control,Austria,no,1.universal,20,109,Some,High,High,High,Some,N,NR
Schellekens 2017,Distress,HADS total score,Psychological distress,1-6months,D,passive,Randomized controlled trial,15.0,12.73,7.55,16.0,11.69,6.52,,Mindfulness,Control,Netherlands,no,2.selective,26,44,Low,High,Low,High,Low,N,N
Schellekens 2017,Distress,HADS total score,Psychological distress,Baseline,D,passive,Randomized controlled trial,21.0,13.81,6.76,23.0,14.74,7.43,,Mindfulness,Control,Netherlands,no,2.selective,26,44,Low,High,Low,High,Low,N,N
Schellekens 2017,Distress,HADS total score,Psychological distress,Postintervention,D,passive,Randomized controlled trial,16.0,13.88,7.78,19.0,13.42,6.98,,Mindfulness,Control,Netherlands,no,2.selective,26,44,Low,High,Low,High,Low,N,N
Schellekens 2017,Mindfulness,FFMQ,Mindfulness,1-6months,U,passive,Randomized controlled trial,15.0,132.55,16.07,16.0,133.44,15.53,,Mindfulness,Control,Netherlands,no,2.selective,26,44,Low,High,Low,High,Low,N,N
Schellekens 2017,Mindfulness,FFMQ,Mindfulness,Baseline,U,passive,Randomized controlled trial,21.0,131.86,15.28,23.0,127.38,17.68,,Mindfulness,Control,Netherlands,no,2.selective,26,44,Low,High,Low,High,Low,N,N
Schellekens 2017,Mindfulness,FFMQ,Mindfulness,Postintervention,U,passive,Randomized controlled trial,16.0,132.21,16.32,19.0,133.44,15.53,,Mindfulness,Control,Netherlands,no,2.selective,26,44,Low,High,Low,High,Low,N,N
Schellekens 2017,Relationship with self,SCS-26 Dutch,Self-compassion,1-6months,U,passive,Randomized controlled trial,15.0,108.69,17.53,16.0,105.13,18.02,,Mindfulness,Control,Netherlands,no,2.selective,26,44,Low,High,Low,High,Low,N,N
Schellekens 2017,Relationship with self,SCS-26 Dutch,Self-compassion,Baseline,U,passive,Randomized controlled trial,21.0,107.48,14.07,23.0,103.39,20.13,,Mindfulness,Control,Netherlands,no,2.selective,26,44,Low,High,Low,High,Low,N,N
Schellekens 2017,Relationship with self,SCS-26 Dutch,Self-compassion,Postintervention,U,passive,Randomized controlled trial,16.0,109.13,16.28,19.0,105.22,24.07,,Mindfulness,Control,Netherlands,no,2.selective,26,44,Low,High,Low,High,Low,N,N
Schroeder 2018,Distress,PSS-10,Perceived stress,1-6months,D,passive,Randomized controlled trial,13.0,13.23,5.19,13.0,20.21,6.65,,Mindfulness,Control,US,yes,2.selective,17,33,Some,High,High,High,Some,N,NR
Schroeder 2018,Distress,PSS-10,Perceived stress,Baseline,D,passive,Randomized controlled trial,16.0,19.43,5.3,17.0,21.64,4.52,,Mindfulness,Control,US,yes,2.selective,17,33,Some,High,High,High,Some,N,NR
Schroeder 2018,Distress,PSS-10,Perceived stress,Postintervention,D,passive,Randomized controlled trial,15.0,17.93,5.27,14.0,20.14,5.99,,Mindfulness,Control,US,yes,2.selective,17,33,Some,High,High,High,Some,N,NR
Schroeder 2018,Mindfulness,MAAS,Mindfulness,1-6months,U,passive,Randomized controlled trial,13.0,4.04,1.02,13.0,3.18,0.58,,Mindfulness,Control,US,yes,2.selective,17,33,Some,High,High,High,Some,N,NR
Schroeder 2018,Mindfulness,MAAS,Mindfulness,Baseline,U,passive,Randomized controlled trial,16.0,3.42,0.96,17.0,3.32,0.76,,Mindfulness,Control,US,yes,2.selective,17,33,Some,High,High,High,Some,N,NR
Schroeder 2018,Mindfulness,MAAS,Mindfulness,Postintervention,U,passive,Randomized controlled trial,15.0,3.62,0.89,14.0,3.08,0.76,,Mindfulness,Control,US,yes,2.selective,17,33,Some,High,High,High,Some,N,NR
Schroeder 2018,Real life functioning,Routine survey,Patient Self-Reported Satisfaction With Primary Care Physici,1-6months,U,passive,Randomized controlled trial,13.0,9.19,1.44,13.0,9.04,1.23,,Mindfulness,Control,US,yes,2.selective,17,33,Some,High,High,High,Some,N,NR
Schroeder 2018,Real life functioning,Routine survey,Patient Self-Reported Satisfaction With Primary Care Physici,Baseline,U,passive,Randomized controlled trial,16.0,9.12,1.36,17.0,9.01,1.29,,Mindfulness,Control,US,yes,2.selective,17,33,Some,High,High,High,Some,N,NR
Schroeder 2018,Real life functioning,Brief Resilience Scale,Resilience,Postintervention,U,passive,Randomized controlled trial,15.0,22.33,4.74,14.0,19.42,4.21,,Mindfulness,Control,US,yes,2.selective,17,33,Some,High,High,High,Some,N,NR
Shapiro 2019,Depression,PHQ-8,Depression,Baseline,D,passive,Randomized controlled trial,20.0,7.6,4.85,21.0,6.95,4.03,,Mindfulness,Control,US,yes,1.universal,10,41,Some,High,High,High,Some,N,NR
Shapiro 2019,Depression,PHQ-8,Depression,Postintervention,D,passive,Randomized controlled trial,15.0,5.87,4.97,13.0,5.85,2.97,,Mindfulness,Control,US,yes,1.universal,10,41,Some,High,High,High,Some,N,NR
Shapiro 2019,Distress,PSS,Perceived Stress,Baseline,D,passive,Randomized controlled trial,20.0,15.45,5.21,21.0,16.95,3.73,,Mindfulness,Control,US,yes,1.universal,10,41,Some,High,High,High,Some,N,NR
Shapiro 2019,Distress,PSS,Perceived Stress,Postintervention,D,passive,Randomized controlled trial,14.0,11.5,5.03,13.0,13.31,6.07,,Mindfulness,Control,US,yes,1.universal,10,41,Some,High,High,High,Some,N,NR
Shapiro 2019,Mindfulness,FFMQ,Mindfulness,Baseline,U,passive,Randomized controlled trial,20.0,112.15,23.23,20.0,114.35,17.55,,Mindfulness,Control,US,yes,1.universal,10,41,Some,High,High,High,Some,N,NR
Shapiro 2019,Mindfulness,FFMQ,Mindfulness,Postintervention,U,passive,Randomized controlled trial,14.0,128.5,19.81,13.0,124.0,22.78,,Mindfulness,Control,US,yes,1.universal,10,41,Some,High,High,High,Some,N,NR
?tefan 2018,Anxiety,Liebowitz Social Anxiety Scale validated in Romanian,Social anxiety,Baseline,D,passive,Randomized controlled trial,22.0,49.45,14.03,24.0,47.04,10.13,,Mindfulness,Control,Romania,no,1.universal,12,71,Some,High,High,High,Some,N,Y
?tefan 2018,Anxiety,Liebowitz Social Anxiety Scale validated in Romanian,Social anxiety,Postintervention,D,passive,Randomized controlled trial,22.0,32.23,16.35,24.0,46.21,13.37,,Mindfulness,Control,Romania,no,1.universal,12,71,Some,High,High,High,Some,N,Y
?tefan 2018,Depression,BDI-II validated in Romanian,Depression,Baseline,D,passive,Randomized controlled trial,22.0,10.68,6.36,24.0,9.04,5.45,,Mindfulness,Control,Romania,no,1.universal,12,71,Some,High,High,High,Some,N,Y
?tefan 2018,Depression,BDI-II validated in Romanian,Depression,Postintervention,D,passive,Randomized controlled trial,22.0,6.82,5.2,24.0,8.71,5.68,,Mindfulness,Control,Romania,no,1.universal,12,71,Some,High,High,High,Some,N,Y
?tefan 2018,Distress,PSS-10 validated in Romanian,Perceived stress,Baseline,D,passive,Randomized controlled trial,22.0,27.45,6.43,24.0,26.75,6.6,,Mindfulness,Control,Romania,no,1.universal,12,71,Some,High,High,High,Some,N,Y
?tefan 2018,Distress,PSS-10 validated in Romanian,Perceived stress,Postintervention,D,passive,Randomized controlled trial,22.0,20.73,5.21,24.0,25.7,8.1,,Mindfulness,Control,Romania,no,1.universal,12,71,Some,High,High,High,Some,N,Y
?tefan 2018,Relationship with self,SCS-12 validated in Romanian,Self-compassion,Baseline,U,passive,Randomized controlled trial,22.0,35.54,5.71,24.0,37.62,5.0,,Mindfulness,Control,Romania,no,1.universal,12,71,Some,High,High,High,Some,N,Y
?tefan 2018,Relationship with self,SCS-12 validated in Romanian,Self-compassion,Postintervention,U,passive,Randomized controlled trial,22.0,42.91,8.66,24.0,37.38,6.88,,Mindfulness,Control,Romania,no,1.universal,12,71,Some,High,High,High,Some,N,Y
Strub 2013,Depression,BDI-13 validated in French- Include,Depression,Baseline,D,passive,Randomized controlled trial,10.0,4.701,2.75,10.0,1.502,1.9,,Mindfulness,Control,Luxembourg,no,1.universal,16,20,Some,High,Low,High,Some,NR,NR
Strub 2013,Depression,BDI-13 validated in French- Include,Depression,Postintervention,D,passive,Randomized controlled trial,10.0,2.7,1.7,10.0,1.2,1.87,,Mindfulness,Control,Luxembourg,no,1.universal,16,20,Some,High,Low,High,Some,NR,NR
Strub 2013,Distress,PSS validated in french,Perceived Stress,Baseline,D,passive,Randomized controlled trial,10.0,39.8,5.99,10.0,31.4,7.94,,Mindfulness,Control,Luxembourg,no,1.universal,16,20,Some,High,Low,High,Some,NR,NR
Strub 2013,Distress,PSS validated in french,Perceived Stress,Postintervention,D,passive,Randomized controlled trial,10.0,38.4,5.66,10.0,27.9,8.42,,Mindfulness,Control,Luxembourg,no,1.universal,16,20,Some,High,Low,High,Some,NR,NR
Strub 2013,Real life functioning,MBI subscales validated in French,Burnout,Baseline,D,passive,Randomized controlled trial,10.0,21.8,9.43,10.0,9.302,9.15,,Mindfulness,Control,Luxembourg,no,1.universal,16,20,Some,High,Low,High,Some,NR,NR
Strub 2013,Real life functioning,MBI subscales validated in French,Burnout,Postintervention,D,passive,Randomized controlled trial,10.0,15.3,7.31,10.0,6.504,7.26,,Mindfulness,Control,Luxembourg,no,1.universal,16,20,Some,High,Low,High,Some,NR,NR
Thomas 2016,Depression,BDI-II,Depression,Baseline,D,passive,Randomized controlled trial,12.0,9.8,5.41,12.0,11.25,7.28,,Mindfulness,Control,United Arab Emirates,no,1.universal,8.5,24,Some,High,Some,High,Some,NR,Y
Thomas 2016,Depression,BDI-II,Depression,Postintervention,D,passive,Randomized controlled trial,12.0,3.88,3.14,12.0,9.18,8.38,arm1.n=assumed-by-review-authors;arm2.n=assumed-by-review-authors,Mindfulness,Control,United Arab Emirates,no,1.universal,8.5,24,Some,High,Some,High,Some,NR,Y
VanBerkel 2014,Mindfulness,MAAS Dutch,Mindfulness,1-6months,U,passive,Randomized controlled trial,115.0,3.9,0.6,108.0,4.0,0.7,,Mindfulness,Control,Netherlands,no,1.universal,12,257,Some,High,Some,High,Some,N,NR
VanBerkel 2014,Mindfulness,MAAS Dutch,Mindfulness,Baseline,U,passive,Randomized controlled trial,129.0,4.0,0.6,128.0,4.0,0.7,,Mindfulness,Control,Netherlands,no,1.universal,12,257,Some,High,Some,High,Some,N,NR
VanBerkel 2014,Mindfulness,MAAS Dutch,Mindfulness,Postintervention,U,passive,Randomized controlled trial,113.0,4.0,0.6,110.0,4.0,0.8,,Mindfulness,Control,Netherlands,no,1.universal,12,257,Some,High,Some,High,Some,N,NR
VanBerkel 2014,Real life functioning,Utrecht Work Engagement Scale (Dutch validated),Work engagement,1-6months,U,passive,Randomized controlled trial,120.0,3.9,0.9,110.0,4.0,0.9,,Mindfulness,Control,Netherlands,no,1.universal,12,257,Some,High,Some,High,Some,N,NR
VanBerkel 2014,Real life functioning,Utrecht Work Engagement Scale (Dutch validated),Work engagement,Baseline,U,passive,Randomized controlled trial,129.0,4.1,0.8,126.0,4.0,0.9,,Mindfulness,Control,Netherlands,no,1.universal,12,257,Some,High,Some,High,Some,N,NR
VanBerkel 2014,Real life functioning,Utrecht Work Engagement Scale (Dutch validated),Work engagement,Postintervention,U,passive,Randomized controlled trial,115.0,4.0,0.9,107.0,4.0,0.9,,Mindfulness,Control,Netherlands,no,1.universal,12,257,Some,High,Some,High,Some,N,NR
VanDam 2014,Anxiety,STICSA- Included,Anxiety,1-6months,D,passive,Randomized controlled trial,21.0,37.78,6.28,13.0,47.38,8.22,,Mindfulness,Control,US,yes,3.indicated,22,56,Some,High,High,High,Some,NR,N
VanDam 2014,Anxiety,STICSA- Included,Anxiety,Baseline,D,passive,Randomized controlled trial,21.0,46.87,7.69,13.0,48.85,10.19,,Mindfulness,Control,US,yes,3.indicated,22,56,Some,High,High,High,Some,NR,N
VanDam 2014,Depression,CES-D R,Depression,1-6months,D,passive,Randomized controlled trial,21.0,31.48,7.23,13.0,42.77,11.23,,Mindfulness,Control,US,yes,3.indicated,22,56,Some,High,High,High,Some,NR,N
VanDam 2014,Depression,CES-D R,Depression,Baseline,D,passive,Randomized controlled trial,21.0,45.09,13.5,13.0,44.69,16.93,,Mindfulness,Control,US,yes,3.indicated,22,56,Some,High,High,High,Some,NR,N
VanDam 2014,Distress,PSS-10,Perceived stress,1-6months,D,passive,Randomized controlled trial,21.0,30.7,2.34,13.0,32.31,2.96,,Mindfulness,Control,US,yes,3.indicated,22,56,Some,High,High,High,Some,NR,N
VanDam 2014,Distress,PSS-10,Perceived stress,Baseline,D,passive,Randomized controlled trial,21.0,32.5,2.33,13.0,32.46,3.18,,Mindfulness,Control,US,yes,3.indicated,22,56,Some,High,High,High,Some,NR,N
VanDam 2014,Mindfulness,,Mindfulness -FFMQ,1-6months,U,passive,Randomized controlled trial,21.0,120.78,16.59,13.0,114.54,15.94,,Mindfulness,Control,US,yes,3.indicated,22,56,Some,High,High,High,Some,NR,N
VanDam 2014,Mindfulness,,Mindfulness -FFMQ,Baseline,U,passive,Randomized controlled trial,21.0,107.78,14.67,13.0,114.08,21.9,,Mindfulness,Control,US,yes,3.indicated,22,56,Some,High,High,High,Some,NR,N
VanDam 2014,Relationship with self,SCS-26,Self-compassion,1-6months,U,passive,Randomized controlled trial,21.0,2.96,0.54,13.0,2.61,0.65,,Mindfulness,Control,US,yes,3.indicated,22,56,Some,High,High,High,Some,NR,N
VanDam 2014,Relationship with self,SCS-26,Self-compassion,Baseline,U,passive,Randomized controlled trial,21.0,2.56,0.51,13.0,2.49,0.77,,Mindfulness,Control,US,yes,3.indicated,22,56,Some,High,High,High,Some,NR,N
Verweij 2018,Mental wellbeing,Mental Health Continuum,Wellbeing,Baseline,U,passive,Randomized controlled trial,80.0,3.0,0.8,68.0,3.0,0.7,,Mindfulness,Control,Netherlands,no,2.selective,26,148,Some,High,Low,High,Some,Y,N
Verweij 2018,Mental wellbeing,Mental Health Continuum,Wellbeing,Postintervention,U,passive,Randomized controlled trial,71.0,3.3,0.6,67.0,3.1,0.9,,Mindfulness,Control,Netherlands,no,2.selective,26,148,Some,High,Low,High,Some,Y,N
Verweij 2018,Mindfulness,FFMQ Dutch validation,Mindfulness,Baseline,U,passive,Randomized controlled trial,80.0,74.5,11.3,68.0,74.7,10.9,,Mindfulness,Control,Netherlands,no,2.selective,26,148,Some,High,Low,High,Some,Y,N
Verweij 2018,Mindfulness,FFMQ Dutch validation,Mindfulness,Postintervention,U,passive,Randomized controlled trial,71.0,79.3,10.3,67.0,76.2,10.8,,Mindfulness,Control,Netherlands,no,2.selective,26,148,Some,High,Low,High,Some,Y,N
Verweij 2018,Real life functioning,MBI Dutch validated subscales,Burnout,Baseline,D,passive,Randomized controlled trial,80.0,16.5,7.8,68.0,14.5,7.1,,Mindfulness,Control,Netherlands,no,2.selective,26,148,Some,High,Low,High,Some,Y,N
Verweij 2018,Real life functioning,MBI Dutch validated subscales,Burnout,Postintervention,D,passive,Randomized controlled trial,71.0,15.0,5.7,67.0,13.7,7.8,,Mindfulness,Control,Netherlands,no,2.selective,26,148,Some,High,Low,High,Some,Y,N
Verweij 2018,Relationship with self,SCS-SF 12 item Dutch validated,Self-compassion,Baseline,U,passive,Randomized controlled trial,80.0,3.9,1.0,68.0,3.8,1.1,,Mindfulness,Control,Netherlands,no,2.selective,26,148,Some,High,Low,High,Some,Y,N
Verweij 2018,Relationship with self,SCS-SF 12 item Dutch validated,Self-compassion,Postintervention,U,passive,Randomized controlled trial,71.0,4.3,1.0,67.0,3.9,1.1,,Mindfulness,Control,Netherlands,no,2.selective,26,148,Some,High,Low,High,Some,Y,N
Vieten 2008,Depression,CES-D,Depression,Baseline,D,passive,Randomized controlled trial,13.0,20.4,8.4,18.0,14.2,5.4,,Mindfulness,Control,US,yes,3.indicated,16,34,Some,High,Low,High,Some,NR,N
Vieten 2008,Depression,CES-D,Depression,Postintervention,D,passive,Randomized controlled trial,13.0,16.2,7.3,18.0,17.2,7.4,,Mindfulness,Control,US,yes,3.indicated,16,34,Some,High,Low,High,Some,NR,N
Vieten 2008,Distress,PSS,Perceived stress,Baseline,D,passive,Randomized controlled trial,13.0,20.1,5.1,18.0,17.1,5.0,,Mindfulness,Control,US,yes,3.indicated,16,34,Some,High,Low,High,Some,NR,N
Vieten 2008,Distress,PSS,Perceived stress,Postintervention,D,passive,Randomized controlled trial,13.0,15.9,5.7,18.0,16.9,4.6,,Mindfulness,Control,US,yes,3.indicated,16,34,Some,High,Low,High,Some,NR,N
Vieten 2008,Mindfulness,MAAS,Mindfulness,Baseline,U,passive,Randomized controlled trial,13.0,3.6,0.76,18.0,3.8,0.57,,Mindfulness,Control,US,yes,3.indicated,16,34,Some,High,Low,High,Some,NR,N
Vieten 2008,Mindfulness,MAAS,Mindfulness,Postintervention,U,passive,Randomized controlled trial,13.0,3.8,0.82,18.0,3.6,0.72,,Mindfulness,Control,US,yes,3.indicated,16,34,Some,High,Low,High,Some,NR,N
Woolhouse 2014,Anxiety,DASS-21,Anxiety,Baseline,D,passive,Randomized controlled trial,13.0,8.62,7.72,10.0,7.0,8.34,,Mindfulness,Control,Australia,no,2.selective,12,32,Low,High,Some,High,Some,N,NR
Woolhouse 2014,Anxiety,DASS-21,Anxiety,Postintervention,D,passive,Randomized controlled trial,13.0,4.62,3.95,10.0,4.8,5.9,,Mindfulness,Control,Australia,no,2.selective,12,32,Low,High,Some,High,Some,N,NR
Woolhouse 2014,Depression,CES-D,Depression,Baseline,D,passive,Randomized controlled trial,13.0,14.42,10.05,10.0,13.7,8.0,,Mindfulness,Control,Australia,no,2.selective,12,32,Low,High,Some,High,Some,N,NR
Woolhouse 2014,Depression,CES-D,Depression,Postintervention,D,passive,Randomized controlled trial,13.0,12.08,4.17,10.0,10.1,8.72,,Mindfulness,Control,Australia,no,2.selective,12,32,Low,High,Some,High,Some,N,NR
Woolhouse 2014,Distress,PSS-10,Perceived stress,Baseline,D,passive,Randomized controlled trial,13.0,17.92,7.14,10.0,16.9,7.08,,Mindfulness,Control,Australia,no,2.selective,12,32,Low,High,Some,High,Some,N,NR
Woolhouse 2014,Distress,PSS-10,Perceived stress,Postintervention,D,passive,Randomized controlled trial,13.0,16.54,6.12,10.0,14.4,8.41,,Mindfulness,Control,Australia,no,2.selective,12,32,Low,High,Some,High,Some,N,NR
Woolhouse 2014,Mindfulness,FFMQ,Mindfulness,Baseline,U,passive,Randomized controlled trial,13.0,121.55,23.65,10.0,126.5,15.77,,Mindfulness,Control,Australia,no,2.selective,12,32,Low,High,Some,High,Some,N,NR
Woolhouse 2014,Mindfulness,FFMQ,Mindfulness,Postintervention,U,passive,Randomized controlled trial,13.0,134.55,20.55,10.0,133.5,12.43,,Mindfulness,Control,Australia,no,2.selective,12,32,Low,High,Some,High,Some,N,NR
Xu 2015,Distress,Brief Profile of Mood State (POMS) in the last week,Mood,Baseline,D,passive,Randomized controlled trial,45.0,33.9,18.0,45.0,33.7,19.6,,Mindfulness,Control,China,no,1.universal,30,90,Some,High,High,High,Some,NR,NR
Xu 2015,Distress,Brief Profile of Mood State (POMS) in the last week,Mood,Postintervention,D,passive,Randomized controlled trial,38.0,29.3,14.8,41.0,33.9,19.0,,Mindfulness,Control,China,no,1.universal,30,90,Some,High,High,High,Some,NR,NR
Xu 2015,Mindfulness,Five Facet Mindfulness Questionnaire (FFMQ),Mindfulness,Baseline,U,passive,Randomized controlled trial,45.0,121.2,12.5,45.0,118.2,14.6,,Mindfulness,Control,China,no,1.universal,30,90,Some,High,High,High,Some,NR,NR
Xu 2015,Mindfulness,Five Facet Mindfulness Questionnaire (FFMQ),Mindfulness,Postintervention,U,passive,Randomized controlled trial,38.0,125.9,11.9,41.0,117.7,15.9,,Mindfulness,Control,China,no,1.universal,30,90,Some,High,High,High,Some,NR,NR
Yazdanimehr 2016,Anxiety,BAI,Anxiety,1-6months,D,passive,Randomized controlled trial,30.0,10.8,6.8,33.0,20.78,6.18,,Mindfulness,Control,Iran,no,2.selective,12,80,Some,High,High,High,Some,N,Y
Yazdanimehr 2016,Anxiety,BAI,Anxiety,Baseline,D,passive,Randomized controlled trial,30.0,19.76,6.33,33.0,20.24,6.11,,Mindfulness,Control,Iran,no,2.selective,12,80,Some,High,High,High,Some,N,Y
Yazdanimehr 2016,Anxiety,BAI,Anxiety,Postintervention,D,passive,Randomized controlled trial,30.0,10.86,4.48,33.0,20.54,6.75,,Mindfulness,Control,Iran,no,2.selective,12,80,Some,High,High,High,Some,N,Y
Yazdanimehr 2016,Depression,Edinburgh Postnatal Depression Scale,Depression,1-6months,D,passive,Randomized controlled trial,30.0,9.03,2.95,33.0,16.03,2.45,,Mindfulness,Control,Iran,no,2.selective,12,80,Some,High,High,High,Some,N,Y
Yazdanimehr 2016,Depression,Edinburgh Postnatal Depression Scale,Depression,Baseline,D,passive,Randomized controlled trial,30.0,16.83,2.7,33.0,16.63,2.64,,Mindfulness,Control,Iran,no,2.selective,12,80,Some,High,High,High,Some,N,Y
Yazdanimehr 2016,Depression,Edinburgh Postnatal Depression Scale,Depression,Postintervention,D,passive,Randomized controlled trial,30.0,9.93,2.81,33.0,15.84,2.77,,Mindfulness,Control,Iran,no,2.selective,12,80,Some,High,High,High,Some,N,Y
Yazdanimehr 2016,Distress,short form of Health Survey (SF-36) mental health subscale,Mental health,1-6months,U,passive,Randomized controlled trial,30.0,51.53,6.54,33.0,45.63,6.54,,Mindfulness,Control,Iran,no,2.selective,12,80,Some,High,High,High,Some,N,Y
Yazdanimehr 2016,Distress,short form of Health Survey (SF-36) mental health subscale,Mental health,Baseline,U,passive,Randomized controlled trial,30.0,45.43,9.39,33.0,47.84,6.94,,Mindfulness,Control,Iran,no,2.selective,12,80,Some,High,High,High,Some,N,Y
Yazdanimehr 2016,Distress,short form of Health Survey (SF-36) mental health subscale,Mental health,Postintervention,U,passive,Randomized controlled trial,30.0,50.86,8.55,33.0,45.48,6.91,,Mindfulness,Control,Iran,no,2.selective,12,80,Some,High,High,High,Some,N,Y
Zhang 2018,Anxiety,Spielberger Anxiety Scale State and Trait,Anxiety,Baseline,D,passive,Randomized controlled trial,28.0,34.19,3.91,30.0,34.97,4.16,,Mindfulness,Control,China,no,2.selective,12,66,Some,High,High,High,Some,N,NR
Zhang 2018,Anxiety,Spielberger Anxiety Scale State and Trait,Anxiety,Postintervention,D,passive,Randomized controlled trial,28.0,31.72,4.78,30.0,35.78,4.84,,Mindfulness,Control,China,no,2.selective,12,66,Some,High,High,High,Some,N,NR
Zhang 2018,Depression,Self-rating Depression Scale,depression,Baseline,D,passive,Randomized controlled trial,28.0,51.75,7.39,30.0,52.06,6.33,,Mindfulness,Control,China,no,2.selective,12,66,Some,High,High,High,Some,N,NR
Zhang 2018,Depression,Self-rating Depression Scale,depression,Postintervention,D,passive,Randomized controlled trial,28.0,51.38,7.66,30.0,51.97,6.7,,Mindfulness,Control,China,no,2.selective,12,66,Some,High,High,High,Some,N,NR
DamiaoNeto 2019,Anxiety,DASS-21 subscale,Anxiety,Baseline,D,active-nonspecific,Randomized controlled trial,70.0,4.37,3.5,71.0,3.87,3.57,,Mindfulness,Control,Brazil,no,1.universal,12,141,Some,Some,High,High,Some,N,Y
DamiaoNeto 2019,Anxiety,DASS-21 subscale,Anxiety,Postintervention,D,active-nonspecific,Randomized controlled trial,70.0,3.74,3.47,71.0,3.57,3.45,,Mindfulness,Control,Brazil,no,1.universal,12,141,Some,Some,High,High,Some,N,Y
DamiaoNeto 2019,Depression,DASS-21 subscale,Depression,Baseline,D,active-nonspecific,Randomized controlled trial,70.0,4.47,4.24,71.0,3.82,3.77,,Mindfulness,Control,Brazil,no,1.universal,12,141,Some,Some,High,High,Some,N,Y
DamiaoNeto 2019,Depression,DASS-21 subscale,Depression,Postintervention,D,active-nonspecific,Randomized controlled trial,70.0,3.91,3.34,71.0,3.97,3.28,,Mindfulness,Control,Brazil,no,1.universal,12,141,Some,Some,High,High,Some,N,Y
DamiaoNeto 2019,Distress,DASS-21 subscale,Stress,Baseline,D,active-nonspecific,Randomized controlled trial,70.0,8.68,4.16,71.0,7.54,3.98,,Mindfulness,Control,Brazil,no,1.universal,12,141,Some,Some,High,High,Some,N,Y
DamiaoNeto 2019,Distress,DASS-21 subscale,Stress,Postintervention,D,active-nonspecific,Randomized controlled trial,70.0,8.18,4.03,71.0,7.76,4.4,,Mindfulness,Control,Brazil,no,1.universal,12,141,Some,Some,High,High,Some,N,Y
DamiaoNeto 2019,Mindfulness,FFMQ,Mindfulness,Baseline,U,active-nonspecific,Randomized controlled trial,70.0,114.09,17.99,71.0,119.9,15.73,,Mindfulness,Control,Brazil,no,1.universal,12,141,Some,Some,High,High,Some,N,Y
DamiaoNeto 2019,Mindfulness,FFMQ,Mindfulness,Postintervention,U,active-nonspecific,Randomized controlled trial,70.0,115.76,20.38,71.0,116.3,17.04,,Mindfulness,Control,Brazil,no,1.universal,12,141,Some,Some,High,High,Some,N,Y
Ireland 2017,Distress,PSS,Perceived Stress,Baseline,D,active-nonspecific,Randomized controlled trial,23.0,2.78,0.55,21.0,2.55,0.62,,Mindfulness,Control,Australia,no,2.selective,10,44,Some,High,Some,High,Some,N,NR
Ireland 2017,Distress,PSS,Perceived Stress,Postintervention,D,active-nonspecific,Randomized controlled trial,23.0,2.42,0.43,21.0,2.61,0.62,arm1.n=assumed-by-review-authors;arm2.n=assumed-by-review-authors,Mindfulness,Control,Australia,no,2.selective,10,44,Some,High,Some,High,Some,N,NR
Ireland 2017,Real life functioning,Copenhagen Burnout Inventory (CBI),Psychological burnout,Baseline,D,active-nonspecific,Randomized controlled trial,23.0,2.55,0.52,21.0,2.65,0.75,,Mindfulness,Control,Australia,no,2.selective,10,44,Some,High,Some,High,Some,N,NR
Ireland 2017,Real life functioning,Copenhagen Burnout Inventory (CBI),Psychological burnout,Postintervention,D,active-nonspecific,Randomized controlled trial,23.0,2.35,0.49,21.0,2.81,0.87,arm1.n=assumed-by-review-authors;arm2.n=assumed-by-review-authors,Mindfulness,Control,Australia,no,2.selective,10,44,Some,High,Some,High,Some,N,NR
Norouzi 2020,Anxiety,BAI,Anxiety,1-6months,D,active-nonspecific,Randomized controlled trial,20.0,16.4,5.8,20.0,26.7,5.8,,Mindfulness,Control,Iran,no,1.universal,24,40,Some,Some,Low,High,Some,NR,NR
Norouzi 2020,Anxiety,BAI,Anxiety,Baseline,D,active-nonspecific,Randomized controlled trial,20.0,27.7,9.8,20.0,26.2,6.1,,Mindfulness,Control,Iran,no,1.universal,24,40,Some,Some,Low,High,Some,NR,NR
Norouzi 2020,Anxiety,BAI,Anxiety,Postintervention,D,active-nonspecific,Randomized controlled trial,20.0,11.9,3.4,20.0,27.0,6.4,,Mindfulness,Control,Iran,no,1.universal,24,40,Some,Some,Low,High,Some,NR,NR
Norouzi 2020,Depression,Montgomery-Asberg Depression Rating Scale (MADRS),Depression,1-6months,D,active-nonspecific,Randomized controlled trial,20.0,12.4,3.2,20.0,16.4,4.8,,Mindfulness,Control,Iran,no,1.universal,24,40,Some,Some,Low,High,Some,NR,NR
Norouzi 2020,Depression,Montgomery-Asberg Depression Rating Scale (MADRS),Depression,Baseline,D,active-nonspecific,Randomized controlled trial,20.0,22.9,8.0,20.0,17.4,5.2,,Mindfulness,Control,Iran,no,1.universal,24,40,Some,Some,Low,High,Some,NR,NR
Norouzi 2020,Depression,Montgomery-Asberg Depression Rating Scale (MADRS),Depression,Postintervention,D,active-nonspecific,Randomized controlled trial,20.0,9.4,2.5,20.0,17.1,5.2,,Mindfulness,Control,Iran,no,1.universal,24,40,Some,Some,Low,High,Some,NR,NR
Norouzi 2020,Distress,PSS-14,Perceived Stress,1-6months,D,active-nonspecific,Randomized controlled trial,20.0,22.8,9.2,20.0,30.5,12.2,,Mindfulness,Control,Iran,no,1.universal,24,40,Some,Some,Low,High,Some,NR,NR
Norouzi 2020,Distress,PSS-14,Perceived Stress,Baseline,D,active-nonspecific,Randomized controlled trial,20.0,30.2,12.0,20.0,29.5,12.0,,Mindfulness,Control,Iran,no,1.universal,24,40,Some,Some,Low,High,Some,NR,NR
Norouzi 2020,Distress,PSS-14,Perceived Stress,Postintervention,D,active-nonspecific,Randomized controlled trial,20.0,12.6,4.8,20.0,30.3,12.1,,Mindfulness,Control,Iran,no,1.universal,24,40,Some,Some,Low,High,Some,NR,NR
Norouzi 2020,Mental wellbeing,Ryff Scales of Psychological Well-being Scale,Wellbeing,1-6months,U,active-nonspecific,Randomized controlled trial,20.0,320.7,46.1,20.0,297.3,43.0,,Mindfulness,Control,Iran,no,1.universal,24,40,Some,Some,Low,High,Some,NR,NR
Norouzi 2020,Mental wellbeing,Ryff Scales of Psychological Well-being Scale,Wellbeing,Baseline,U,active-nonspecific,Randomized controlled trial,20.0,255.0,52.3,20.0,281.5,40.4,,Mindfulness,Control,Iran,no,1.universal,24,40,Some,Some,Low,High,Some,NR,NR
Norouzi 2020,Mental wellbeing,Ryff Scales of Psychological Well-being Scale,Wellbeing,Postintervention,U,active-nonspecific,Randomized controlled trial,20.0,386.5,37.9,20.0,277.6,38.3,,Mindfulness,Control,Iran,no,1.universal,24,40,Some,Some,Low,High,Some,NR,NR
Agee 2009,Distress,Brief Symptom Inventory (BSI),Psychological Distress,Baseline,D,active-specific,Randomized controlled trial,19.0,0.83,0.54,24.0,0.61,0.28,,Mindfulness,Control,US,yes,1.universal,5,43,Some,High,High,High,High,NR,Y
Agee 2009,Distress,Brief Symptom Inventory (BSI),Psychological Distress,Postintervention,D,active-specific,Randomized controlled trial,18.0,0.6,0.51,18.0,0.43,0.26,,Mindfulness,Control,US,yes,1.universal,5,43,Some,High,High,High,High,NR,Y
Agee 2009,Mindfulness,MAAS,Mindfulness (trait),Baseline,U,active-specific,Randomized controlled trial,19.0,3.5,0.83,24.0,3.58,0.85,,Mindfulness,Control,US,yes,1.universal,5,43,Some,High,High,High,High,NR,Y
Agee 2009,Mindfulness,MAAS,Mindfulness (trait),Postintervention,U,active-specific,Randomized controlled trial,18.0,3.84,0.65,18.0,3.98,0.59,,Mindfulness,Control,US,yes,1.universal,5,43,Some,High,High,High,High,NR,Y
Anclair 2018,Distress,PSS,Stress,Baseline,D,active-specific,Randomized controlled trial,11.0,35.44,5.1,10.0,34.5,5.01,,Mindfulness,Control,Sweden,no,2.selective,16,21,Some,High,Some,High,Some,NR,N
Anclair 2018,Distress,PSS,Stress,Postintervention,D,active-specific,Randomized controlled trial,9.0,24.0,4.79,10.0,24.2,6.82,,Mindfulness,Control,Sweden,no,2.selective,16,21,Some,High,Some,High,Some,NR,N
Anclair 2018,Real life functioning,Shirom-Melamed  Burnout  Questionnaire,Burnout,Baseline,D,active-specific,Randomized controlled trial,11.0,4.91,0.8,10.0,4.62,0.75,,Mindfulness,Control,Sweden,no,2.selective,16,21,Some,High,Some,High,Some,NR,N
Anclair 2018,Real life functioning,Shirom-Melamed  Burnout  Questionnaire,Burnout,Postintervention,D,active-specific,Randomized controlled trial,9.0,3.79,0.9,10.0,3.44,1.0,,Mindfulness,Control,Sweden,no,2.selective,16,21,Some,High,Some,High,Some,NR,N
Beattie 2017,Depression,EDPS,Depression,1-6months,D,active-specific,Randomized controlled trial,8.0,5.1,4.26,10.0,5.4,5.01,,Mindfulness,Control,Australia,no,2.selective,16,48,Low,Some,High,High,Low,N,Y
Beattie 2017,Depression,EDPS,Depression,Baseline,D,active-specific,Randomized controlled trial,11.0,5.3,3.09,11.0,5.6,3.54,,Mindfulness,Control,Australia,no,2.selective,16,48,Low,Some,High,High,Low,N,Y
Beattie 2017,Depression,EDPS,Depression,Postintervention,D,active-specific,Randomized controlled trial,9.0,4.1,2.8,11.0,5.5,3.7,,Mindfulness,Control,Australia,no,2.selective,16,48,Low,Some,High,High,Low,N,Y
Beattie 2017,Distress,PSS,Stress,1-6months,D,active-specific,Randomized controlled trial,8.0,11.4,8.26,10.0,10.3,6.63,,Mindfulness,Control,Australia,no,2.selective,16,48,Low,Some,High,High,Low,N,Y
Beattie 2017,Distress,PSS,Stress,Baseline,D,active-specific,Randomized controlled trial,11.0,14.0,3.65,11.0,14.1,4.26,,Mindfulness,Control,Australia,no,2.selective,16,48,Low,Some,High,High,Low,N,Y
Beattie 2017,Distress,PSS,Stress,Postintervention,D,active-specific,Randomized controlled trial,9.0,10.6,4.65,11.0,9.9,6.98,,Mindfulness,Control,Australia,no,2.selective,16,48,Low,Some,High,High,Low,N,Y
Beattie 2017,Mindfulness,MAAS,Mindfulness,1-6months,U,active-specific,Randomized controlled trial,8.0,5.0,0.5,10.0,4.6,1.2,,Mindfulness,Control,Australia,no,2.selective,16,48,Low,Some,High,High,Low,N,Y
Beattie 2017,Mindfulness,MAAS,Mindfulness,Baseline,U,active-specific,Randomized controlled trial,11.0,4.2,0.59,11.0,4.2,0.99,,Mindfulness,Control,Australia,no,2.selective,16,48,Low,Some,High,High,Low,N,Y
Beattie 2017,Mindfulness,MAAS,Mindfulness,Postintervention,U,active-specific,Randomized controlled trial,9.0,4.82,0.98,11.0,4.5,0.87,,Mindfulness,Control,Australia,no,2.selective,16,48,Low,Some,High,High,Low,N,Y
Black 2015,Anxiety,BAI,Anxiety,Baseline,D,active-specific,Randomized controlled trial,24.0,13.5,4.5,25.0,13.4,4.5,,Mindfulness,Control,US,yes,3.indicated,12,49,Low,Some,Some,High,Some,NR,N
Black 2015,Anxiety,BAI,Anxiety,Postintervention,D,active-specific,Randomized controlled trial,23.0,10.6,4.9,20.0,10.8,5.2,arm1.n=assumed-by-review-authors;arm2.n=assumed-by-review-authors,Mindfulness,Control,US,yes,3.indicated,12,49,Low,Some,Some,High,Some,NR,N
Black 2015,Depression,BDI-II,Depression,Baseline,D,active-specific,Randomized controlled trial,24.0,10.9,4.9,25.0,11.0,4.9,,Mindfulness,Control,US,yes,3.indicated,12,49,Low,Some,Some,High,Some,NR,N
Black 2015,Depression,BDI-II,Depression,Postintervention,D,active-specific,Randomized controlled trial,23.0,7.0,5.4,20.0,10.9,5.6,arm1.n=assumed-by-review-authors;arm2.n=assumed-by-review-authors,Mindfulness,Control,US,yes,3.indicated,12,49,Low,Some,Some,High,Some,NR,N
Black 2015,Distress,PSS,Perceived stress,Baseline,D,active-specific,Randomized controlled trial,24.0,22.0,3.7,25.0,22.1,3.7,,Mindfulness,Control,US,yes,3.indicated,12,49,Low,Some,Some,High,Some,NR,N
Black 2015,Distress,PSS,Perceived stress,Postintervention,D,active-specific,Randomized controlled trial,23.0,16.9,4.1,20.0,18.3,4.3,arm1.n=assumed-by-review-authors;arm2.n=assumed-by-review-authors,Mindfulness,Control,US,yes,3.indicated,12,49,Low,Some,Some,High,Some,NR,N
Black 2015,Mindfulness,FFMQ short form,Mindfulness,Baseline,U,active-specific,Randomized controlled trial,24.0,3.4,0.2,25.0,3.3,0.3,,Mindfulness,Control,US,yes,3.indicated,12,49,Low,Some,Some,High,Some,NR,N
Black 2015,Mindfulness,FFMQ short form,Mindfulness,Postintervention,U,active-specific,Randomized controlled trial,23.0,3.6,0.2,20.0,3.4,0.3,arm1.n=assumed-by-review-authors;arm2.n=assumed-by-review-authors,Mindfulness,Control,US,yes,3.indicated,12,49,Low,Some,Some,High,Some,NR,N
Black 2015,Psychosomatic outcomes,PSQI,Sleep,Baseline,D,active-specific,Randomized controlled trial,24.0,10.2,1.7,25.0,10.2,1.8,,Mindfulness,Control,US,yes,3.indicated,12,49,Low,Some,Some,High,Some,NR,N
Black 2015,Psychosomatic outcomes,PSQI,Sleep,Postintervention,D,active-specific,Randomized controlled trial,23.0,7.4,1.9,20.0,9.1,2.0,arm1.n=assumed-by-review-authors;arm2.n=assumed-by-review-authors,Mindfulness,Control,US,yes,3.indicated,12,49,Low,Some,Some,High,Some,NR,N
Delgado 2010,Anxiety,STAI,Anxiety trait,Baseline,D,active-specific,Randomized controlled trial,18.0,29.7,10.7,18.0,31.6,11.6,,Mindfulness,Control,Spain,no,1.universal,10,36,Some,High,High,High,Some,NR,NR
Delgado 2010,Anxiety,STAI,Anxiety trait,Postintervention,D,active-specific,Randomized controlled trial,15.0,26.3,11.2,17.0,26.9,10.9,arm1.n=assumed-by-review-authors;arm2.n=assumed-by-review-authors,Mindfulness,Control,Spain,no,1.universal,10,36,Some,High,High,High,Some,NR,NR
Delgado 2010,Depression,BDI,Depression,Baseline,D,active-specific,Randomized controlled trial,18.0,9.0,6.2,18.0,9.8,8.6,,Mindfulness,Control,Spain,no,1.universal,10,36,Some,High,High,High,Some,NR,NR
Delgado 2010,Depression,BDI,Depression,Postintervention,D,active-specific,Randomized controlled trial,15.0,4.9,6.5,17.0,6.9,7.3,arm1.n=assumed-by-review-authors;arm2.n=assumed-by-review-authors,Mindfulness,Control,Spain,no,1.universal,10,36,Some,High,High,High,Some,NR,NR
Delgado 2010,Distress,PANAS-N time frame past week,Negative affect,Baseline,D,active-specific,Randomized controlled trial,18.0,23.2,6.5,18.0,23.4,9.0,,Mindfulness,Control,Spain,no,1.universal,10,36,Some,High,High,High,Some,NR,NR
Delgado 2010,Distress,PANAS-N time frame past week,Negative affect,Postintervention,D,active-specific,Randomized controlled trial,15.0,22.7,6.8,17.0,21.7,7.4,arm1.n=assumed-by-review-authors;arm2.n=assumed-by-review-authors,Mindfulness,Control,Spain,no,1.universal,10,36,Some,High,High,High,Some,NR,NR
Delgado 2010,Mental wellbeing,PANAS-P time frame past week,Positive affect,Baseline,U,active-specific,Randomized controlled trial,18.0,30.2,4.8,18.0,28.5,7.9,,Mindfulness,Control,Spain,no,1.universal,10,36,Some,High,High,High,Some,NR,NR
Delgado 2010,Mental wellbeing,PANAS-P time frame past week,Positive affect,Postintervention,U,active-specific,Randomized controlled trial,15.0,31.6,5.3,17.0,29.9,6.6,arm1.n=assumed-by-review-authors;arm2.n=assumed-by-review-authors,Mindfulness,Control,Spain,no,1.universal,10,36,Some,High,High,High,Some,NR,NR
Isbel 2019,Cognitive functioning,Sustained Attention to Response Task RT,Sustained attention,Baseline,D,active-specific,Randomized controlled trial,41.0,503.12,56.29,26.0,472.06,62.05,,Mindfulness,Control,Australia,no,1.universal,16,120,Some,High,High,High,Some,N,Y
Isbel 2019,Cognitive functioning,Sustained Attention to Response Task RT,Sustained attention,Postintervention,D,active-specific,Randomized controlled trial,41.0,506.1,65.59,26.0,466.89,74.98,,Mindfulness,Control,Australia,no,1.universal,16,120,Some,High,High,High,Some,N,Y
Isbel 2019,Distress,PANAS timeframe NR,Negative affect,Baseline,D,active-specific,Randomized controlled trial,41.0,15.12,4.64,26.0,13.5,2.92,,Mindfulness,Control,Australia,no,1.universal,16,120,Some,High,High,High,Some,N,Y
Isbel 2019,Distress,PANAS timeframe NR,Negative affect,Postintervention,D,active-specific,Randomized controlled trial,41.0,14.88,5.24,26.0,15.62,7.38,,Mindfulness,Control,Australia,no,1.universal,16,120,Some,High,High,High,Some,N,Y
Isbel 2019,Mental wellbeing,PANAS time frame NR,Positive affect,Baseline,U,active-specific,Randomized controlled trial,41.0,37.32,6.42,26.0,38.54,7.2,,Mindfulness,Control,Australia,no,1.universal,16,120,Some,High,High,High,Some,N,Y
Isbel 2019,Mental wellbeing,PANAS time frame NR,Positive affect,Postintervention,U,active-specific,Randomized controlled trial,41.0,40.56,4.99,26.0,39.04,7.3,,Mindfulness,Control,Australia,no,1.universal,16,120,Some,High,High,High,Some,N,Y
Josefsson 2014,Anxiety,Hospital Anxiety and Depression Scale,Anxiety,Baseline,D,active-specific,Randomized controlled trial,38.0,8.22,4.5,35.0,7.42,4.2,,Mindfulness,Relaxation,Sweden,no,1.universal,5.25,98,Some,High,High,High,Some,NR,NR
Josefsson 2014,Anxiety,Hospital Anxiety and Depression Scale,Anxiety,Postintervention,D,active-specific,Randomized controlled trial,38.0,5.92,3.6,35.0,5.2,3.6,,Mindfulness,Relaxation,Sweden,no,1.universal,5.25,98,Some,High,High,High,Some,NR,NR
Josefsson 2014,Cognitive functioning,,Stroop RT,Baseline,D,active-specific,Randomized controlled trial,21.0,1178.0,619.4,24.0,1201.7,360.3,,Mindfulness,Relaxation,Sweden,no,1.universal,5.25,98,Some,High,High,High,Some,NR,NR
Josefsson 2014,Cognitive functioning,,Stroop RT,Postintervention,D,active-specific,Randomized controlled trial,21.0,890.2,178.5,24.0,983.8,259.6,,Mindfulness,Relaxation,Sweden,no,1.universal,5.25,98,Some,High,High,High,Some,NR,NR
Josefsson 2014,Depression,Hospital Anxiety and Depression Scale,Depression,Baseline,D,active-specific,Randomized controlled trial,38.0,3.72,2.8,35.0,3.35,2.0,,Mindfulness,Relaxation,Sweden,no,1.universal,5.25,98,Some,High,High,High,Some,NR,NR
Josefsson 2014,Depression,Hospital Anxiety and Depression Scale,Depression,Postintervention,D,active-specific,Randomized controlled trial,38.0,2.9,2.6,35.0,2.46,2.2,,Mindfulness,Relaxation,Sweden,no,1.universal,5.25,98,Some,High,High,High,Some,NR,NR
Josefsson 2014,Mental wellbeing,short form of Ryff’s PWB scale,Psychological Well-being,Baseline,U,active-specific,Randomized controlled trial,38.0,4.46,0.6,35.0,4.6,0.5,,Mindfulness,Relaxation,Sweden,no,1.universal,5.25,98,Some,High,High,High,Some,NR,NR
Josefsson 2014,Mental wellbeing,short form of Ryff’s PWB scale,Psychological Well-being,Postintervention,U,active-specific,Randomized controlled trial,38.0,4.72,0.6,35.0,4.74,0.5,,Mindfulness,Relaxation,Sweden,no,1.universal,5.25,98,Some,High,High,High,Some,NR,NR
Josefsson 2014,Mindfulness,,Five-Facet Mindfulness Questionnaire,Baseline,U,active-specific,Randomized controlled trial,38.0,94.08,13.1,35.0,92.6,11.2,,Mindfulness,Relaxation,Sweden,no,1.universal,5.25,98,Some,High,High,High,Some,NR,NR
Josefsson 2014,Mindfulness,,Five-Facet Mindfulness Questionnaire,Postintervention,U,active-specific,Randomized controlled trial,38.0,100.58,9.4,35.0,97.71,10.2,,Mindfulness,Relaxation,Sweden,no,1.universal,5.25,98,Some,High,High,High,Some,NR,NR
Lebares 2019,Cognitive functioning,NIH-EXAMINER task,Executive composite,6+months,U,active-specific,Randomized controlled trial,12.0,2.04,0.34,9.0,1.64,0.48,,Mindfulness,Control,US,yes,1.universal,19,21,Some,High,Low,High,Some,Y,Y
Lebares 2019,Cognitive functioning,NIH-EXAMINER task,Executive composite,Baseline,U,active-specific,Randomized controlled trial,12.0,1.74,0.42,9.0,1.46,0.63,,Mindfulness,Control,US,yes,1.universal,19,21,Some,High,Low,High,Some,Y,Y
Lebares 2019,Cognitive functioning,NIH-EXAMINER task,Executive composite,Postintervention,U,active-specific,Randomized controlled trial,12.0,1.86,0.43,9.0,1.61,0.51,,Mindfulness,Control,US,yes,1.universal,19,21,Some,High,Low,High,Some,Y,Y
Lebares 2019,Depression,PHQ-9,Depression,6+months,D,active-specific,Randomized controlled trial,12.0,2.25,2.34,9.0,2.56,2.13,,Mindfulness,Control,US,yes,1.universal,19,21,Some,High,Low,High,Some,Y,Y
Lebares 2019,Depression,PHQ-9,Depression,Baseline,D,active-specific,Randomized controlled trial,12.0,1.67,1.56,9.0,0.89,0.93,,Mindfulness,Control,US,yes,1.universal,19,21,Some,High,Low,High,Some,Y,Y
Lebares 2019,Depression,PHQ-9,Depression,Postintervention,D,active-specific,Randomized controlled trial,12.0,2.58,2.61,9.0,3.33,3.61,,Mindfulness,Control,US,yes,1.universal,19,21,Some,High,Low,High,Some,Y,Y
Lebares 2019,Distress,PSS-10,Perceived Stress,6+months,D,active-specific,Randomized controlled trial,12.0,11.17,3.69,9.0,14.56,4.13,,Mindfulness,Control,US,yes,1.universal,19,21,Some,High,Low,High,Some,Y,Y
Lebares 2019,Distress,PSS-10,Perceived Stress,Baseline,D,active-specific,Randomized controlled trial,12.0,10.17,4.41,9.0,13.22,5.56,,Mindfulness,Control,US,yes,1.universal,19,21,Some,High,Low,High,Some,Y,Y
Lebares 2019,Distress,PSS-10,Perceived Stress,Postintervention,D,active-specific,Randomized controlled trial,12.0,11.58,5.44,9.0,16.67,7.78,,Mindfulness,Control,US,yes,1.universal,19,21,Some,High,Low,High,Some,Y,Y
Lebares 2019,Mindfulness,Cognitive and Affective Mindfulness Scale-Revised (CAMS-R),Mindfulness,6+months,U,active-specific,Randomized controlled trial,12.0,30.17,4.59,9.0,25.78,4.49,,Mindfulness,Control,US,yes,1.universal,19,21,Some,High,Low,High,Some,Y,Y
Lebares 2019,Mindfulness,Cognitive and Affective Mindfulness Scale-Revised (CAMS-R),Mindfulness,Baseline,U,active-specific,Randomized controlled trial,12.0,28.0,4.09,9.0,25.89,4.4,,Mindfulness,Control,US,yes,1.universal,19,21,Some,High,Low,High,Some,Y,Y
Lebares 2019,Mindfulness,Cognitive and Affective Mindfulness Scale-Revised (CAMS-R),Mindfulness,Postintervention,U,active-specific,Randomized controlled trial,12.0,31.08,3.61,9.0,27.44,4.33,,Mindfulness,Control,US,yes,1.universal,19,21,Some,High,Low,High,Some,Y,Y
Lebares 2019,Real life functioning,abbreviated Maslach Burnout Inventory validated?,Burnout,6+months,D,active-specific,Randomized controlled trial,12.0,29.42,8.48,9.0,30.89,8.57,,Mindfulness,Control,US,yes,1.universal,19,21,Some,High,Low,High,Some,Y,Y
Lebares 2019,Real life functioning,abbreviated Maslach Burnout Inventory validated?,Burnout,Baseline,D,active-specific,Randomized controlled trial,12.0,23.92,6.83,9.0,25.33,7.62,,Mindfulness,Control,US,yes,1.universal,19,21,Some,High,Low,High,Some,Y,Y
Lebares 2019,Real life functioning,abbreviated Maslach Burnout Inventory validated?,Burnout,Postintervention,D,active-specific,Randomized controlled trial,12.0,28.42,7.65,9.0,29.67,5.9,,Mindfulness,Control,US,yes,1.universal,19,21,Some,High,Low,High,Some,Y,Y
Lonnberg 2020,Depression,EDPS,Depression,Baseline,D,active-specific,Randomized controlled trial,96.0,9.92,4.83,97.0,10.1,5.1,,Mindfulness,Control,Sweden,no,2.selective,10,193,Low,Some,Low,High,Some,Y,Y
Lonnberg 2020,Depression,EDPS,Depression,Postintervention,D,active-specific,Randomized controlled trial,96.0,6.37,4.1,97.0,8.42,5.48,,Mindfulness,Control,Sweden,no,2.selective,10,193,Low,Some,Low,High,Some,Y,Y
Lonnberg 2020,Distress,PSS-14,Perceived Stress,Baseline,D,active-specific,Randomized controlled trial,96.0,26.85,7.17,97.0,26.97,7.52,,Mindfulness,Control,Sweden,no,2.selective,10,193,Low,Some,Low,High,Some,Y,Y
Lonnberg 2020,Distress,PSS-14,Perceived Stress,Postintervention,D,active-specific,Randomized controlled trial,96.0,20.76,6.54,97.0,23.33,7.85,,Mindfulness,Control,Sweden,no,2.selective,10,193,Low,Some,Low,High,Some,Y,Y
Lonnberg 2020,Mindfulness,FFMQ,Mindfulness,Baseline,U,active-specific,Randomized controlled trial,96.0,90.65,12.41,97.0,90.24,13.29,,Mindfulness,Control,Sweden,no,2.selective,10,193,Low,Some,Low,High,Some,Y,Y
Lonnberg 2020,Mindfulness,FFMQ,Mindfulness,Postintervention,U,active-specific,Randomized controlled trial,96.0,100.15,12.6,97.0,96.22,13.56,,Mindfulness,Control,Sweden,no,2.selective,10,193,Low,Some,Low,High,Some,Y,Y
Lonnberg 2020,Depression,EDPS,Depression,1-6months,D,active-specific,Randomized controlled trial,69.0,6.65,4.68,84.0,7.71,5.76,,Mindfulness,Control,Sweden,no,2.selective,10,193,Low,Some,Low,High,Some,Y,Y
Lonnberg 2020,Distress,PSS-14,Perceived Stress,1-6months,D,active-specific,Randomized controlled trial,69.0,21.3,8.1,84.0,21.9,8.98,,Mindfulness,Control,Sweden,no,2.selective,10,193,Low,Some,Low,High,Some,Y,Y
Lopez-Maya 2019,Relationship with self,SCS,Self-compassion,Baseline,U,active-specific,Randomized controlled trial,38.0,68.759474,20.085319,38.0,70.964737,16.308867,,Mindfulness,Control,US,yes,3.indicated,20,76,Low,Some,Some,High,Some,N,NR
Lopez-Maya 2019,Relationship with self,SCS,Self-compassion,Postintervention,U,active-specific,Randomized controlled trial,38.0,88.609999,15.400212,38.0,85.566842,16.745309,,Mindfulness,Control,US,yes,3.indicated,20,76,Low,Some,Some,High,Some,N,NR
Ma 2019,Anxiety,BAI,Anxiety,1-6months,D,active-specific,Randomized controlled trial,22.0,10.82,7.3,19.0,8.79,5.96,,Mindfulness,Control,China (HK),no,3.indicated,12,43,Some,Some,Low,High,Some,NR,Y
Ma 2019,Anxiety,BAI,Anxiety,Baseline,D,active-specific,Randomized controlled trial,22.0,15.68,5.76,21.0,13.84,5.28,,Mindfulness,Control,China (HK),no,3.indicated,12,43,Some,Some,Low,High,Some,NR,Y
Ma 2019,Anxiety,BAI,Anxiety,Postintervention,D,active-specific,Randomized controlled trial,22.0,7.55,4.59,19.0,9.32,5.91,,Mindfulness,Control,China (HK),no,3.indicated,12,43,Some,Some,Low,High,Some,NR,Y
Ma 2019,Cognitive functioning,Internal switching task (switching cost),Attention,Baseline,D,active-specific,Randomized controlled trial,22.0,0.44,0.4,19.0,0.42,0.27,,Mindfulness,Control,China (HK),no,3.indicated,12,43,Some,Some,Low,High,Some,NR,Y
Ma 2019,Cognitive functioning,Internal switching task (switching cost),Attention,Postintervention,D,active-specific,Randomized controlled trial,22.0,0.39,0.28,19.0,0.42,0.19,,Mindfulness,Control,China (HK),no,3.indicated,12,43,Some,Some,Low,High,Some,NR,Y
Ma 2019,Depression,HADS D Chinese,Depression,1-6months,D,active-specific,Randomized controlled trial,22.0,3.82,2.54,19.0,4.79,3.41,,Mindfulness,Control,China (HK),no,3.indicated,12,43,Some,Some,Low,High,Some,NR,Y
Ma 2019,Depression,HADS D Chinese,Depression,Baseline,D,active-specific,Randomized controlled trial,22.0,7.55,3.05,21.0,5.21,2.84,,Mindfulness,Control,China (HK),no,3.indicated,12,43,Some,Some,Low,High,Some,NR,Y
Ma 2019,Depression,HADS D Chinese,Depression,Postintervention,D,active-specific,Randomized controlled trial,22.0,4.14,3.04,19.0,4.32,2.77,,Mindfulness,Control,China (HK),no,3.indicated,12,43,Some,Some,Low,High,Some,NR,Y
Ma 2019,Distress,Revised Clinical Interview Schedule (CIS-R) Chinese,Psychological Symptoms,1-6months,D,active-specific,Randomized controlled trial,22.0,10.36,7.44,19.0,8.37,5.93,,Mindfulness,Control,China (HK),no,3.indicated,12,43,Some,Some,Low,High,Some,NR,Y
Ma 2019,Distress,Revised Clinical Interview Schedule (CIS-R) Chinese,Psychological Symptoms,Baseline,D,active-specific,Randomized controlled trial,22.0,17.68,7.17,21.0,12.16,6.19,,Mindfulness,Control,China (HK),no,3.indicated,12,43,Some,Some,Low,High,Some,NR,Y
Ma 2019,Distress,Revised Clinical Interview Schedule (CIS-R) Chinese,Psychological Symptoms,Postintervention,D,active-specific,Randomized controlled trial,22.0,7.91,6.52,19.0,9.11,5.97,,Mindfulness,Control,China (HK),no,3.indicated,12,43,Some,Some,Low,High,Some,NR,Y
Ma 2019,Mindfulness,MAAS,Mindfulness,1-6months,U,active-specific,Randomized controlled trial,22.0,4.35,0.56,19.0,4.46,0.79,,Mindfulness,Control,China (HK),no,3.indicated,12,43,Some,Some,Low,High,Some,NR,Y
Ma 2019,Mindfulness,MAAS,Mindfulness,Baseline,U,active-specific,Randomized controlled trial,22.0,4.02,0.61,21.0,4.06,0.64,,Mindfulness,Control,China (HK),no,3.indicated,12,43,Some,Some,Low,High,Some,NR,Y
Ma 2019,Mindfulness,MAAS,Mindfulness,Postintervention,U,active-specific,Randomized controlled trial,22.0,4.4,0.59,19.0,4.33,0.61,,Mindfulness,Control,China (HK),no,3.indicated,12,43,Some,Some,Low,High,Some,NR,Y
Malinowski 2017,Mental wellbeing,WEMWBS,Wellbeing,Baseline,U,active-specific,Randomized controlled trial,25.0,54.1,7.0,25.0,54.6,9.8,,Mindfulness,Control,UK,no,1.universal,6,56,Some,Some,High,High,Some,N,NR
Malinowski 2017,Mental wellbeing,WEMWBS,Wellbeing,Postintervention,U,active-specific,Randomized controlled trial,25.0,55.2,6.6,25.0,54.3,7.4,,Mindfulness,Control,UK,no,1.universal,6,56,Some,Some,High,High,Some,N,NR
Malinowski 2017,Mindfulness,FFMQ,Mindfulness,Baseline,U,active-specific,Randomized controlled trial,25.0,134.8,17.6,25.0,137.6,18.6,,Mindfulness,Control,UK,no,1.universal,6,56,Some,Some,High,High,Some,N,NR
Malinowski 2017,Mindfulness,FFMQ,Mindfulness,Postintervention,U,active-specific,Randomized controlled trial,25.0,138.1,16.6,25.0,135.2,15.1,,Mindfulness,Control,UK,no,1.universal,6,56,Some,Some,High,High,Some,N,NR
Malinowski 2017,Relationship with self,Generalised Self-Efficacy Scale,Self-efficacy,Baseline,U,active-specific,Randomized controlled trial,25.0,31.1,4.2,25.0,33.2,4.0,,Mindfulness,Control,UK,no,1.universal,6,56,Some,Some,High,High,Some,N,NR
Malinowski 2017,Relationship with self,Generalised Self-Efficacy Scale,Self-efficacy,Postintervention,U,active-specific,Randomized controlled trial,25.0,32.2,3.1,25.0,34.1,4.1,,Mindfulness,Control,UK,no,1.universal,6,56,Some,Some,High,High,Some,N,NR
Sevinc 2018,Distress,PSS-10,Perceived stress,Baseline,D,active-specific,Cluster randomized controlled trial,18.0,17.7,5.7,20.0,14.1,6.6,,Mindfulness,Control,US,yes,1.universal,16,50,Low,Some,Low,High,Some,N,N
Sevinc 2018,Distress,PSS-10,Perceived stress,Postintervention,D,active-specific,Cluster randomized controlled trial,18.0,11.9,5.0,20.0,11.3,5.5,,Mindfulness,Control,US,yes,1.universal,16,50,Low,Some,Low,High,Some,N,N
Sevinc 2018,Mindfulness,FFMQ subscales,Mindfulness,Baseline,U,active-specific,Cluster randomized controlled trial,19.0,125.6,18.98,19.0,130.9,18.05,,Mindfulness,Control,US,yes,1.universal,16,50,Low,Some,Low,High,Some,N,N
Sevinc 2018,Mindfulness,FFMQ subscales,Mindfulness,Postintervention,U,active-specific,Cluster randomized controlled trial,19.0,120.8,17.43,19.0,144.4,18.34,,Mindfulness,Control,US,yes,1.universal,16,50,Low,Some,Low,High,Some,N,N
Sevinc 2018,Relationship with self,SCS 26 subscales,Self-compassion,Baseline,U,active-specific,Cluster randomized controlled trial,18.0,18.37,2.55,19.0,17.04,2.18,,Mindfulness,Control,US,yes,1.universal,16,50,Low,Some,Low,High,Some,N,N
Sevinc 2018,Relationship with self,SCS 26 subscales,Self-compassion,Postintervention,U,active-specific,Cluster randomized controlled trial,18.0,17.81,2.49,19.0,17.45,2.43,,Mindfulness,Control,US,yes,1.universal,16,50,Low,Some,Low,High,Some,N,N
Guardino 2014,Distress,PSS-14,Perceived stress,1-6months,D,active-nonspecific,Randomized controlled trial,20.0,36.17,5.9,13.0,37.42,7.27,,Mindfulness,Control,US,yes,1.universal,12,47,Some,Some,High,High,Some,NR,N
Guardino 2014,Distress,PSS-14,Perceived stress,Baseline,D,active-nonspecific,Randomized controlled trial,24.0,41.81,6.0,23.0,39.91,8.55,,Mindfulness,Control,US,yes,1.universal,12,47,Some,Some,High,High,Some,NR,N
Guardino 2014,Distress,PSS-14,Perceived stress,Postintervention,D,active-nonspecific,Randomized controlled trial,20.0,37.3,5.38,20.0,35.8,8.01,,Mindfulness,Control,US,yes,1.universal,12,47,Some,Some,High,High,Some,NR,N
Guardino 2014,Mindfulness,FFMQ,Mindfulness,1-6months,U,active-nonspecific,Randomized controlled trial,20.0,132.68,16.58,13.0,136.73,23.0,,Mindfulness,Control,US,yes,1.universal,12,47,Some,Some,High,High,Some,NR,N
Guardino 2014,Mindfulness,FFMQ,Mindfulness,Baseline,U,active-nonspecific,Randomized controlled trial,24.0,119.64,13.04,23.0,123.61,16.41,,Mindfulness,Control,US,yes,1.universal,12,47,Some,Some,High,High,Some,NR,N
Guardino 2014,Mindfulness,FFMQ,Mindfulness,Postintervention,U,active-nonspecific,Randomized controlled trial,20.0,134.24,15.48,20.0,134.66,20.17,,Mindfulness,Control,US,yes,1.universal,12,47,Some,Some,High,High,Some,NR,N
James 2018,Anxiety,DASS,Anxiety,1-6months,D,active-nonspecific,Randomized controlled trial,28.0,10.1,7.7,32.0,11.8,9.6,,Mindfulness,Control,UK,no,3.indicated,16,65,Low,Some,High,High,Some,NR,Y
James 2018,Anxiety,DASS,Anxiety,Baseline,D,active-nonspecific,Randomized controlled trial,28.0,12.9,9.0,32.0,13.4,10.5,,Mindfulness,Control,UK,no,3.indicated,16,65,Low,Some,High,High,Some,NR,Y
James 2018,Anxiety,DASS,Anxiety,Postintervention,D,active-nonspecific,Randomized controlled trial,28.0,10.4,9.6,32.0,12.1,9.8,,Mindfulness,Control,UK,no,3.indicated,16,65,Low,Some,High,High,Some,NR,Y
James 2018,Depression,DASS,Depression,1-6months,D,active-nonspecific,Randomized controlled trial,28.0,13.2,11.5,32.0,13.4,11.1,,Mindfulness,Control,UK,no,3.indicated,16,65,Low,Some,High,High,Some,NR,Y
James 2018,Depression,DASS,Depression,Baseline,D,active-nonspecific,Randomized controlled trial,28.0,16.1,12.1,32.0,14.0,10.3,,Mindfulness,Control,UK,no,3.indicated,16,65,Low,Some,High,High,Some,NR,Y
James 2018,Depression,DASS,Depression,Postintervention,D,active-nonspecific,Randomized controlled trial,28.0,12.1,12.6,32.0,11.6,9.7,,Mindfulness,Control,UK,no,3.indicated,16,65,Low,Some,High,High,Some,NR,Y
James 2018,Distress,DASS,Stress,1-6months,D,active-nonspecific,Randomized controlled trial,28.0,18.8,10.8,32.0,21.1,9.4,,Mindfulness,Control,UK,no,3.indicated,16,65,Low,Some,High,High,Some,NR,Y
James 2018,Distress,DASS,Stress,Baseline,D,active-nonspecific,Randomized controlled trial,28.0,24.0,10.2,32.0,21.6,9.6,,Mindfulness,Control,UK,no,3.indicated,16,65,Low,Some,High,High,Some,NR,Y
James 2018,Distress,DASS,Stress,Postintervention,D,active-nonspecific,Randomized controlled trial,28.0,17.5,11.4,32.0,20.3,9.9,,Mindfulness,Control,UK,no,3.indicated,16,65,Low,Some,High,High,Some,NR,Y
James 2018,Mindfulness,FFMQ,Mindfulness,1-6months,U,active-nonspecific,Randomized controlled trial,28.0,119.5,22.9,32.0,111.6,14.8,,Mindfulness,Control,UK,no,3.indicated,16,65,Low,Some,High,High,Some,NR,Y
James 2018,Mindfulness,FFMQ,Mindfulness,Baseline,U,active-nonspecific,Randomized controlled trial,28.0,104.8,18.4,32.0,109.3,17.1,,Mindfulness,Control,UK,no,3.indicated,16,65,Low,Some,High,High,Some,NR,Y
James 2018,Mindfulness,FFMQ,Mindfulness,Postintervention,U,active-nonspecific,Randomized controlled trial,28.0,119.5,19.9,32.0,111.0,14.5,,Mindfulness,Control,UK,no,3.indicated,16,65,Low,Some,High,High,Some,NR,Y
James 2018,Relationship with self,SCS-12,Self-compassion,1-6months,U,active-nonspecific,Randomized controlled trial,28.0,2.7,0.8,32.0,2.5,0.7,,Mindfulness,Control,UK,no,3.indicated,16,65,Low,Some,High,High,Some,NR,Y
James 2018,Relationship with self,SCS-12,Self-compassion,Baseline,U,active-nonspecific,Randomized controlled trial,28.0,2.0,0.5,32.0,2.3,0.5,,Mindfulness,Control,UK,no,3.indicated,16,65,Low,Some,High,High,Some,NR,Y
James 2018,Relationship with self,SCS-12,Self-compassion,Postintervention,U,active-nonspecific,Randomized controlled trial,28.0,2.7,0.7,32.0,2.4,0.5,,Mindfulness,Control,UK,no,3.indicated,16,65,Low,Some,High,High,Some,NR,Y
Brown 2016,Distress,PSS-10,Perceived Stress,1-6months,D,active-nonspecific,Randomized controlled trial,23.0,18.11,5.5,15.0,17.8,6.03,,Mindfulness,Control,US,yes,2.selective,14,38,Some,Some,Low,High,Some,N,NR
Brown 2016,Distress,PSS-10,Perceived Stress,Baseline,D,active-nonspecific,Randomized controlled trial,23.0,21.52,5.31,15.0,19.93,5.7,,Mindfulness,Control,US,yes,2.selective,14,38,Some,Some,Low,High,Some,N,NR
Brown 2016,Distress,PSS-10,Perceived Stress,Postintervention,D,active-nonspecific,Randomized controlled trial,23.0,15.84,5.26,15.0,18.93,6.8,,Mindfulness,Control,US,yes,2.selective,14,38,Some,Some,Low,High,Some,N,NR
Brown 2016,Real life functioning,Zarit Burden Interview,Caregiver burden,1-6months,D,active-nonspecific,Randomized controlled trial,23.0,43.05,11.35,15.0,36.43,20.89,,Mindfulness,Control,US,yes,2.selective,14,38,Some,Some,Low,High,Some,N,NR
Brown 2016,Real life functioning,Zarit Burden Interview,Caregiver burden,Baseline,D,active-nonspecific,Randomized controlled trial,23.0,48.17,12.34,15.0,40.6,16.71,,Mindfulness,Control,US,yes,2.selective,14,38,Some,Some,Low,High,Some,N,NR
Brown 2016,Real life functioning,Zarit Burden Interview,Caregiver burden,Postintervention,D,active-nonspecific,Randomized controlled trial,23.0,38.58,11.93,15.0,37.8,21.41,,Mindfulness,Control,US,yes,2.selective,14,38,Some,Some,Low,High,Some,N,NR
Hou 2013,Anxiety,Trait Anxiety Inventory,Anxiety,1-6months,D,active-nonspecific,Randomized controlled trial,61.0,43.15,8.63,51.0,46.73,9.85,,Mindfulness,Control,China,no,2.selective,16,141,Low,High,High,High,Some,N,NR
Hou 2013,Anxiety,Trait Anxiety Inventory,Anxiety,Baseline,D,active-nonspecific,Randomized controlled trial,70.0,48.46,9.61,71.0,50.77,9.96,,Mindfulness,Control,China,no,2.selective,16,141,Low,High,High,High,Some,N,NR
Hou 2013,Anxiety,Trait Anxiety Inventory,Anxiety,Postintervention,D,active-nonspecific,Randomized controlled trial,63.0,42.7,7.72,57.0,46.77,9.43,,Mindfulness,Control,China,no,2.selective,16,141,Low,High,High,High,Some,N,NR
Hou 2013,Depression,CES-D,Depression,1-6months,D,active-nonspecific,Randomized controlled trial,56.0,12.39,8.24,46.0,16.83,11.11,,Mindfulness,Control,China,no,2.selective,16,141,Low,High,High,High,Some,N,NR
Hou 2013,Depression,CES-D,Depression,Baseline,D,active-nonspecific,Randomized controlled trial,70.0,16.91,8.97,71.0,17.55,8.92,,Mindfulness,Control,China,no,2.selective,16,141,Low,High,High,High,Some,N,NR
Hou 2013,Depression,CES-D,Depression,Postintervention,D,active-nonspecific,Randomized controlled trial,64.0,11.58,7.88,55.0,16.04,9.94,,Mindfulness,Control,China,no,2.selective,16,141,Low,High,High,High,Some,N,NR
Hou 2013,Distress,PSS (Leung 2010),Perceived stress,1-6months,D,active-nonspecific,Randomized controlled trial,60.0,24.38,6.31,52.0,26.37,6.1,,Mindfulness,Control,China,no,2.selective,16,141,Low,High,High,High,Some,N,NR
Hou 2013,Distress,PSS (Leung 2010),Perceived stress,Baseline,D,active-nonspecific,Randomized controlled trial,70.0,26.73,7.63,71.0,27.9,7.05,,Mindfulness,Control,China,no,2.selective,16,141,Low,High,High,High,Some,N,NR
Hou 2013,Distress,PSS (Leung 2010),Perceived stress,Postintervention,D,active-nonspecific,Randomized controlled trial,64.0,24.09,6.29,56.0,26.7,6.64,,Mindfulness,Control,China,no,2.selective,16,141,Low,High,High,High,Some,N,NR
Hou 2013,Mindfulness,FFMQ,Mindfulness,1-6months,U,active-nonspecific,Randomized controlled trial,60.0,126.33,13.97,51.0,117.43,10.69,,Mindfulness,Control,China,no,2.selective,16,141,Low,High,High,High,Some,N,NR
Hou 2013,Mindfulness,FFMQ,Mindfulness,Baseline,U,active-nonspecific,Randomized controlled trial,70.0,117.67,16.56,71.0,114.69,14.02,,Mindfulness,Control,China,no,2.selective,16,141,Low,High,High,High,Some,N,NR
Hou 2013,Mindfulness,FFMQ,Mindfulness,Postintervention,U,active-nonspecific,Randomized controlled trial,62.0,123.77,16.1,57.0,118.61,11.14,,Mindfulness,Control,China,no,2.selective,16,141,Low,High,High,High,Some,N,NR
Hou 2013,Relationship with self,SCS-SF (12item),Self-compassion,1-6months,U,active-nonspecific,Randomized controlled trial,61.0,40.08,6.24,52.0,38.06,4.62,,Mindfulness,Control,China,no,2.selective,16,141,Low,High,High,High,Some,N,NR
Hou 2013,Relationship with self,SCS-SF (12item),Self-compassion,Baseline,U,active-nonspecific,Randomized controlled trial,70.0,37.67,6.45,71.0,36.76,6.26,,Mindfulness,Control,China,no,2.selective,16,141,Low,High,High,High,Some,N,NR
Hou 2013,Relationship with self,SCS-SF (12item),Self-compassion,Postintervention,U,active-nonspecific,Randomized controlled trial,64.0,39.92,6.1,57.0,38.28,6.04,,Mindfulness,Control,China,no,2.selective,16,141,Low,High,High,High,Some,N,NR
Armstrong 2016,Anxiety,GAD-7,Anxiety,1-6months,D,active-nonspecific,Randomized controlled trial,17.0,4.1,4.4,17.0,8.1,4.9,,Mindfulness,Control,UK,no,3.indicated,16,34,Low,Some,High,High,Some,NR,Y
Armstrong 2016,Anxiety,GAD-7,Anxiety,Baseline,D,active-nonspecific,Randomized controlled trial,17.0,7.3,4.5,17.0,11.1,4.1,,Mindfulness,Control,UK,no,3.indicated,16,34,Low,Some,High,High,Some,NR,Y
Armstrong 2016,Depression,PHQ-9,Depression,1-6months,D,active-nonspecific,Randomized controlled trial,17.0,6.1,5.6,17.0,8.8,4.28,,Mindfulness,Control,UK,no,3.indicated,16,34,Low,Some,High,High,Some,NR,Y
Armstrong 2016,Depression,PHQ-9,Depression,Baseline,D,active-nonspecific,Randomized controlled trial,17.0,6.6,5.6,17.0,11.1,4.9,,Mindfulness,Control,UK,no,3.indicated,16,34,Low,Some,High,High,Some,NR,Y
Armstrong 2016,Mindfulness,FFMQ,Mindfulness,1-6months,U,active-nonspecific,Randomized controlled trial,17.0,132.8,25.0,17.0,116.0,20.5,,Mindfulness,Control,UK,no,3.indicated,16,34,Low,Some,High,High,Some,NR,Y
Armstrong 2016,Mindfulness,FFMQ,Mindfulness,Baseline,U,active-nonspecific,Randomized controlled trial,17.0,107.8,13.4,17.0,102.2,17.1,,Mindfulness,Control,UK,no,3.indicated,16,34,Low,Some,High,High,Some,NR,Y
Armstrong 2016,Real life functioning,Work and Social Adjustment Scale,Functioning,1-6months,D,active-nonspecific,Randomized controlled trial,17.0,11.4,10.4,17.0,18.2,8.8,,Mindfulness,Control,UK,no,3.indicated,16,34,Low,Some,High,High,Some,NR,Y
Armstrong 2016,Real life functioning,Work and Social Adjustment Scale,Functioning,Baseline,D,active-nonspecific,Randomized controlled trial,17.0,18.2,7.6,17.0,20.9,7.8,,Mindfulness,Control,UK,no,3.indicated,16,34,Low,Some,High,High,Some,NR,Y
Armstrong 2016,Relationship with self,SCS-S,Self-compassion,1-6months,U,active-nonspecific,Randomized controlled trial,17.0,40.7,9.1,17.0,27.9,6.3,,Mindfulness,Control,UK,no,3.indicated,16,34,Low,Some,High,High,Some,NR,Y
Armstrong 2016,Relationship with self,SCS-S,Self-compassion,Baseline,U,active-nonspecific,Randomized controlled trial,17.0,27.2,7.0,17.0,23.1,2.8,,Mindfulness,Control,UK,no,3.indicated,16,34,Low,Some,High,High,Some,NR,Y
Frisvold 2009,Depression,CES-D,Depression,1-6months,D,active-nonspecific,Randomized controlled trial,20.0,5.8,4.9,18.0,6.07,4.98,,Mindfulness,Control,US,yes,3.indicated,27.5,40,Some,Some,Low,High,Some,NR,N
Frisvold 2009,Depression,CES-D,Depression,Baseline,D,active-nonspecific,Randomized controlled trial,20.0,13.1,10.3,20.0,9.2,5.59,,Mindfulness,Control,US,yes,3.indicated,27.5,40,Some,Some,Low,High,Some,NR,N
Frisvold 2009,Depression,CES-D,Depression,Postintervention,D,active-nonspecific,Randomized controlled trial,20.0,8.8,7.5,18.0,8.93,6.15,,Mindfulness,Control,US,yes,3.indicated,27.5,40,Some,Some,Low,High,Some,NR,N
Frisvold 2009,Distress,PSS,Psychosocial distress,1-6months,D,active-nonspecific,Randomized controlled trial,20.0,17.9,7.5,18.0,17.8,6.4,,Mindfulness,Control,US,yes,3.indicated,27.5,40,Some,Some,Low,High,Some,NR,N
Frisvold 2009,Distress,PSS,Psychosocial distress,Baseline,D,active-nonspecific,Randomized controlled trial,20.0,24.3,7.9,20.0,24.1,5.2,,Mindfulness,Control,US,yes,3.indicated,27.5,40,Some,Some,Low,High,Some,NR,N
Frisvold 2009,Distress,PSS,Psychosocial distress,Postintervention,D,active-nonspecific,Randomized controlled trial,20.0,21.18,8.5,18.0,22.9,8.1,,Mindfulness,Control,US,yes,3.indicated,27.5,40,Some,Some,Low,High,Some,NR,N
Frisvold 2009,Mindfulness,CAMS-R,Mindfulness,1-6months,U,active-nonspecific,Randomized controlled trial,20.0,35.75,6.25,18.0,35.07,6.53,,Mindfulness,Control,US,yes,3.indicated,27.5,40,Some,Some,Low,High,Some,NR,N
Frisvold 2009,Mindfulness,CAMS-R,Mindfulness,Baseline,U,active-nonspecific,Randomized controlled trial,20.0,32.5,6.03,20.0,33.0,6.9,,Mindfulness,Control,US,yes,3.indicated,27.5,40,Some,Some,Low,High,Some,NR,N
Frisvold 2009,Mindfulness,CAMS-R,Mindfulness,Postintervention,U,active-nonspecific,Randomized controlled trial,20.0,35.56,5.54,18.0,33.07,6.91,,Mindfulness,Control,US,yes,3.indicated,27.5,40,Some,Some,Low,High,Some,NR,N
Frisvold 2009,Psychosomatic outcomes,PSQI,Sleep quality,1-6months,D,active-nonspecific,Randomized controlled trial,20.0,10.19,5.47,18.0,11.5,5.75,,Mindfulness,Control,US,yes,3.indicated,27.5,40,Some,Some,Low,High,Some,NR,N
Frisvold 2009,Psychosomatic outcomes,PSQI,Sleep quality,Baseline,D,active-nonspecific,Randomized controlled trial,20.0,11.81,5.91,20.0,12.5,5.4,,Mindfulness,Control,US,yes,3.indicated,27.5,40,Some,Some,Low,High,Some,NR,N
Frisvold 2009,Psychosomatic outcomes,PSQI,Sleep quality,Postintervention,D,active-nonspecific,Randomized controlled trial,20.0,10.88,5.73,18.0,13.0,7.86,,Mindfulness,Control,US,yes,3.indicated,27.5,40,Some,Some,Low,High,Some,NR,N
Prakash 2015,Mindfulness,MAAS,Mindfulness,Baseline,U,active-nonspecific,Randomized controlled trial,37.0,4.43,0.55,37.0,4.47,0.63,,Mindfulness,Control,US,yes,1.universal,6,74,Some,Some,Low,High,Some,N,NR
Duncan 2017,Depression,CES-D,Depression,1-6months,D,active-nonspecific,Randomized controlled trial,15.0,8.3,6.1,14.0,12.9,9.1,,Mindfulness,Control,US,yes,2.selective,18,29,Low,Low,Low,High,Some,Y,Y
Duncan 2017,Depression,CES-D,Depression,Baseline,D,active-nonspecific,Randomized controlled trial,15.0,11.2,9.4,14.0,8.2,6.4,,Mindfulness,Control,US,yes,2.selective,18,29,Low,Low,Low,High,Some,Y,Y
Duncan 2017,Depression,CES-D,Depression,Postintervention,D,active-nonspecific,Randomized controlled trial,15.0,7.9,4.7,14.0,10.3,7.6,,Mindfulness,Control,US,yes,2.selective,18,29,Low,Low,Low,High,Some,Y,Y
Duncan 2017,Mindfulness,FFMQ,Mindfulness,1-6months,U,active-nonspecific,Randomized controlled trial,15.0,3.5,0.4,14.0,3.6,0.55,,Mindfulness,Control,US,yes,2.selective,18,29,Low,Low,Low,High,Some,Y,Y
Duncan 2017,Mindfulness,FFMQ,Mindfulness,Baseline,U,active-nonspecific,Randomized controlled trial,15.0,3.4,0.4,14.0,3.5,0.3,,Mindfulness,Control,US,yes,2.selective,18,29,Low,Low,Low,High,Some,Y,Y
Duncan 2017,Mindfulness,FFMQ,Mindfulness,Postintervention,U,active-nonspecific,Randomized controlled trial,15.0,3.5,0.3,14.0,3.6,0.41,,Mindfulness,Control,US,yes,2.selective,18,29,Low,Low,Low,High,Some,Y,Y
Duncan 2017,Psychosomatic outcomes,Pain Catastrophizing Scale,Maladaptive pain appraisal,Baseline,D,active-nonspecific,Randomized controlled trial,15.0,18.5,10.8,14.0,18.7,8.4,,Mindfulness,Control,US,yes,2.selective,18,29,Low,Low,Low,High,Some,Y,Y
Duncan 2017,Psychosomatic outcomes,Pain Catastrophizing Scale,Maladaptive pain appraisal,Postintervention,D,active-nonspecific,Randomized controlled trial,15.0,14.9,6.4,14.0,18.5,8.6,,Mindfulness,Control,US,yes,2.selective,18,29,Low,Low,Low,High,Some,Y,Y
Duncan 2017,Relationship with self,Childbirth Self-Efficacy Inventory,Childbirth self-efficacy,Baseline,U,active-nonspecific,Randomized controlled trial,15.0,165.1,87.2,14.0,197.3,49.0,,Mindfulness,Control,US,yes,2.selective,18,29,Low,Low,Low,High,Some,Y,Y
Duncan 2017,Relationship with self,Childbirth Self-Efficacy Inventory,Childbirth self-efficacy,Postintervention,U,active-nonspecific,Randomized controlled trial,15.0,243.3,41.6,14.0,212.0,35.4,,Mindfulness,Control,US,yes,2.selective,18,29,Low,Low,Low,High,Some,Y,Y
Pan 2018,Depression,Edinburgh Postnatal Depression Scale,Depression,6+months,D,active-specific,Randomized controlled trial,39.0,6.51,4.51,35.0,8.77,3.41,,Mindfulness,Control,Taiwan,no,2.selective,31,104,Low,High,Low,High,Some,N,Y
Pan 2018,Depression,Edinburgh Postnatal Depression Scale,Depression,Baseline,D,active-specific,Randomized controlled trial,51.0,9.75,5.9,45.0,9.02,6.8,,Mindfulness,Control,Taiwan,no,2.selective,31,104,Low,High,Low,High,Some,N,Y
Pan 2018,Mindfulness,FFMQ chinese,Mindfulness,6+months,U,active-specific,Randomized controlled trial,39.0,139.67,16.88,35.0,137.66,16.39,,Mindfulness,Control,Taiwan,no,2.selective,31,104,Low,High,Low,High,Some,N,Y
Pan 2018,Mindfulness,FFMQ chinese,Mindfulness,Baseline,U,active-specific,Randomized controlled trial,51.0,129.82,13.73,45.0,135.58,13.25,,Mindfulness,Control,Taiwan,no,2.selective,31,104,Low,High,Low,High,Some,N,Y
Pan 2018,Relationship with self,Chinese Childbirth Self-Efficacy Inventory,Childbirth self-efficacy,Baseline,U,active-specific,Randomized controlled trial,51.0,229.33,41.76,45.0,213.91,44.67,,Mindfulness,Control,Taiwan,no,2.selective,31,104,Low,High,Low,High,Some,N,Y
Whitebird 2013,Depression,CES-D,Depression,1-6months,D,active-specific,Randomized controlled trial,35.0,10.5,6.5,35.0,13.7,9.5,,Mindfulness,Control,US,yes,2.selective,25,78,Some,High,Low,High,Some,NR,N
Whitebird 2013,Depression,CES-D,Depression,Baseline,D,active-specific,Randomized controlled trial,38.0,17.9,8.9,40.0,19.2,11.8,,Mindfulness,Control,US,yes,2.selective,25,78,Some,High,Low,High,Some,NR,N
Whitebird 2013,Depression,CES-D,Depression,Postintervention,D,active-specific,Randomized controlled trial,37.0,10.6,8.4,35.0,17.1,11.2,,Mindfulness,Control,US,yes,2.selective,25,78,Some,High,Low,High,Some,NR,N
Whitebird 2013,Distress,PSS-10,Perceived stress,1-6months,D,active-specific,Randomized controlled trial,35.0,14.0,4.5,35.0,16.7,7.2,,Mindfulness,Control,US,yes,2.selective,25,78,Some,High,Low,High,Some,NR,N
Whitebird 2013,Distress,PSS-10,Perceived stress,Baseline,D,active-specific,Randomized controlled trial,38.0,21.2,4.7,40.0,21.2,7.5,,Mindfulness,Control,US,yes,2.selective,25,78,Some,High,Low,High,Some,NR,N
Whitebird 2013,Distress,PSS-10,Perceived stress,Postintervention,D,active-specific,Randomized controlled trial,37.0,15.2,5.8,35.0,19.3,7.6,,Mindfulness,Control,US,yes,2.selective,25,78,Some,High,Low,High,Some,NR,N
Whitebird 2013,Real life functioning," Montgomery Borgatta Caregiver Burden Scale, Subjective stre",Caregiver burden,1-6months,D,active-specific,Randomized controlled trial,35.0,14.0,3.5,35.0,14.7,5.2,,Mindfulness,Control,US,yes,2.selective,25,78,Some,High,Low,High,Some,NR,N
Whitebird 2013,Real life functioning," Montgomery Borgatta Caregiver Burden Scale, Subjective stre",Caregiver burden,Baseline,D,active-specific,Randomized controlled trial,38.0,16.7,2.3,40.0,16.9,2.8,,Mindfulness,Control,US,yes,2.selective,25,78,Some,High,Low,High,Some,NR,N
Whitebird 2013,Real life functioning," Montgomery Borgatta Caregiver Burden Scale, Subjective stre",Caregiver burden,Postintervention,D,active-specific,Randomized controlled trial,37.0,15.0,2.3,35.0,15.6,2.9,,Mindfulness,Control,US,yes,2.selective,25,78,Some,High,Low,High,Some,NR,N
MacCoon 2012,Mindfulness,FFMQ,Mindfulness,Baseline,U,active-specific,Randomized controlled trial,34.0,107.47,14.07,36.0,113.39,14.47,,Mindfulness,Control,US,yes,1.universal,28,63,Low,Some,Some,High,High,Y,N
MacCoon 2012,Mindfulness,FFMQ,Mindfulness,Postintervention,U,active-specific,Randomized controlled trial,34.0,115.68,16.2,36.0,121.81,10.93,,Mindfulness,Control,US,yes,1.universal,28,63,Low,Some,Some,High,High,Y,N
Wong 2018,Distress,PSS,Perceived stress,1-6months,D,active-specific,Randomized controlled trial,69.0,25.33,7.65,70.0,26.96,6.89,,Mindfulness,Control,China (HK),no,2.selective,20,197,Low,Some,Some,High,Some,N,Y
Wong 2018,Distress,PSS,Perceived stress,Baseline,D,active-specific,Randomized controlled trial,98.0,28.98,7.11,99.0,28.15,5.32,,Mindfulness,Control,China (HK),no,2.selective,20,197,Low,Some,Some,High,Some,N,Y
Wong 2018,Distress,PSS,Perceived stress,Postintervention,D,active-specific,Randomized controlled trial,85.0,26.49,7.19,87.0,27.48,6.17,,Mindfulness,Control,China (HK),no,2.selective,20,197,Low,Some,Some,High,Some,N,Y
Wong 2018,Mindfulness,FFMQ subscales,Mindfulness,1-6months,U,active-specific,Randomized controlled trial,69.0,118.91,13.82,70.0,117.98,14.65,,Mindfulness,Control,China (HK),no,2.selective,20,197,Low,Some,Some,High,Some,N,Y
Wong 2018,Mindfulness,FFMQ subscales,Mindfulness,Baseline,U,active-specific,Randomized controlled trial,98.0,114.67,15.25,99.0,116.43,14.88,,Mindfulness,Control,China (HK),no,2.selective,20,197,Low,Some,Some,High,Some,N,Y
Wong 2018,Mindfulness,FFMQ subscales,Mindfulness,Postintervention,U,active-specific,Randomized controlled trial,85.0,117.13,14.36,87.0,117.98,14.93,,Mindfulness,Control,China (HK),no,2.selective,20,197,Low,Some,Some,High,Some,N,Y
Wong 2018,Psychosomatic outcomes,Greene Climacteric Scale,menopause-related symptoms,1-6months,D,active-specific,Randomized controlled trial,69.0,23.52,8.93,70.0,26.04,8.84,,Mindfulness,Control,China (HK),no,2.selective,20,197,Low,Some,Some,High,Some,N,Y
Wong 2018,Psychosomatic outcomes,Greene Climacteric Scale,menopause-related symptoms,Baseline,D,active-specific,Randomized controlled trial,98.0,31.72,10.23,99.0,30.68,8.35,,Mindfulness,Control,China (HK),no,2.selective,20,197,Low,Some,Some,High,Some,N,Y
Wong 2018,Psychosomatic outcomes,Greene Climacteric Scale,menopause-related symptoms,Postintervention,D,active-specific,Randomized controlled trial,85.0,26.24,10.1,87.0,26.8,8.94,,Mindfulness,Control,China (HK),no,2.selective,20,197,Low,Some,Some,High,Some,N,Y
Kingston 2007,Distress,PANAS  in the past week,Negative affect,Baseline,D,active-specific,Randomized controlled trial,21.0,2.01,0.68,21.0,1.93,0.71,,Mindfulness,Control,UK,no,1.universal,6,45,Low,Some,High,High,Some,NR,NR
Kingston 2007,Distress,PANAS  in the past week,Negative affect,Postintervention,D,active-specific,Randomized controlled trial,21.0,2.1,0.88,21.0,1.81,0.75,,Mindfulness,Control,UK,no,1.universal,6,45,Low,Some,High,High,Some,NR,NR
Kingston 2007,Mental wellbeing,PANAS  in the past week,Positive affect,Baseline,U,active-specific,Randomized controlled trial,21.0,3.05,0.58,21.0,3.22,0.57,,Mindfulness,Control,UK,no,1.universal,6,45,Low,Some,High,High,Some,NR,NR
Kingston 2007,Mental wellbeing,PANAS  in the past week,Positive affect,Postintervention,U,active-specific,Randomized controlled trial,21.0,3.2,0.58,21.0,3.26,0.65,,Mindfulness,Control,UK,no,1.universal,6,45,Low,Some,High,High,Some,NR,NR
Kingston 2007,Mindfulness,,Mindfulness,Baseline,U,active-specific,Randomized controlled trial,21.0,3.06,0.33,21.0,3.23,0.27,,Mindfulness,Control,UK,no,1.universal,6,45,Low,Some,High,High,Some,NR,NR
Kingston 2007,Mindfulness,,Mindfulness,Postintervention,U,active-specific,Randomized controlled trial,21.0,3.29,0.27,21.0,3.26,0.37,,Mindfulness,Control,UK,no,1.universal,6,45,Low,Some,High,High,Some,NR,NR
