studytab_name,nr_arms,a1,a2,a3,a4,a5,ctrlcata2,ctrlcata3,name,instrument,dir_imp,domain,t1,t2,t3,t4,t5,t6,postintervention,onesixmonths,sixplusmonths,trange,trial_design,icc_for_cluster,mergearm,oa1n,priority_oa1em_central,priority_oa1em_dc,value_prior_oa1em_central,value_prior_oa1em_dc,oa2n,priority_oa2em_central,priority_oa2em_dc,value_prior_oa2em_central,value_prior_oa2em_dc,oa3n,priority_oa3em_central,priority_oa3em_dc,value_prior_oa3em_central,value_prior_oa3em_dc,oa4n,priority_oa4em_central,priority_oa4em_dc,value_prior_oa4em_central,value_prior_oa4em_dc,oa5n,priority_oa5em_central,priority_oa5em_dc,value_prior_oa5em_central,value_prior_oa5em_dc
Barrett 2018,3,Mindfulness,Control,exercise,NA,NA,1,3,Depression,PHQ-9,D,Depression,Baseline,Post Intervention,3 month post int follow up,(slightly over) 6 month post int follow up,0,0,Post Intervention,3 month post int follow up,(slightly over) 6 month post int follow up,1-6months,Randomized controlled trial,NA,no,138,Mean,95% CI,3.9,-2.7 to 12.4,138,Mean,95% CI,4.9,-3.2 to 12.9,137,Mean,95% CI,4.1,-2.8 to 12.5,NA,NA,NA,NA,NA,NA,NA,NA,NA,NA
Barrett 2018,3,Mindfulness,Control,exercise,NA,NA,1,3,Depression,PHQ-9,D,Depression,Baseline,Post Intervention,3 month post int follow up,(slightly over) 6 month post int follow up,0,0,Post Intervention,3 month post int follow up,(slightly over) 6 month post int follow up,6+months,Randomized controlled trial,NA,no,138,Mean,95% CI,3.6,-2.9 to 12,138,Mean,95% CI,4.5,-3.2 to 12.2,137,Mean,95% CI,4.1,-2.2 to 11.2,NA,NA,NA,NA,NA,NA,NA,NA,NA,NA
Barrett 2018,3,Mindfulness,Control,exercise,NA,NA,1,3,Depression,PHQ-9,D,Depression,Baseline,Post Intervention,3 month post int follow up,(slightly over) 6 month post int follow up,0,0,Post Intervention,3 month post int follow up,(slightly over) 6 month post int follow up,Baseline,Randomized controlled trial,NA,no,138,Mean,SD,2.4,2.4,138,Mean,SD,2.9,3.1,137,Mean,SD,2.9,2.9,NA,NA,NA,NA,NA,NA,NA,NA,NA,NA
Barrett 2018,3,Mindfulness,Control,exercise,NA,NA,1,3,Depression,PHQ-9,D,Depression,Baseline,Post Intervention,3 month post int follow up,(slightly over) 6 month post int follow up,0,0,Post Intervention,3 month post int follow up,(slightly over) 6 month post int follow up,Postintervention,Randomized controlled trial,NA,no,138,Mean,95% CI,4.4,-2.2 to 12.8,138,Mean,95% CI,5.3,-3.2 to 13.7,137,Mean,95% CI,4.3,-2.2 to 12.8,NA,NA,NA,NA,NA,NA,NA,NA,NA,NA
Barrett 2018,3,Mindfulness,Control,exercise,NA,NA,1,3,Perceived stress,PSS-10,D,Distress,Baseline,Post Intervention,2 month post int follow up,3 month post int follow up,(slightly over) 6 month post int follow up,0,Post Intervention,2 month post int follow up,3 month post int follow up,1-6months,Randomized controlled trial,NA,no,138,Mean,95% CI,12.3,1.3 to 25.9,138,Mean,95% CI,13.6,1.1 to 26.2,137,Mean,95% CI,12.4,0.5 to 26.8,NA,NA,NA,NA,NA,NA,NA,NA,NA,NA
Barrett 2018,3,Mindfulness,Control,exercise,NA,NA,1,3,Perceived stress,PSS-10,D,Distress,Baseline,Post Intervention,2 month post int follow up,3 month post int follow up,(slightly over) 6 month post int follow up,0,Post Intervention,2 month post int follow up,3 month post int follow up,6+months,Randomized controlled trial,NA,no,138,Mean,95% CI,11.6,0.8 to 26.0,138,Mean,95% CI,13.4,0.6 to 26.2,137,Mean,95% CI,13.3,-0.5 to 27.4,NA,NA,NA,NA,NA,NA,NA,NA,NA,NA
Barrett 2018,3,Mindfulness,Control,exercise,NA,NA,1,3,Perceived stress,PSS-10,D,Distress,Baseline,Post Intervention,2 month post int follow up,3 month post int follow up,(slightly over) 6 month post int follow up,0,Post Intervention,2 month post int follow up,3 month post int follow up,Baseline,Randomized controlled trial,NA,no,138,Mean,SD,13.1,6.4,138,Mean,SD,12.4,5.9,137,Mean,SD,13.3,6.6,NA,NA,NA,NA,NA,NA,NA,NA,NA,NA
Barrett 2018,3,Mindfulness,Control,exercise,NA,NA,1,3,Perceived stress,PSS-10,D,Distress,Baseline,Post Intervention,2 month post int follow up,3 month post int follow up,(slightly over) 6 month post int follow up,0,Post Intervention,2 month post int follow up,3 month post int follow up,Postintervention,Randomized controlled trial,NA,no,138,Mean,95% CI,13,2.5 to 25.5,138,Mean,95% CI,14,1.6 to 26.5,137,Mean,95% CI,13,0.6 to 27.5,NA,NA,NA,NA,NA,NA,NA,NA,NA,NA
Barrett 2018,3,Mindfulness,Control,exercise,NA,NA,1,3,Positive affect,PANAS  in the past few weeks,U,Mental wellbeing,Baseline,Post Intervention,3 month post int follow up,(slightly over) 6 month post int follow up,0,0,Post Intervention,3 month post int follow up,(slightly over) 6 month post int follow up,1-6months,Randomized controlled trial,NA,no,138,Mean,95% CI,34.8,20.3 to 45.1,138,Mean,95% CI,32.7,18.1 to 47.3,137,Mean,95% CI,34.5,17.5 to 47.9,NA,NA,NA,NA,NA,NA,NA,NA,NA,NA
Barrett 2018,3,Mindfulness,Control,exercise,NA,NA,1,3,Positive affect,PANAS  in the past few weeks,U,Mental wellbeing,Baseline,Post Intervention,3 month post int follow up,(slightly over) 6 month post int follow up,0,0,Post Intervention,3 month post int follow up,(slightly over) 6 month post int follow up,6+months,Randomized controlled trial,NA,no,138,Mean,95% CI,35.8,20.1 to 46.2,138,Mean,95% CI,33.2,18.2 to 48.1,137,Mean,95% CI,34.9,17.6 to 48.7,NA,NA,NA,NA,NA,NA,NA,NA,NA,NA
Barrett 2018,3,Mindfulness,Control,exercise,NA,NA,1,3,Positive affect,PANAS  in the past few weeks,U,Mental wellbeing,Baseline,Post Intervention,3 month post int follow up,(slightly over) 6 month post int follow up,0,0,Post Intervention,3 month post int follow up,(slightly over) 6 month post int follow up,Baseline,Randomized controlled trial,NA,no,138,Mean,SD,35.1,7,138,Mean,SD,33.9,7.5,137,Mean,SD,35.4,6.7,NA,NA,NA,NA,NA,NA,NA,NA,NA,NA
Barrett 2018,3,Mindfulness,Control,exercise,NA,NA,1,3,Positive affect,PANAS  in the past few weeks,U,Mental wellbeing,Baseline,Post Intervention,3 month post int follow up,(slightly over) 6 month post int follow up,0,0,Post Intervention,3 month post int follow up,(slightly over) 6 month post int follow up,Postintervention,Randomized controlled trial,NA,no,138,Mean,95% CI,35.1,18.8 to 48.4,138,Mean,95% CI,33.6,18.6 to 48.5,137,Mean,95% CI,34.8,17.9 to 49.3,NA,NA,NA,NA,NA,NA,NA,NA,NA,NA
Barrett 2018,3,Mindfulness,Control,exercise,NA,NA,1,3,Mindfulness,MAAS,U,Mindfulness,Baseline,Post Intervention,2 month post int follow up,3 month post int follow up,(slightly over) 6 month post int follow up,0,Post Intervention,2 month post int follow up,3 month post int follow up,1-6months,Randomized controlled trial,NA,no,138,Mean,95% CI,4.4,2.8 to 5.9,138,Mean,95% CI,4.3,2.7 to 6,137,Mean,95% CI,4.5,2.7 to 6.0,NA,NA,NA,NA,NA,NA,NA,NA,NA,NA
Barrett 2018,3,Mindfulness,Control,exercise,NA,NA,1,3,Mindfulness,MAAS,U,Mindfulness,Baseline,Post Intervention,2 month post int follow up,3 month post int follow up,(slightly over) 6 month post int follow up,0,Post Intervention,2 month post int follow up,3 month post int follow up,6+months,Randomized controlled trial,NA,no,138,Mean,95% CI,4.4,2.8 to 5.9,138,Mean,95% CI,4.3,2.7 to 5.9,137,Mean,95% CI,4.5,2.6 to 6.0,NA,NA,NA,NA,NA,NA,NA,NA,NA,NA
Barrett 2018,3,Mindfulness,Control,exercise,NA,NA,1,3,Mindfulness,MAAS,U,Mindfulness,Baseline,Post Intervention,2 month post int follow up,3 month post int follow up,(slightly over) 6 month post int follow up,0,Post Intervention,2 month post int follow up,3 month post int follow up,Baseline,Randomized controlled trial,NA,no,138,Mean,SD,4.1,0.8,138,Mean,SD,4.3,0.7,137,Mean,SD,4.3,0.8,NA,NA,NA,NA,NA,NA,NA,NA,NA,NA
Barrett 2018,3,Mindfulness,Control,exercise,NA,NA,1,3,Mindfulness,MAAS,U,Mindfulness,Baseline,Post Intervention,2 month post int follow up,3 month post int follow up,(slightly over) 6 month post int follow up,0,Post Intervention,2 month post int follow up,3 month post int follow up,Postintervention,Randomized controlled trial,NA,no,138,Mean,95% CI,4.3,2.9 to 5.6,138,Mean,95% CI,4.2,2.7 to 5.7,137,Mean,95% CI,4.4,2.6 to 5.8,NA,NA,NA,NA,NA,NA,NA,NA,NA,NA
Barrett 2018,3,Mindfulness,Control,exercise,NA,NA,1,3,Sleep,PSQI,D,Psychosomatic outcomes,Baseline,Post Intervention,2 month post int follow up,3 month post int follow up,(slightly over) 6 month post int follow up c,0,Post Intervention,2 month post int follow up,3 month post int follow up,1-6months,Randomized controlled trial,NA,no,138,Mean,95% CI,5.2,-1.2 to 12.5,138,Mean,95% CI,5.6,-0.7 to 12.0,137,Mean,95% CI,5.4,-0.9 to 12.2,NA,NA,NA,NA,NA,NA,NA,NA,NA,NA
Barrett 2018,3,Mindfulness,Control,exercise,NA,NA,1,3,Sleep,PSQI,D,Psychosomatic outcomes,Baseline,Post Intervention,2 month post int follow up,3 month post int follow up,(slightly over) 6 month post int follow up c,0,Post Intervention,2 month post int follow up,3 month post int follow up,6+months,Randomized controlled trial,NA,no,138,Mean,95% CI,5.1,-0.1 to 11.8,138,Mean,95% CI,5.8,-1.3 to 13.0,137,Mean,95% CI,5.3,-0.4 to 12.0,NA,NA,NA,NA,NA,NA,NA,NA,NA,NA
Barrett 2018,3,Mindfulness,Control,exercise,NA,NA,1,3,Sleep,PSQI,D,Psychosomatic outcomes,Baseline,Post Intervention,2 month post int follow up,3 month post int follow up,(slightly over) 6 month post int follow up c,0,Post Intervention,2 month post int follow up,3 month post int follow up,Baseline,Randomized controlled trial,NA,no,138,Mean,SD,5.8,3.3,138,Mean,SD,5.7,3.3,137,Mean,SD,6.2,3.6,NA,NA,NA,NA,NA,NA,NA,NA,NA,NA
Barrett 2018,3,Mindfulness,Control,exercise,NA,NA,1,3,Sleep,PSQI,D,Psychosomatic outcomes,Baseline,Post Intervention,2 month post int follow up,3 month post int follow up,(slightly over) 6 month post int follow up c,0,Post Intervention,2 month post int follow up,3 month post int follow up,Postintervention,Randomized controlled trial,NA,no,138,Mean,95% CI,5.5,-0.3 to 12.4,138,Mean,95% CI,6,-0.6 to 12.6,137,Mean,95% CI,5.4,-0.2 to 12.2,NA,NA,NA,NA,NA,NA,NA,NA,NA,NA
Barrett 2018,3,Mindfulness,Control,exercise,NA,NA,1,3,Presenteerism,Stanford Presenteeism Scale,U,Real life functioning,Baseline,Post Intervention,3 month post int follow up,(slightly over) 6 month post int follow up,0,0,Post Intervention,3 month post int follow up,(slightly over) 6 month post int follow up,1-6months,Randomized controlled trial,NA,no,138,Mean,95% CI,23.8,14.6 to 31.4,138,Mean,95% CI,23,13.8 to 32.2,137,NA,NA,NA,NA,NA,NA,NA,NA,NA,NA,NA,NA,NA,NA
Barrett 2018,3,Mindfulness,Control,exercise,NA,NA,1,3,ARI-related absenteeism,Included,D,Real life functioning,6 month post intervention follow up,0,0,0,0,0,NA,NA,6 month post intervention follow up,6+months,Randomized controlled trial,NA,no,138,Mean,95% CI,4,2.4 to 5.6,138,Mean,95% CI,5,2.9 to 7.1,137,Mean,95% CI,3.8,1.9 to 5.7,NA,NA,NA,NA,NA,NA,NA,NA,NA,NA
Barrett 2018,3,Mindfulness,Control,exercise,NA,NA,1,3,Presenteerism,Stanford Presenteeism Scale,U,Real life functioning,Baseline,Post Intervention,3 month post int follow up,(slightly over) 6 month post int follow up,0,0,Post Intervention,3 month post int follow up,(slightly over) 6 month post int follow up,Baseline,Randomized controlled trial,NA,no,138,Mean,SD,20.4,5.4,138,Mean,SD,20.1,5.2,137,Mean,SD,20.3,5.3,NA,NA,NA,NA,NA,NA,NA,NA,NA,NA
Barrett 2018,3,Mindfulness,Control,exercise,NA,NA,1,3,Presenteerism,Stanford Presenteeism Scale,U,Real life functioning,Baseline,Post Intervention,3 month post int follow up,(slightly over) 6 month post int follow up,0,0,Post Intervention,3 month post int follow up,(slightly over) 6 month post int follow up,Postintervention,Randomized controlled trial,NA,no,138,Mean,95% CI,23.8,13.5 to 32.6,138,Mean,95% CI,23.1,13.7 to 32.4,137,NA,NA,NA,NA,NA,NA,NA,NA,NA,NA,NA,NA,NA,NA
Gallego 2014,3,Mindfulness,Control,Physical activity,NA,NA,1,3,Distress,DASS-21,D,Distress,Baseline,Post-intervention,0,0,0,0,Post-intervention,NA,NA,Baseline,Randomized controlled trial,NA,no,30,Mean,SD,17.17,9.89,42,Mean,SD,19.97,9.09,28,Mean,SD,20.48,11.86,NA,NA,NA,NA,NA,NA,NA,NA,NA,NA
Gallego 2014,3,Mindfulness,Control,Physical activity,NA,NA,1,3,Distress,DASS-21,D,Distress,Baseline,Post-intervention,0,0,0,0,Post-intervention,NA,NA,Postintervention,Randomized controlled trial,NA,no,30,Mean,SD,12.06,6.27,assume 42,Mean,SD,20.38,9.47,28,Mean,SD,17.67,13.56,NA,NA,NA,NA,NA,NA,NA,NA,NA,NA
Jain 2007,3,Mindfulness,Control,Somatic Relaxation,NA,NA,1,3,Psychological Distress,Brief Symptom Inventory (BSI),D,Distress,Baseline,Post intervention,0,0,0,0,Post intervention,NA,NA,Baseline,Randomized controlled trial,NA,no,27,Mean,SD,0.64,0.4,30,Mean,SD,0.59,0.43,24,Mean,SD,0.74,0.52,NA,NA,NA,NA,NA,NA,NA,NA,NA,NA
Jain 2007,3,Mindfulness,Control,Somatic Relaxation,NA,NA,1,3,Psychological Distress,Brief Symptom Inventory (BSI),D,Distress,Baseline,Post intervention,0,0,0,0,Post intervention,NA,NA,Postintervention,Randomized controlled trial,NA,no,27,Mean,SD,0.22,0.17,30,Mean,SD,0.46,0.52,24,Mean,SD,0.35,31,NA,NA,NA,NA,NA,NA,NA,NA,NA,NA
Jain 2007,3,Mindfulness,Control,Somatic Relaxation,NA,NA,1,3,Positive mood,Positive States of Mind scale (time frame 1 week),U,Mental wellbeing,Baseline,Post intervention,0,0,0,0,Post intervention,NA,NA,Baseline,Randomized controlled trial,NA,no,27,Mean,SD,15,2.9,30,Mean,SD,16.2,3.5,24,Mean,SD,15.9,3.1,NA,NA,NA,NA,NA,NA,NA,NA,NA,NA
Jain 2007,3,Mindfulness,Control,Somatic Relaxation,NA,NA,1,3,Positive mood,Positive States of Mind scale (time frame 1 week),U,Mental wellbeing,Baseline,Post intervention,0,0,0,0,Post intervention,NA,NA,Postintervention,Randomized controlled trial,NA,no,27,Mean,SD,17.1,3,30,Mean,SD,16.3,3.8,24,Mean,SD,16.8,4,NA,NA,NA,NA,NA,NA,NA,NA,NA,NA
Kuhlmann 2016,3,Mindfulness,Control,autogenic training,NA,NA,1,3,Psychological Distress,Chronic Stress Screening Scale,D,Distress,Baseline,Post Intervention (3 weeks after completion),1 year follow up (unclear if post intervention),0,0,0,Post Intervention (3 weeks after completion),NA,1 year follow up (unclear if post intervention),6+months,Randomized controlled trial,NA,no,31,Mean,SD,20.42,7.81,17,Mean,SD,19.47,7.16,32,Mean,SD,22.72,8.79,NA,NA,NA,NA,NA,NA,NA,NA,NA,NA
Kuhlmann 2016,3,Mindfulness,Control,autogenic training,NA,NA,1,3,Psychological Distress,Chronic Stress Screening Scale,D,Distress,Baseline,Post Intervention (3 weeks after completion),1 year follow up (unclear if post intervention),0,0,0,Post Intervention (3 weeks after completion),NA,1 year follow up (unclear if post intervention),Baseline,Randomized controlled trial,NA,no,31,Mean,SD,21.29,8.86,17,Mean,SD,22.18,7.49,32,Mean,SD,19.44,7.93,NA,NA,NA,NA,NA,NA,NA,NA,NA,NA
Kuhlmann 2016,3,Mindfulness,Control,autogenic training,NA,NA,1,3,Psychological Distress,Chronic Stress Screening Scale,D,Distress,Baseline,Post Intervention (3 weeks after completion),1 year follow up (unclear if post intervention),0,0,0,Post Intervention (3 weeks after completion),NA,1 year follow up (unclear if post intervention),Postintervention,Randomized controlled trial,NA,no,31,Mean,SD,18.58,8.09,17,Mean,SD,20.35,8.94,32,Mean,SD,18.81,8.15,NA,NA,NA,NA,NA,NA,NA,NA,NA,NA
Kuhlmann 2016,3,Mindfulness,Control,autogenic training,NA,NA,1,3,Life satisfaction,SWLS (mentioned in protocol only),U,Mental wellbeing,Baseline,Postintervention,1 year follow up (unclear if post intervention),0,0,0,Postintervention,NA,1 year follow up (unclear if post intervention),6+months,Randomized controlled trial,NA,no,NR,NR,NR,NR,NR,NR,NR,NR,NR,NR,NA,NA,NA,NA,NA,NA,NA,NA,NA,NA,NA,NA,NA,NA,NA
Kuhlmann 2016,3,Mindfulness,Control,autogenic training,NA,NA,1,3,Life satisfaction,SWLS (mentioned in protocol only),U,Mental wellbeing,Baseline,Postintervention,1 year follow up (unclear if post intervention),0,0,0,Postintervention,NA,1 year follow up (unclear if post intervention),Baseline,Randomized controlled trial,NA,no,NR,NR,NR,NR,NR,NR,NR,NR,NR,NR,NA,NA,NA,NA,NA,NA,NA,NA,NA,NA,NA,NA,NA,NA,NA
Kuhlmann 2016,3,Mindfulness,Control,autogenic training,NA,NA,1,3,Life satisfaction,SWLS (mentioned in protocol only),U,Mental wellbeing,Baseline,Postintervention,1 year follow up (unclear if post intervention),0,0,0,Postintervention,NA,1 year follow up (unclear if post intervention),Postintervention,Randomized controlled trial,NA,no,NR,NR,NR,NR,NR,NR,NR,NR,NR,NR,NA,NA,NA,NA,NA,NA,NA,NA,NA,NA,NA,NA,NA,NA,NA
Kuhlmann 2016,3,Mindfulness,Control,autogenic training,NA,NA,1,3,Mindfulness,FMI (mentioned in protocol only),U,Mindfulness,Baseline,Postintervention,1 year follow up (unclear if post intervention),0,0,0,Postintervention,NA,1 year follow up (unclear if post intervention),6+months,Randomized controlled trial,NA,no,NR,NR,NR,NR,NR,NR,NR,NR,NR,NR,NA,NA,NA,NA,NA,NA,NA,NA,NA,NA,NA,NA,NA,NA,NA
Kuhlmann 2016,3,Mindfulness,Control,autogenic training,NA,NA,1,3,Mindfulness,FMI (mentioned in protocol only),U,Mindfulness,Baseline,Postintervention,1 year follow up (unclear if post intervention),0,0,0,Postintervention,NA,1 year follow up (unclear if post intervention),Baseline,Randomized controlled trial,NA,no,NR,NR,NR,NR,NR,NR,NR,NR,NR,NR,NR,NA,NA,NA,NA,NA,NA,NA,NA,NA,NA,NA,NA,NA,NA
Kuhlmann 2016,3,Mindfulness,Control,autogenic training,NA,NA,1,3,Mindfulness,FMI (mentioned in protocol only),U,Mindfulness,Baseline,Postintervention,1 year follow up (unclear if post intervention),0,0,0,Postintervention,NA,1 year follow up (unclear if post intervention),Postintervention,Randomized controlled trial,NA,no,NR,NR,NR,NR,NR,NR,NR,NR,NR,NR,NA,NA,NA,NA,NA,NA,NA,NA,NA,NA,NA,NA,NA,NA,NA
Kuhlmann 2016,3,Mindfulness,Control,autogenic training,NA,NA,1,3,Self- efficacy,German scale (mentioned in protocol only),?(mentioned in protocol only),Relationship with self,Baseline,Postintervention,1 year follow up (unclear if post intervention),0,0,0,Postintervention,NA,1 year follow up (unclear if post intervention),6+months,Randomized controlled trial,NA,no,NR,NR,NR,NR,NR,NR,NR,NR,NR,NR,NA,NA,NA,NA,NA,NA,NA,NA,NA,NA,NA,NA,NA,NA,NA
Kuhlmann 2016,3,Mindfulness,Control,autogenic training,NA,NA,1,3,Self- efficacy,German scale (mentioned in protocol only),?(mentioned in protocol only),Relationship with self,Baseline,Postintervention,1 year follow up (unclear if post intervention),0,0,0,Postintervention,NA,1 year follow up (unclear if post intervention),Baseline,Randomized controlled trial,NA,no,NR,NR,NR,NR,NR,NR,NR,NR,NR,NR,NR,NA,NA,NA,NA,NA,NA,NA,NA,NA,NA,NA,NA,NA,NA
Kuhlmann 2016,3,Mindfulness,Control,autogenic training,NA,NA,1,3,Self- efficacy,German scale (mentioned in protocol only),?(mentioned in protocol only),Relationship with self,Baseline,Postintervention,1 year follow up (unclear if post intervention),0,0,0,Postintervention,NA,1 year follow up (unclear if post intervention),Postintervention,Randomized controlled trial,NA,no,NR,NR,NR,NR,NR,NR,NR,NR,NR,NR,NA,NA,NA,NA,NA,NA,NA,NA,NA,NA,NA,NA,NA,NA,NA
Shearer 2016,3,Mindfulness,Control,dog therapy,NA,NA,1,3,Depression,BDI-II,D,Depression,Baseline,Post Intervention,0,0,0,0,Post Intervention,NA,NA,Baseline,Randomized controlled trial,NA,no,14,Mean,SD,10.36,10.16,17,Mean,SD,10.12,8.28,12,Mean,SD,11,9.25,NA,NA,NA,NA,NA,NA,NA,NA,NA,NA
Shearer 2016,3,Mindfulness,Control,dog therapy,NA,NA,1,3,Depression,BDI-II,D,Depression,Baseline,Post Intervention,0,0,0,0,Post Intervention,NA,NA,Postintervention,Randomized controlled trial,NA,no,26,Mean,SD,7.92,8.09,20,Mean,SD,9.65,6.9,24,Mean,SD,9.42,10.86,NA,NA,NA,NA,NA,NA,NA,NA,NA,NA
Shearer 2016,3,Mindfulness,Control,dog therapy,NA,NA,1,3,Mindfulness,FFMQ,U,Mindfulness,Baseline,Post Intervention,0,0,0,0,Post Intervention,NA,NA,Baseline,Randomized controlled trial,NA,no,27,Mean,SD,125.52,14.85,17,Mean,SD,125.24,16.13,26,Mean,SD,121.85,14.96,NA,NA,NA,NA,NA,NA,NA,NA,NA,NA
Shearer 2016,3,Mindfulness,Control,dog therapy,NA,NA,1,3,Mindfulness,FFMQ,U,Mindfulness,Baseline,Post Intervention,0,0,0,0,Post Intervention,NA,NA,Postintervention,Randomized controlled trial,NA,no,26,Mean,SD,124.5,16.68,20,Mean,SD,123.25,12.49,24,Mean,SD,122.42,15.98,NA,NA,NA,NA,NA,NA,NA,NA,NA,NA
Desbordes 2012,3,Mindful Attention Training,Cognitively-Based Compassion Training,Control,NA,NA,3,3,Anxiety,Beck Anxiety Inventory (BAI),D,Anxiety,Baseline,Post-intervention,0,0,0,0,Post-intervention,NA,NA,Baseline,Randomized controlled trial,NA,merge A2 with A3,assume 13,Mean,SD,2.6,3.1,assume 17,Mean,SD,4.6,4.1,assume 11,Mean,SD,4,4.2,NA,NA,NA,NA,NA,NA,NA,NA,NA,NA
Desbordes 2012,3,Mindful Attention Training,Cognitively-Based Compassion Training,Control,NA,NA,3,3,Anxiety,Beck Anxiety Inventory (BAI),D,Anxiety,Baseline,Post-intervention,0,0,0,0,Post-intervention,NA,NA,Postintervention,Randomized controlled trial,NA,merge A2 with A3,assume 13,Mean,SD,1.8,2.5,assume 17,Mean,SD,3.8,4.2,assume 11,Mean,SD,1.3,2,NA,NA,NA,NA,NA,NA,NA,NA,NA,NA
Desbordes 2012,3,Mindful Attention Training,Cognitively-Based Compassion Training,Control,NA,NA,3,3,Depression,Beck Depression Inventory (BDI-II),D,Depression,Baseline,Post-intervention,0,0,0,0,Post-intervention,NA,NA,Baseline,Randomized controlled trial,NA,merge A2 with A3,13,Mean,SD,2.8,3.8,17,Mean,SD,5.8,7.9,11,Mean,SD,3.4,4.4,NA,NA,NA,NA,NA,NA,NA,NA,NA,NA
Desbordes 2012,3,Mindful Attention Training,Cognitively-Based Compassion Training,Control,NA,NA,3,3,Depression,Beck Depression Inventory (BDI-II),D,Depression,Baseline,Post-intervention,0,0,0,0,Post-intervention,NA,NA,Postintervention,Randomized controlled trial,NA,merge A2 with A3,13,Mean,SD,2.8,5.2,17,Mean,SD,2.7,4.1,11,Mean,SD,2.4,3.1,NA,NA,NA,NA,NA,NA,NA,NA,NA,NA
Barrett 2012,3,Mindfulness,Control,moderate-intensity exercise,NA,NA,1,3,Perceived stress,PSS-10,D,Distress,Baseline,Post Intervention,3 month post int follow up,0,0,0,Post Intervention,3 month post int follow up,NA,1-6months,Randomized controlled trial,NA,no,assume 51,Mean,95% CI,11.4,9.5 to 13.4,assume 51,Mean,95% CI,11.4,9.5 to 13.2,assume 47,Mean,95% CI,10,8.2 to 11.7,NA,NA,NA,NA,NA,NA,NA,NA,NA,NA
Barrett 2012,3,Mindfulness,Control,moderate-intensity exercise,NA,NA,1,3,Perceived stress,PSS-10,D,Distress,Baseline,Post Intervention,3 month post int follow up,0,0,0,Post Intervention,3 month post int follow up,NA,Baseline,Randomized controlled trial,NA,no,51,Mean,SD,13,4.7,51,Mean,SD,11.2,5.4,47,Mean,SD,11.4,6,NA,NA,NA,NA,NA,NA,NA,NA,NA,NA
Barrett 2012,3,Mindfulness,Control,moderate-intensity exercise,NA,NA,1,3,Perceived stress,PSS-10,D,Distress,Baseline,Post Intervention,3 month post int follow up,0,0,0,Post Intervention,3 month post int follow up,NA,Postintervention,Randomized controlled trial,NA,no,assume 51,Mean,95% CI,11.2,9.7 to 12.8,assume 51,Mean,95% CI,10.5,8.6 to 12.3,assume 47,Mean,95% CI,9.5,7.8 to 11.2,NA,NA,NA,NA,NA,NA,NA,NA,NA,NA
Barrett 2012,3,Mindfulness,Control,moderate-intensity exercise,NA,NA,1,3,Positive affect,PANAS time frame in last week,U,Mental wellbeing,Baseline,Postintervention,3 month post int follow up,0,0,0,Postintervention,3 month post int follow up,NA,1-6months,Randomized controlled trial,NA,no,assume 51,Mean,95% CI,36.3,34.3 to 38.3,assume 51,Mean,95% CI,34.9,32.7 to 37.0,assume 47,Mean,95% CI,36.2,33.9 to 38.5,NA,NA,NA,NA,NA,NA,NA,NA,NA,NA
Barrett 2012,3,Mindfulness,Control,moderate-intensity exercise,NA,NA,1,3,Positive affect,PANAS time frame in last week,U,Mental wellbeing,Baseline,Postintervention,3 month post int follow up,0,0,0,Postintervention,3 month post int follow up,NA,Baseline,Randomized controlled trial,NA,no,51,Mean,SD,36.2,6.5,51,Mean,SD,36.3,6.6,47,Mean,SD,36.7,6.2,NA,NA,NA,NA,NA,NA,NA,NA,NA,NA
Barrett 2012,3,Mindfulness,Control,moderate-intensity exercise,NA,NA,1,3,Positive affect,PANAS time frame in last week,U,Mental wellbeing,Baseline,Postintervention,3 month post int follow up,0,0,0,Postintervention,3 month post int follow up,NA,Postintervention,Randomized controlled trial,NA,no,assume 51,Mean,95% CI,36.6,34.8 to 38.4,assume 51,Mean,95% CI,35.3,33.0 to 37.5,assume 47,Mean,95% CI,36.8,34.6 to 39,NA,NA,NA,NA,NA,NA,NA,NA,NA,NA
Barrett 2012,3,Mindfulness,Control,moderate-intensity exercise,NA,NA,1,3,Mindfulness,MAAS,U,Mindfulness,Baseline,Post Intervention,3 month post int follow up,0,0,0,Post Intervention,3 month post int follow up,NA,1-6months,Randomized controlled trial,NA,no,assume 51,Mean,95% CI,4.73,4.54 to 4.91,assume 51,Mean,95% CI,4.59,4.37 to 4.82,assume 47,Mean,95% CI,4.82,4.59 to 5.05,NA,NA,NA,NA,NA,NA,NA,NA,NA,NA
Barrett 2012,3,Mindfulness,Control,moderate-intensity exercise,NA,NA,1,3,Mindfulness,MAAS,U,Mindfulness,Baseline,Post Intervention,3 month post int follow up,0,0,0,Post Intervention,3 month post int follow up,NA,Baseline,Randomized controlled trial,NA,no,51,Mean,SD,4.5,0.7,51,Mean,SD,4.6,0.7,47,Mean,SD,4.6,0.7,NA,NA,NA,NA,NA,NA,NA,NA,NA,NA
Barrett 2012,3,Mindfulness,Control,moderate-intensity exercise,NA,NA,1,3,Mindfulness,MAAS,U,Mindfulness,Baseline,Post Intervention,3 month post int follow up,0,0,0,Post Intervention,3 month post int follow up,NA,Postintervention,Randomized controlled trial,NA,no,assume 51,Mean,95% CI,4.55,4.37 to 4.73,assume 51,Mean,95% CI,4.6,4.40 to 4.81,assume 47,Mean,95% CI,4.59,4.36 to 4.82,NA,NA,NA,NA,NA,NA,NA,NA,NA,NA
Barrett 2012,3,Mindfulness,Control,moderate-intensity exercise,NA,NA,1,3,Sleep,PSQI,D,Psychosomatic outcomes,Baseline,Post Intervention,3 month post int follow up,0,0,0,Post Intervention,3 month post int follow up,NA,1-6months,Randomized controlled trial,NA,no,assume 51,Mean,95% CI,5.02,4.20 to 5.84,assume 51,Mean,95% CI,5.1,4.22 to 5.99,assume 47,Mean,95% CI,4.54,3.47 to 5.61,NA,NA,NA,NA,NA,NA,NA,NA,NA,NA
Barrett 2012,3,Mindfulness,Control,moderate-intensity exercise,NA,NA,1,3,Sleep,PSQI,D,Psychosomatic outcomes,Baseline,Post Intervention,3 month post int follow up,0,0,0,Post Intervention,3 month post int follow up,NA,Baseline,Randomized controlled trial,NA,no,51,Mean,SD,5.1,2.6,51,Mean,SD,4.7,2.5,47,Mean,SD,4.6,3.1,NA,NA,NA,NA,NA,NA,NA,NA,NA,NA
Barrett 2012,3,Mindfulness,Control,moderate-intensity exercise,NA,NA,1,3,Sleep,PSQI,D,Psychosomatic outcomes,Baseline,Post Intervention,3 month post int follow up,0,0,0,Post Intervention,3 month post int follow up,NA,Postintervention,Randomized controlled trial,NA,no,assume 51,Mean,95% CI,5.02,4.06 to 5.98,assume 51,Mean,95% CI,5.22,4.33 to 6.12,assume 47,Mean,95% CI,4.61,3.49 to 5.73,NA,NA,NA,NA,NA,NA,NA,NA,NA,NA
Barrett 2012,3,Mindfulness,Control,moderate-intensity exercise,NA,NA,1,3,Days of Work or School Missed (Sick Days),Included,D,Real life functioning,3 month post intervention follow up,0,0,0,0,0,NA,3 month post intervention follow up,NA,1-6months,Randomized controlled trial,NA,no,51,Mean,95% CI,1.9,0.7 to 3.2,51,Mean,95% CI,2.8,1.5 to 4.2,47,Mean,95% CI,1.9,0.8 to 3.1,NA,NA,NA,NA,NA,NA,NA,NA,NA,NA
Oken 2010,3,Mindfulness,Control,Control class,NA,NA,1,3,Cognition,Stroop Color and Word Test interference,D,Cognitive functioning,Baseline,Post Intervention,0,0,0,0,Post Intervention,NA,NA,Baseline,Randomized controlled trial,NA,no,8,Mean,SD,124.9,71.9,9,Mean,SD,121.4,49.7,11,Mean,SD,152.6,35.1,NA,NA,NA,NA,NA,NA,NA,NA,NA,NA
Oken 2010,3,Mindfulness,Control,Control class,NA,NA,1,3,Cognition,Stroop Color and Word Test interference,D,Cognitive functioning,Baseline,Post Intervention,0,0,0,0,Post Intervention,NA,NA,Postintervention,Randomized controlled trial,NA,no,8,Mean,SD,105.7,56.3,9,Mean,SD,126,81.4,11,Mean,SD,121.8,31.6,NA,NA,NA,NA,NA,NA,NA,NA,NA,NA
Oken 2010,3,Mindfulness,Control,Control class,NA,NA,1,3,Depression,CES-D,D,Depression,Baseline,Post Intervention,0,0,0,0,Post Intervention,NA,NA,Baseline,Randomized controlled trial,NA,no,8,Mean,SD,15.8,7.7,9,Mean,SD,14.5,7.7,11,Mean,SD,16.9,10,NA,NA,NA,NA,NA,NA,NA,NA,NA,NA
Oken 2010,3,Mindfulness,Control,Control class,NA,NA,1,3,Depression,CES-D,D,Depression,Baseline,Post Intervention,0,0,0,0,Post Intervention,NA,NA,Postintervention,Randomized controlled trial,NA,no,8,Mean,SD,12.5,10.9,11,Mean,SD,15.3,7.4,11,Mean,SD,15.2,7.8,NA,NA,NA,NA,NA,NA,NA,NA,NA,NA
Oken 2010,3,Mindfulness,Control,Control class,NA,NA,1,3,Perceived stress,Revised Memory and Behavior Problems Checklist,D,Distress,Baseline,Post Intervention,0,0,0,0,Post Intervention,NA,NA,Baseline,Randomized controlled trial,NA,no,8,Mean,SD,27.1,12.9,11,Mean,SD,24.8,23.6,10,Mean,SD,28.1,11.1,NA,NA,NA,NA,NA,NA,NA,NA,NA,NA
Oken 2010,3,Mindfulness,Control,Control class,NA,NA,1,3,Perceived stress,Revised Memory and Behavior Problems Checklist,D,Distress,Baseline,Post Intervention,0,0,0,0,Post Intervention,NA,NA,Postintervention,Randomized controlled trial,NA,no,8,Mean,SD,24.8,12.9,11,Mean,SD,26.4,23.7,9,Mean,SD,21.6,5.8,NA,NA,NA,NA,NA,NA,NA,NA,NA,NA
Oken 2010,3,Mindfulness,Control,Control class,NA,NA,1,3,Mindfulness,MAAS,U,Mindfulness,Baseline,Post Intervention,0,0,0,0,Post Intervention,NA,NA,Baseline,Randomized controlled trial,NA,no,8,Mean,SD,4.4,0.7,9,Mean,SD,4,0.5,11,Mean,SD,4.2,0.9,NA,NA,NA,NA,NA,NA,NA,NA,NA,NA
Oken 2010,3,Mindfulness,Control,Control class,NA,NA,1,3,Mindfulness,MAAS,U,Mindfulness,Baseline,Post Intervention,0,0,0,0,Post Intervention,NA,NA,Postintervention,Randomized controlled trial,NA,no,8,Mean,SD,4.1,0.7,9,Mean,SD,3.7,0.8,11,Mean,SD,4.2,1,NA,NA,NA,NA,NA,NA,NA,NA,NA,NA
Oken 2010,3,Mindfulness,Control,Control class,NA,NA,1,3,Sleep,Epworth Sleep Questionnaire,D,Psychosomatic outcomes,Baseline,Post Intervention,0,0,0,0,Post Intervention,NA,NA,Baseline,Randomized controlled trial,NA,no,8,Mean,SD,4.7,2.8,9,Mean,SD,7.1,4.7,11,Mean,SD,6.6,4.8,NA,NA,NA,NA,NA,NA,NA,NA,NA,NA
Oken 2010,3,Mindfulness,Control,Control class,NA,NA,1,3,Sleep,Epworth Sleep Questionnaire,D,Psychosomatic outcomes,Baseline,Post Intervention,0,0,0,0,Post Intervention,NA,NA,Postintervention,Randomized controlled trial,NA,no,8,Mean,SD,4.8,1.6,9,Mean,SD,8,5,11,Mean,SD,6.1,4.4,NA,NA,NA,NA,NA,NA,NA,NA,NA,NA
Oken 2010,3,Mindfulness,Control,Control class,NA,NA,1,3,Burnout/stress,Caregiver Appraisal Tool,D,Real life functioning,Baseline,Post Intervention,0,0,0,0,Post Intervention,NA,NA,Baseline,Randomized controlled trial,NA,no,8,Mean,SD,89.1,14.7,9,Mean,SD,89.7,11.2,11,Mean,SD,91.2,17.2,NA,NA,NA,NA,NA,NA,NA,NA,NA,NA
Oken 2010,3,Mindfulness,Control,Control class,NA,NA,1,3,Burnout/stress,Caregiver Appraisal Tool,D,Real life functioning,Baseline,Post Intervention,0,0,0,0,Post Intervention,NA,NA,Postintervention,Randomized controlled trial,NA,no,8,Mean,SD,88.5,15,9,Mean,SD,90.4,14.2,11,Mean,SD,88.7,12,NA,NA,NA,NA,NA,NA,NA,NA,NA,NA
Oken 2010,3,Mindfulness,Control,Control class,NA,NA,1,3,Self-efficacy,General Perceived Self-Efficacy Scale,U,Relationship with self,Baseline,Post Intervention,0,0,0,0,Post Intervention,NA,NA,Baseline,Randomized controlled trial,NA,no,8,Mean,SD,30.6,4.4,9,Mean,SD,30.2,5.1,11,Mean,SD,30.7,5.4,NA,NA,NA,NA,NA,NA,NA,NA,NA,NA
Oken 2010,3,Mindfulness,Control,Control class,NA,NA,1,3,Self-efficacy,General Perceived Self-Efficacy Scale,U,Relationship with self,Baseline,Post Intervention,0,0,0,0,Post Intervention,NA,NA,Postintervention,Randomized controlled trial,NA,no,8,Mean,SD,31.4,4.6,9,Mean,SD,31.4,5.1,11,Mean,SD,30.9,4.6,NA,NA,NA,NA,NA,NA,NA,NA,NA,NA
Delgado-Pastor 2015,3,Mindfulness cognitive,Control,Mindfulness interoceptive,NA,NA,1,Merge with intervention,Depressive symptoms,BDI,D,Depression,Baseline,Post Intervention,0,0,0,0,Post Intervention,NA,NA,Baseline,Randomized controlled trial,NA,merge A1 with A3,15,Mean,SD,13.7,8.4,15,Mean,SD,12.4,7.8,15,Mean,SD,15.3,6.8,NA,NA,NA,NA,NA,NA,NA,NA,NA,NA
Delgado-Pastor 2015,3,Mindfulness cognitive,Control,Mindfulness interoceptive,NA,NA,1,Merge with intervention,Depressive symptoms,BDI,D,Depression,Baseline,Post Intervention,0,0,0,0,Post Intervention,NA,NA,Postintervention,Randomized controlled trial,NA,merge A1 with A3,assume 12,Mean,SD,8.5,7.2,assume 14,Mean,SD,11.5,7.8,assume 15,Mean,SD,8,4.4,NA,NA,NA,NA,NA,NA,NA,NA,NA,NA
Delgado-Pastor 2015,3,Mindfulness cognitive,Control,Mindfulness interoceptive,NA,NA,1,Merge with intervention,Stress,PSS,D,Distress,Baseline,Post-intervention,0,0,0,0,Post-intervention,NA,NA,Baseline,Randomized controlled trial,NA,merge A1 with A3,15,Mean,SD,32.6,6.8,15,Mean,SD,29.6,7.6,15,Mean,SD,32.2,6.3,NA,NA,NA,NA,NA,NA,NA,NA,NA,NA
Delgado-Pastor 2015,3,Mindfulness cognitive,Control,Mindfulness interoceptive,NA,NA,1,Merge with intervention,Stress,PSS,D,Distress,Baseline,Post-intervention,0,0,0,0,Post-intervention,NA,NA,Postintervention,Randomized controlled trial,NA,merge A1 with A3,assume 12,Mean,SD,28.1,6.2,assume 14,Mean,SD,30.7,5.3,assume 15,Mean,SD,26.2,5.4,NA,NA,NA,NA,NA,NA,NA,NA,NA,NA
Delgado-Pastor 2015,3,Mindfulness cognitive,Control,Mindfulness interoceptive,NA,NA,1,Merge with intervention,Positive affect,PANAS-P in the last week,U,Mental wellbeing,Baseline,Post-intervention,0,0,0,0,Post-intervention,NA,NA,Baseline,Randomized controlled trial,NA,merge A1 with A3,15,Mean,SD,28.3,7.1,15,Mean,SD,27.4,6.6,15,Mean,SD,27.7,6.4,NA,NA,NA,NA,NA,NA,NA,NA,NA,NA
Delgado-Pastor 2015,3,Mindfulness cognitive,Control,Mindfulness interoceptive,NA,NA,1,Merge with intervention,Positive affect,PANAS-P in the last week,U,Mental wellbeing,Baseline,Post-intervention,0,0,0,0,Post-intervention,NA,NA,Postintervention,Randomized controlled trial,NA,merge A1 with A3,assume 12,Mean,SD,32.3,8,assume 14,Mean,SD,29.9,7.6,assume 15,Mean,SD,30.8,6.5,NA,NA,NA,NA,NA,NA,NA,NA,NA,NA
Delgado-Pastor 2015,3,Mindfulness cognitive,Control,Mindfulness interoceptive,NA,NA,1,Merge with intervention,Mindfulness,MAAS,U,Mindfulness,Baseline,Post intervention,0,0,0,0,Post intervention,NA,NA,Baseline,Randomized controlled trial,NA,merge A1 with A3,15,Mean,SD,56.7,10.8,15,Mean,SD,51.1,13.8,15,Mean,SD,49.2,12.2,NA,NA,NA,NA,NA,NA,NA,NA,NA,NA
Delgado-Pastor 2015,3,Mindfulness cognitive,Control,Mindfulness interoceptive,NA,NA,1,Merge with intervention,Mindfulness,MAAS,U,Mindfulness,Baseline,Post intervention,0,0,0,0,Post intervention,NA,NA,Postintervention,Randomized controlled trial,NA,merge A1 with A3,assume 12,Mean,SD,53.6,9.4,assume 14,Mean,SD,50.4,14.4,assume 15,Mean,SD,55.4,8.1,NA,NA,NA,NA,NA,NA,NA,NA,NA,NA
Hunt 2018,5,Mindfulness,Control,combined,yoga,Dog Therapy,1,Merge with intervention,Depression,BDI-II no suicidality item,D,Depression,Baseline,Post intervention,0,0,0,0,Post intervention,NA,NA,Baseline,Randomized controlled trial,NA,"merge A1 with A3, and A4 with A5 as A3",24,Mean,SD,8.167,5.08,24,Mean,SD,7.88,5.86,22,Mean,SD,7.955,4.25,21,Mean,SD,8.81,5.84,24,Mean,SD,8.125,5.392
Hunt 2018,5,Mindfulness,Control,combined,yoga,Dog Therapy,1,Merge with intervention,Depression,BDI-II no suicidality item,D,Depression,Baseline,Post intervention,0,0,0,0,Post intervention,NA,NA,Postintervention,Randomized controlled trial,NA,"merge A1 with A3, and A4 with A5 as A3",22,Mean,SD,7.41,5.79,23,Mean,SD,7.35,3.95,18,Mean,SD,6.5,3.698,21,Mean,SD,7,6.87,24,Mean,SD,6.33,5.433
Hunt 2018,5,Mindfulness,Control,combined,yoga,Dog Therapy,1,Merge with intervention,Negative affect,PANAS-N apparently in last week,D,Distress,Baseline,Post intervention,0,0,0,0,Post intervention,NA,NA,Baseline,Randomized controlled trial,NA,"merge A1 with A3, and A4 with A5 as A3",23,Mean,SD,19.13,6.196,24,Mean,SD,18.083,6.68,22,Mean,SD,18.82,4.77,21,Mean,SD,20.762,7.02,24,Mean,SD,19.417,5.656
Hunt 2018,5,Mindfulness,Control,combined,yoga,Dog Therapy,1,Merge with intervention,Negative affect,PANAS-N apparently in last week,D,Distress,Baseline,Post intervention,0,0,0,0,Post intervention,NA,NA,Postintervention,Randomized controlled trial,NA,"merge A1 with A3, and A4 with A5 as A3",22,Mean,SD,16.05,6.28,23,Mean,SD,15,3.23,19,Mean,SD,15,4.922,21,Mean,SD,15.14,5.597,24,Mean,SD,18.25,7.963
Hunt 2018,5,Mindfulness,Control,combined,yoga,Dog Therapy,1,Merge with intervention,Positive affect,PANAS-P apparently in last week,U,Mental wellbeing,Baseline,Post Intervention,0,0,0,0,Post Intervention,NA,NA,Baseline,Randomized controlled trial,NA,"merge A1 with A3, and A4 with A5 as A3",23,Mean,SD,31.96,8.59,24,Mean,SD,34.1667,8.555,22,Mean,SD,32.364,4.392,21,Mean,SD,30.19,7.915,24,Mean,SD,34.167,7.1789
Hunt 2018,5,Mindfulness,Control,combined,yoga,Dog Therapy,1,Merge with intervention,Positive affect,PANAS-P apparently in last week,U,Mental wellbeing,Baseline,Post Intervention,0,0,0,0,Post Intervention,NA,NA,Postintervention,Randomized controlled trial,NA,"merge A1 with A3, and A4 with A5 as A3",22,Mean,SD,26,11.9,23,Mean,SD,31,9,19,Mean,SD,26.05,9.07,21,Mean,SD,24.52,9.626,24,Mean,SD,24.88,10.01
Wilson 2012,3,Mindfulness,Control,Mindfulness 2,NA,NA,1,Merge with intervention,Perceived stress,PSS-10,D,Distress,Baseline,Post Intervention,1 month post int follow up,0,0,0,Post Intervention,1 month post int follow up,NA,1-6months,Randomized controlled trial,NA,merge A1 with A3,27,Mean,SD,12.08,4.35,27,Mean,SD,18.41,4.72,26,Mean,SD,14.67,3.4,NA,NA,NA,NA,NA,NA,NA,NA,NA,NA
Wilson 2012,3,Mindfulness,Control,Mindfulness 2,NA,NA,1,Merge with intervention,Perceived stress,PSS-10,D,Distress,Baseline,Post Intervention,1 month post int follow up,0,0,0,Post Intervention,1 month post int follow up,NA,Baseline,Randomized controlled trial,NA,merge A1 with A3,27,Mean,SD,14.19,4.92,27,Mean,SD,18.22,5.81,26,Mean,SD,19.37,5.16,NA,NA,NA,NA,NA,NA,NA,NA,NA,NA
Wilson 2012,3,Mindfulness,Control,Mindfulness 2,NA,NA,1,Merge with intervention,Perceived stress,PSS-10,D,Distress,Baseline,Post Intervention,1 month post int follow up,0,0,0,Post Intervention,1 month post int follow up,NA,Postintervention,Randomized controlled trial,NA,merge A1 with A3,27,Mean,SD,10.69,4.96,27,Mean,SD,19.44,5.09,26,Mean,SD,14.33,3,NA,NA,NA,NA,NA,NA,NA,NA,NA,NA
Wilson 2012,3,Mindfulness,Control,Mindfulness 2,NA,NA,1,Merge with intervention,Life satisfaction,SWLS,U,Mental wellbeing,Baseline,Post intervention,1-month post int follow-up,0,0,0,Post intervention,1-month post int follow-up,NA,1-6months,Randomized controlled trial,NA,merge A1 with A3,27,Mean,SD,5.39,1.2,27,Mean,SD,4.96,1.37,26,Mean,SD,5.7,1.1,NA,NA,NA,NA,NA,NA,NA,NA,NA,NA
Wilson 2012,3,Mindfulness,Control,Mindfulness 2,NA,NA,1,Merge with intervention,Life satisfaction,SWLS,U,Mental wellbeing,Baseline,Post intervention,1-month post int follow-up,0,0,0,Post intervention,1-month post int follow-up,NA,Baseline,Randomized controlled trial,NA,merge A1 with A3,27,Mean,SD,4.92,1.41,27,Mean,SD,5.11,1.45,26,Mean,SD,4.67,1.51,NA,NA,NA,NA,NA,NA,NA,NA,NA,NA
Wilson 2012,3,Mindfulness,Control,Mindfulness 2,NA,NA,1,Merge with intervention,Life satisfaction,SWLS,U,Mental wellbeing,Baseline,Post intervention,1-month post int follow-up,0,0,0,Post intervention,1-month post int follow-up,NA,Postintervention,Randomized controlled trial,NA,merge A1 with A3,27,Mean,SD,5.85,1.08,27,Mean,SD,5.03,1.4,26,Mean,SD,5.44,1.4,NA,NA,NA,NA,NA,NA,NA,NA,NA,NA
Wilson 2012,3,Mindfulness,Control,Mindfulness 2,NA,NA,1,Merge with intervention,Mindfulness,FFMQ,U,Mindfulness,Baseline,Post Intervention,1 month post int follow up,0,0,0,Post Intervention,1 month post int follow up,NA,1-6months,Randomized controlled trial,NA,merge A1 with A3,27,Mean,SD,133.58,16.12,27,Mean,SD,129.78,13.4,26,Mean,SD,135.85,17.57,NA,NA,NA,NA,NA,NA,NA,NA,NA,NA
Wilson 2012,3,Mindfulness,Control,Mindfulness 2,NA,NA,1,Merge with intervention,Mindfulness,FFMQ,U,Mindfulness,Baseline,Post Intervention,1 month post int follow up,0,0,0,Post Intervention,1 month post int follow up,NA,Baseline,Randomized controlled trial,NA,merge A1 with A3,27,Mean,SD,127.85,18.36,27,Mean,SD,126.48,19.11,26,Mean,SD,128.52,19.03,NA,NA,NA,NA,NA,NA,NA,NA,NA,NA
Wilson 2012,3,Mindfulness,Control,Mindfulness 2,NA,NA,1,Merge with intervention,Mindfulness,FFMQ,U,Mindfulness,Baseline,Post Intervention,1 month post int follow up,0,0,0,Post Intervention,1 month post int follow up,NA,Postintervention,Randomized controlled trial,NA,merge A1 with A3,27,Mean,SD,134.65,16.3,27,Mean,SD,125.82,16.13,26,Mean,SD,136.7,13.4,NA,NA,NA,NA,NA,NA,NA,NA,NA,NA
Wilson 2012,3,Mindfulness,Control,Mindfulness 2,NA,NA,1,Merge with intervention,Sleep,PSQI,D,Psychosomatic outcomes,Baseline,Post Intervention,1 month post int follow up,0,0,0,Post Intervention,1 month post int follow up,NA,1-6months,Randomized controlled trial,NA,merge A1 with A3,27,Mean,SD,3.62,1.44,27,Mean,SD,6.11,2.34,26,Mean,SD,4.07,1.52,NA,NA,NA,NA,NA,NA,NA,NA,NA,NA
Wilson 2012,3,Mindfulness,Control,Mindfulness 2,NA,NA,1,Merge with intervention,Sleep,PSQI,D,Psychosomatic outcomes,Baseline,Post Intervention,1 month post int follow up,0,0,0,Post Intervention,1 month post int follow up,NA,Baseline,Randomized controlled trial,NA,merge A1 with A3,27,Mean,SD,5.5,2.63,27,Mean,SD,6.74,2.8,26,Mean,SD,6.19,2.6,NA,NA,NA,NA,NA,NA,NA,NA,NA,NA
Wilson 2012,3,Mindfulness,Control,Mindfulness 2,NA,NA,1,Merge with intervention,Sleep,PSQI,D,Psychosomatic outcomes,Baseline,Post Intervention,1 month post int follow up,0,0,0,Post Intervention,1 month post int follow up,NA,Postintervention,Randomized controlled trial,NA,merge A1 with A3,27,Mean,SD,3.65,1.9,27,Mean,SD,6.78,2.31,26,Mean,SD,4.26,2.47,NA,NA,NA,NA,NA,NA,NA,NA,NA,NA
Wilson 2012,3,Mindfulness,Control,Mindfulness 2,NA,NA,1,Merge with intervention,Work engagement,Utrecht Work Engagement Scale,U,Real life functioning,Baseline,Post Intervention,1 month post int follow up,0,0,0,Post Intervention,1 month post int follow up,NA,1-6months,Randomized controlled trial,NA,merge A1 with A3,27,Mean,SD,4.61,0.5,27,Mean,SD,3.99,0.82,26,Mean,SD,4.69,0.71,NA,NA,NA,NA,NA,NA,NA,NA,NA,NA
Wilson 2012,3,Mindfulness,Control,Mindfulness 2,NA,NA,1,Merge with intervention,Work engagement,Utrecht Work Engagement Scale,U,Real life functioning,Baseline,Post Intervention,1 month post int follow up,0,0,0,Post Intervention,1 month post int follow up,NA,Baseline,Randomized controlled trial,NA,merge A1 with A3,27,Mean,SD,4.22,0.75,27,Mean,SD,4.07,0.87,26,Mean,SD,4.25,0.79,NA,NA,NA,NA,NA,NA,NA,NA,NA,NA
Wilson 2012,3,Mindfulness,Control,Mindfulness 2,NA,NA,1,Merge with intervention,Work engagement,Utrecht Work Engagement Scale,U,Real life functioning,Baseline,Post Intervention,1 month post int follow up,0,0,0,Post Intervention,1 month post int follow up,NA,Postintervention,Randomized controlled trial,NA,merge A1 with A3,27,Mean,SD,4.69,0.46,27,Mean,SD,4.04,0.77,26,Mean,SD,4.87,0.59,NA,NA,NA,NA,NA,NA,NA,NA,NA,NA
Aeamla-Or 2015,2,Mindfulness,Control,NA,NA,NA,1,NA,Depression,CES-D,D,Depression,Change values from Post Intervention to baseline,Change values from8 weeks post intervention to baseline,Change values from 24 weeks post intervention to baseline,omnibus time x group,0,0,Change values from Post Intervention to baseline,Change values from 24 weeks post intervention to baseline,NA,1-6months,Randomized controlled trial,NA,no,63,Mean,SD,15.79,8.04,63,Mean,SD,19.02,9.56,NA,NA,NA,NA,NA,NA,NA,NA,NA,NA,NA,NA,NA,NA,NA
Aeamla-Or 2015,2,Mindfulness,Control,NA,NA,NA,1,NA,Depression,CES-D,D,Depression,Change values from Post Intervention to baseline,Change values from8 weeks post intervention to baseline,Change values from 24 weeks post intervention to baseline,omnibus time x group,0,0,Change values from Post Intervention to baseline,Change values from 24 weeks post intervention to baseline,NA,Postintervention,Randomized controlled trial,NA,no,63,Mean,SD,13.37,7.39,63,Mean,SD,15.63,7.65,NA,NA,NA,NA,NA,NA,NA,NA,NA,NA,NA,NA,NA,NA,NA
Aeamla-Or 2015,2,Mindfulness,Control,NA,NA,NA,1,NA,Perceived Stress,PSS-10,D,Distress,Change values from Post Intervention to baseline,Change values from8 weeks post intervention to baseline,Change values from 24 weeks post intervention to baseline,omnibus time x group,0,0,Change values from Post Intervention to baseline,Change values from 24 weeks post intervention to baseline,NA,1-6months,Randomized controlled trial,NA,no,63,Mean,SD,17.46,5.4,63,Mean,SD,19.24,5.09,NA,NA,NA,NA,NA,NA,NA,NA,NA,NA,NA,NA,NA,NA,NA
Aeamla-Or 2015,2,Mindfulness,Control,NA,NA,NA,1,NA,Perceived Stress,PSS-10,D,Distress,Change values from Post Intervention to baseline,Change values from8 weeks post intervention to baseline,Change values from 24 weeks post intervention to baseline,omnibus time x group,0,0,Change values from Post Intervention to baseline,Change values from 24 weeks post intervention to baseline,NA,Postintervention,Randomized controlled trial,NA,no,63,Mean,SD,14.21,5.33,63,Mean,SD,16.7,5.08,NA,NA,NA,NA,NA,NA,NA,NA,NA,NA,NA,NA,NA,NA,NA
Aeamla-Or 2015,2,Mindfulness,Control,NA,NA,NA,1,NA,Mindfulness,MAAS,U,Mindfulness,Change values from Post Intervention to baseline,Change values from8 weeks post intervention to baseline,Change values from 24 weeks post intervention to baseline,omnibus time x group,0,0,Change values from Post Intervention to baseline,Change values from 24 weeks post intervention to baseline,NA,1-6months,Randomized controlled trial,NA,no,63,Mean,SD,67.1,7.6,63,Mean,SD,62.05,7.9,NA,NA,NA,NA,NA,NA,NA,NA,NA,NA,NA,NA,NA,NA,NA
Aeamla-Or 2015,2,Mindfulness,Control,NA,NA,NA,1,NA,Mindfulness,MAAS,U,Mindfulness,Change values from Post Intervention to baseline,Change values from8 weeks post intervention to baseline,Change values from 24 weeks post intervention to baseline,omnibus time x group,0,0,Change values from Post Intervention to baseline,Change values from 24 weeks post intervention to baseline,NA,Postintervention,Randomized controlled trial,NA,no,63,Mean,SD,66.21,7.4,63,Mean,SD,63,7.56,NA,NA,NA,NA,NA,NA,NA,NA,NA,NA,NA,NA,NA,NA,NA
Aeamla-Or 2015,2,Mindfulness,Control,NA,NA,NA,1,NA,Academic performance,grade point average scores (GPA),U,Real life functioning,Change values from Post Intervention to baseline,Change values from8 weeks post intervention to baseline,Change values from 24 weeks post intervention to baseline,omnibus time x group,0,0,Change values from Post Intervention to baseline,Change values from 24 weeks post intervention to baseline,NA,1-6months,Randomized controlled trial,NA,no,63,Mean,SD,3.13,0.35,63,Mean,SD,3.17,0.36,NA,NA,NA,NA,NA,NA,NA,NA,NA,NA,NA,NA,NA,NA,NA
Aeamla-Or 2015,2,Mindfulness,Control,NA,NA,NA,1,NA,Academic performance,grade point average scores (GPA),U,Real life functioning,Change values from Post Intervention to baseline,Change values from8 weeks post intervention to baseline,Change values from 24 weeks post intervention to baseline,omnibus time x group,0,0,Change values from Post Intervention to baseline,Change values from 24 weeks post intervention to baseline,NA,Postintervention,Randomized controlled trial,NA,no,63,Mean,SD,2.91,0.47,63,Mean,SD,2.97,0.42,NA,NA,NA,NA,NA,NA,NA,NA,NA,NA,NA,NA,NA,NA,NA
Aeamla-Or 2015,2,Mindfulness,Control,NA,NA,NA,1,NA,Self-esteem,Rosenberg Self-Esteem Scale,U,Relationship with self,Change values from Post Intervention to baseline,Change values from8 weeks post intervention to baseline,Change values from 24 weeks post intervention to baseline,omnibus time x group,0,0,Change values from Post Intervention to baseline,Change values from 24 weeks post intervention to baseline,NA,1-6months,Randomized controlled trial,NA,no,63,Mean,SD,32.06,3.14,63,Mean,SD,29.84,4.21,NA,NA,NA,NA,NA,NA,NA,NA,NA,NA,NA,NA,NA,NA,NA
Aeamla-Or 2015,2,Mindfulness,Control,NA,NA,NA,1,NA,Self-esteem,Rosenberg Self-Esteem Scale,U,Relationship with self,Change values from Post Intervention to baseline,Change values from8 weeks post intervention to baseline,Change values from 24 weeks post intervention to baseline,omnibus time x group,0,0,Change values from Post Intervention to baseline,Change values from 24 weeks post intervention to baseline,NA,Postintervention,Randomized controlled trial,NA,no,63,Mean,SD,31.38,3.24,63,Mean,SD,30.19,3.52,NA,NA,NA,NA,NA,NA,NA,NA,NA,NA,NA,NA,NA,NA,NA
Aeamla-Or 2015,2,Mindfulness,Control,NA,NA,NA,1,NA,Depression,CES-D,D,Depression,Change values from Post Intervention to baseline,Change values from8 weeks post intervention to baseline,Change values from 24 weeks post intervention to baseline,omnibus time x group,0,0,Change values from Post Intervention to baseline,Change values from 24 weeks post intervention to baseline,NA,Baseline,Randomized controlled trial,NA,no,63,Mean,SD,15.14,7.03,63,Mean,SD,15.59,7.93,NA,NA,NA,NA,NA,NA,NA,NA,NA,NA,NA,NA,NA,NA,NA
Aeamla-Or 2015,2,Mindfulness,Control,NA,NA,NA,1,NA,Perceived Stress,PSS-10,D,Distress,Change values from Post Intervention to baseline,Change values from8 weeks post intervention to baseline,Change values from 24 weeks post intervention to baseline,omnibus time x group,0,0,Change values from Post Intervention to baseline,Change values from 24 weeks post intervention to baseline,NA,Baseline,Randomized controlled trial,NA,no,63,Mean,SD,16.73,4.97,63,Mean,SD,16.73,5.34,NA,NA,NA,NA,NA,NA,NA,NA,NA,NA,NA,NA,NA,NA,NA
Aeamla-Or 2015,2,Mindfulness,Control,NA,NA,NA,1,NA,Mindfulness,MAAS,U,Mindfulness,Change values from Post Intervention to baseline,Change values from8 weeks post intervention to baseline,Change values from 24 weeks post intervention to baseline,omnibus time x group,0,0,Change values from Post Intervention to baseline,Change values from 24 weeks post intervention to baseline,NA,Baseline,Randomized controlled trial,NA,no,64,Mean,SD,61.46,6.32,63,Mean,SD,61.52,7.3,NA,NA,NA,NA,NA,NA,NA,NA,NA,NA,NA,NA,NA,NA,NA
Aeamla-Or 2015,2,Mindfulness,Control,NA,NA,NA,1,NA,Self-esteem,Rosenberg Self-Esteem Scale,U,Relationship with self,Change values from Post Intervention to baseline,Change values from8 weeks post intervention to baseline,Change values from 24 weeks post intervention to baseline,omnibus time x group,0,0,Change values from Post Intervention to baseline,Change values from 24 weeks post intervention to baseline,NA,Baseline,Randomized controlled trial,NA,no,63,Mean,SD,29.57,2.83,63,Mean,SD,29.94,3.95,NA,NA,NA,NA,NA,NA,NA,NA,NA,NA,NA,NA,NA,NA,NA
Amutio 2015,2,Mindfulness,Control,NA,NA,NA,1,NA,Mindfulness (trait),FFMQ,U,Mindfulness,Baseline,Post Intervention,0,0,0,0,Post Intervention,NA,NA,Baseline,Randomized controlled trial,NA,no,21,Mean,SD,3.34,0.44,21,Mean,SD,3.51,0.37,NA,NA,NA,NA,NA,NA,NA,NA,NA,NA,NA,NA,NA,NA,NA
Amutio 2015,2,Mindfulness,Control,NA,NA,NA,1,NA,Mindfulness (trait),FFMQ,U,Mindfulness,Baseline,Post Intervention,0,0,0,0,Post Intervention,NA,NA,Postintervention,Randomized controlled trial,NA,no,assume 21,Mean,SD,3.71,0.51,assume 21,Mean,SD,3.34,0.33,NA,NA,NA,NA,NA,NA,NA,NA,NA,NA,NA,NA,NA,NA,NA
Amutio 2015,2,Mindfulness,Control,NA,NA,NA,1,NA,Burnout,Maslach Burnout Inventory Spanish validated confirmed by author,D,Real life functioning,Baseline,Post intervention,0,0,0,0,Post intervention,NA,NA,Baseline,Randomized controlled trial,NA,no,21,Mean,SD,2.47,1.29,21,Mean,SD,1.85,1.1,NA,NA,NA,NA,NA,NA,NA,NA,NA,NA,NA,NA,NA,NA,NA
Amutio 2015,2,Mindfulness,Control,NA,NA,NA,1,NA,Burnout,Maslach Burnout Inventory Spanish validated confirmed by author,D,Real life functioning,Baseline,Post intervention,0,0,0,0,Post intervention,NA,NA,Postintervention,Randomized controlled trial,NA,no,assume 21,Mean,SD,1.74,1.12,assume 21,Mean,SD,1.84,1.07,NA,NA,NA,NA,NA,NA,NA,NA,NA,NA,NA,NA,NA,NA,NA
Anderson 2007,2,Mindfulness,Control,NA,NA,NA,1,NA,Anxiety,BAI,D,Anxiety,Pre-test,Post-test,0,0,0,0,Post-test,NA,NA,Baseline,Randomized controlled trial,NA,no,39,Mean,SD,10.4,9.3,33,Mean,SD,8.4,6.5,NA,NA,NA,NA,NA,NA,NA,NA,NA,NA,NA,NA,NA,NA,NA
Anderson 2007,2,Mindfulness,Control,NA,NA,NA,1,NA,Anxiety,BAI,D,Anxiety,Pre-test,Post-test,0,0,0,0,Post-test,NA,NA,Postintervention,Randomized controlled trial,NA,no,39,Mean,SD,6.8,7.2,33,Mean,SD,7.6,7.6,NA,NA,NA,NA,NA,NA,NA,NA,NA,NA,NA,NA,NA,NA,NA
Anderson 2007,2,Mindfulness,Control,NA,NA,NA,1,NA,Inhibition of elaborative processing,Stroop Interference Task- Include,D,Cognitive functioning,Pre-test,Post-test," 2 × 2 × 5 ANOVAs, with Group between subjects, and Session and Condition within subjects",0,0,0,Post-test,NA,NA,Baseline,Randomized controlled trial,NA,no,39,NR,NR,NR,NR,33,NR,NR,NR,NR,NA,NA,NA,NA,NA,NA,NA,NA,NA,NA,NA,NA,NA,NA,NA
Anderson 2007,2,Mindfulness,Control,NA,NA,NA,1,NA,Inhibition of elaborative processing,Stroop Interference Task- Include,D,Cognitive functioning,Pre-test,Post-test," 2 × 2 × 5 ANOVAs, with Group between subjects, and Session and Condition within subjects",0,0,0,Post-test,NA,NA,Postintervention,Randomized controlled trial,NA,no,39,NR ns,NR ns,NR,NR,33,NR ns,NR ns,NR,NR,NA,NA,NA,NA,NA,NA,NA,NA,NA,NA,NA,NA,NA,NA,NA
Anderson 2007,2,Mindfulness,Control,NA,NA,NA,1,NA,Depression,BDI,D,Depression,Pre-test,Post-test,0,0,0,0,Post-test,NA,NA,Baseline,Randomized controlled trial,NA,no,39,Mean,SD,13.1,10.1,33,Mean,SD,8.1,7.3,NA,NA,NA,NA,NA,NA,NA,NA,NA,NA,NA,NA,NA,NA,NA
Anderson 2007,2,Mindfulness,Control,NA,NA,NA,1,NA,Depression,BDI,D,Depression,Pre-test,Post-test,0,0,0,0,Post-test,NA,NA,Postintervention,Randomized controlled trial,NA,no,39,Mean,SD,6,8.9,33,Mean,SD,7.6,7.7,NA,NA,NA,NA,NA,NA,NA,NA,NA,NA,NA,NA,NA,NA,NA
Arredondo 2017,2,Mindfulness,Control,NA,NA,NA,1,NA,Stress,PSS-14,D,Distress,Baseline,postintervention,3 month follow up,change values from 2 timepoints to baseline,0,0,postintervention,3 month follow up,NA,1-6months,Randomized controlled trial,NA,no,17,Cohen's d,NR,-1.5104,NR,16,Cohen's d,NR,-1.5104,NR,NA,NA,NA,NA,NA,NA,NA,NA,NA,NA,NA,NA,NA,NA,NA
Arredondo 2017,2,Mindfulness,Control,NA,NA,NA,1,NA,Stress,PSS-14,D,Distress,Baseline,postintervention,3 month follow up,change values from 2 timepoints to baseline,0,0,postintervention,3 month follow up,NA,Baseline,Randomized controlled trial,NA,no,21,NR,NR,NR,NR,19,NR,NR,NR,NR,NA,NA,NA,NA,NA,NA,NA,NA,NA,NA,NA,NA,NA,NA,NA
Arredondo 2017,2,Mindfulness,Control,NA,NA,NA,1,NA,Stress,PSS-14,D,Distress,Baseline,postintervention,3 month follow up,change values from 2 timepoints to baseline,0,0,postintervention,3 month follow up,NA,Change_16m,Randomized controlled trial,NA,no,17,NR,NR,NR,NR,16,NR,NR,NR,NR,NA,NA,NA,NA,NA,NA,NA,NA,NA,NA,NA,NA,NA,NA,NA
Arredondo 2017,2,Mindfulness,Control,NA,NA,NA,1,NA,Stress,PSS-14,D,Distress,Baseline,postintervention,3 month follow up,change values from 2 timepoints to baseline,0,0,postintervention,3 month follow up,NA,Change_pi,Randomized controlled trial,NA,no,19,NR,NR,NR,NR,17,NR,NR,NR,NR,NA,NA,NA,NA,NA,NA,NA,NA,NA,NA,NA,NA,NA,NA,NA
Arredondo 2017,2,Mindfulness,Control,NA,NA,NA,1,NA,Stress,PSS-14,D,Distress,Baseline,postintervention,3 month follow up,change values from 2 timepoints to baseline,0,0,postintervention,3 month follow up,NA,Postintervention,Randomized controlled trial,NA,no,19,Cohen's d,NR,-1.0843,NR,17,Cohen's d,NR,-1.0843,NR,NA,NA,NA,NA,NA,NA,NA,NA,NA,NA,NA,NA,NA,NA,NA
Arredondo 2017,2,Mindfulness,Control,NA,NA,NA,1,NA,Mindfulness,FFMQ,U,Mindfulness,Baseline,postintervention,3 month follow up,change values from 2 timepoints to baseline,0,0,postintervention,3 month follow up,NA,1-6months,Randomized controlled trial,NA,no,17,NR,NR,NR,NR,16,NR,NR,NR,NR,NA,NA,NA,NA,NA,NA,NA,NA,NA,NA,NA,NA,NA,NA,NA
Arredondo 2017,2,Mindfulness,Control,NA,NA,NA,1,NA,Mindfulness,FFMQ,U,Mindfulness,Baseline,postintervention,3 month follow up,change values from 2 timepoints to baseline,0,0,postintervention,3 month follow up,NA,Baseline,Randomized controlled trial,NA,no,21,NR,NR,NR,NR,19,NR,NR,NR,NR,NA,NA,NA,NA,NA,NA,NA,NA,NA,NA,NA,NA,NA,NA,NA
Arredondo 2017,2,Mindfulness,Control,NA,NA,NA,1,NA,Mindfulness,FFMQ,U,Mindfulness,Baseline,postintervention,3 month follow up,change values from 2 timepoints to baseline,0,0,postintervention,3 month follow up,NA,Change_16m,Randomized controlled trial,NA,no,17,NR,NR,NR,NR,16,NR,NR,NR,NR,NA,NA,NA,NA,NA,NA,NA,NA,NA,NA,NA,NA,NA,NA,NA
Arredondo 2017,2,Mindfulness,Control,NA,NA,NA,1,NA,Mindfulness,FFMQ,U,Mindfulness,Baseline,postintervention,3 month follow up,change values from 2 timepoints to baseline,0,0,postintervention,3 month follow up,NA,Change_pi,Randomized controlled trial,NA,no,19,NR,NR,NR,NR,17,NR,NR,NR,NR,NA,NA,NA,NA,NA,NA,NA,NA,NA,NA,NA,NA,NA,NA,NA
Arredondo 2017,2,Mindfulness,Control,NA,NA,NA,1,NA,Mindfulness,FFMQ,U,Mindfulness,Baseline,postintervention,3 month follow up,change values from 2 timepoints to baseline,0,0,postintervention,3 month follow up,NA,Postintervention,Randomized controlled trial,NA,no,19,NR,NR,NR,NR,17,NR,NR,NR,NR,NA,NA,NA,NA,NA,NA,NA,NA,NA,NA,NA,NA,NA,NA,NA
Arredondo 2017,2,Mindfulness,Control,NA,NA,NA,1,NA,Burnout,MBI-GS Emotional Exhaustion Subscale,D,Real life functioning,Baseline,postintervention,3 month follow up,change values from 2 timepoints to baseline,0,0,postintervention,3 month follow up,NA,1-6months,Randomized controlled trial,NA,no,17,Cohen's d,NR,-0.4666,NR,16,Cohen's d,NR,-0.4666,NR,NA,NA,NA,NA,NA,NA,NA,NA,NA,NA,NA,NA,NA,NA,NA
Arredondo 2017,2,Mindfulness,Control,NA,NA,NA,1,NA,Burnout,MBI-GS Emotional Exhaustion Subscale,D,Real life functioning,Baseline,postintervention,3 month follow up,change values from 2 timepoints to baseline,0,0,postintervention,3 month follow up,NA,Baseline,Randomized controlled trial,NA,no,21,NR,NR,NR,NR,19,NR,NR,NR,NR,NA,NA,NA,NA,NA,NA,NA,NA,NA,NA,NA,NA,NA,NA,NA
Arredondo 2017,2,Mindfulness,Control,NA,NA,NA,1,NA,Burnout,MBI-GS Emotional Exhaustion Subscale,D,Real life functioning,Baseline,postintervention,3 month follow up,change values from 2 timepoints to baseline,0,0,postintervention,3 month follow up,NA,Change_16m,Randomized controlled trial,NA,no,17,NR,NR,NR,NR,16,NR,NR,NR,NR,NA,NA,NA,NA,NA,NA,NA,NA,NA,NA,NA,NA,NA,NA,NA
Arredondo 2017,2,Mindfulness,Control,NA,NA,NA,1,NA,Burnout,MBI-GS Emotional Exhaustion Subscale,D,Real life functioning,Baseline,postintervention,3 month follow up,change values from 2 timepoints to baseline,0,0,postintervention,3 month follow up,NA,Change_pi,Randomized controlled trial,NA,no,19,NR,NR,NR,NR,17,NR,NR,NR,NR,NA,NA,NA,NA,NA,NA,NA,NA,NA,NA,NA,NA,NA,NA,NA
Arredondo 2017,2,Mindfulness,Control,NA,NA,NA,1,NA,Burnout,MBI-GS Emotional Exhaustion Subscale,D,Real life functioning,Baseline,postintervention,3 month follow up,change values from 2 timepoints to baseline,0,0,postintervention,3 month follow up,NA,Postintervention,Randomized controlled trial,NA,no,19,Cohen's d,NR,-0.5127,NR,17,Cohen's d,NR,-0.5127,NR,NA,NA,NA,NA,NA,NA,NA,NA,NA,NA,NA,NA,NA,NA,NA
Arredondo 2017,2,Mindfulness,Control,NA,NA,NA,1,NA,Self-compassion,SCS,U,Relationship with self,Baseline,postintervention,3 month follow up,change values from 2 timepoints to baseline,0,0,postintervention,3 month follow up,NA,1-6months,Randomized controlled trial,NA,no,17,Cohen's d,NR,1.1881,NR,16,Cohen's d,NR,1.1881,NR,NA,NA,NA,NA,NA,NA,NA,NA,NA,NA,NA,NA,NA,NA,NA
Arredondo 2017,2,Mindfulness,Control,NA,NA,NA,1,NA,Self-compassion,SCS,U,Relationship with self,Baseline,postintervention,3 month follow up,change values from 2 timepoints to baseline,0,0,postintervention,3 month follow up,NA,Baseline,Randomized controlled trial,NA,no,21,NR,NR,NR,NR,19,NR,NR,NR,NR,NA,NA,NA,NA,NA,NA,NA,NA,NA,NA,NA,NA,NA,NA,NA
Arredondo 2017,2,Mindfulness,Control,NA,NA,NA,1,NA,Self-compassion,SCS,U,Relationship with self,Baseline,postintervention,3 month follow up,change values from 2 timepoints to baseline,0,0,postintervention,3 month follow up,NA,Change_16m,Randomized controlled trial,NA,no,17,NR,NR,NR,NR,16,NR,NR,NR,NR,NA,NA,NA,NA,NA,NA,NA,NA,NA,NA,NA,NA,NA,NA,NA
Arredondo 2017,2,Mindfulness,Control,NA,NA,NA,1,NA,Self-compassion,SCS,U,Relationship with self,Baseline,postintervention,3 month follow up,change values from 2 timepoints to baseline,0,0,postintervention,3 month follow up,NA,Change_pi,Randomized controlled trial,NA,no,19,NR,NR,NR,NR,17,NR,NR,NR,NR,NA,NA,NA,NA,NA,NA,NA,NA,NA,NA,NA,NA,NA,NA,NA
Arredondo 2017,2,Mindfulness,Control,NA,NA,NA,1,NA,Self-compassion,SCS,U,Relationship with self,Baseline,postintervention,3 month follow up,change values from 2 timepoints to baseline,0,0,postintervention,3 month follow up,NA,Postintervention,Randomized controlled trial,NA,no,19,Cohen's d,NR,1.1979,NR,17,Cohen's d,NR,1.1979,NR,NA,NA,NA,NA,NA,NA,NA,NA,NA,NA,NA,NA,NA,NA,NA
Astin 1997,2,Mindfulness,Control,NA,NA,NA,1,NA,Psychological symptoms,SCL-90-R,D,Distress,Change from baseline to distress,0,0,0,0,0,Change from baseline to distress,NA,NA,Postintervention,Randomized controlled trial,NA,no,NR,NR,NR,NR,NR,NR,NR,NR,NR,NR,NA,NA,NA,NA,NA,NA,NA,NA,NA,NA,NA,NA,NA,NA,NA
Asuero 2014,2,Intervention group,Control group,NA,NA,NA,1,NA,Mindfulness,FFMQ,U,Mindfulness,Baseline,Post-intervention,Difference (within group),0,0,0,Post-intervention,NA,NA,Baseline,Randomized controlled trial,NA,no,43,Mean,SD,129.6,22.2,25,Mean,SD,120.5,14.4,NA,NA,NA,NA,NA,NA,NA,NA,NA,NA,NA,NA,NA,NA,NA
Asuero 2014,2,Intervention group,Control group,NA,NA,NA,1,NA,Mindfulness,FFMQ,U,Mindfulness,Baseline,Post-intervention,Difference (within group),0,0,0,Post-intervention,NA,NA,Postintervention,Randomized controlled trial,NA,no,assume 43,Mean,SD,141.6,16.5,assume 25,Mean,SD,121.6,16,NA,NA,NA,NA,NA,NA,NA,NA,NA,NA,NA,NA,NA,NA,NA
Asuero 2014,2,Intervention group,Control group,NA,NA,NA,1,NA,Burnout,MBI-GS,D,Real life functioning,Baseline,Post-intervention,Change values from baseline to post-intervention,0,0,0,Post-intervention,NA,NA,Baseline,Randomized controlled trial,NA,no,43,Mean,SD,25.1,11.6,25,Mean,SD,26,12.5,NA,NA,NA,NA,NA,NA,NA,NA,NA,NA,NA,NA,NA,NA,NA
Asuero 2014,2,Intervention group,Control group,NA,NA,NA,1,NA,Burnout,MBI-GS,D,Real life functioning,Baseline,Post-intervention,Change values from baseline to post-intervention,0,0,0,Post-intervention,NA,NA,Change_pi,Randomized controlled trial,NA,no,assume 43,mean,95% CI,-5.5,-8.7 to -2.4,assume 25,mean,95% CI,0.7,-1.7 to 3.2,NA,NA,NA,NA,NA,NA,NA,NA,NA,NA,NA,NA,NA,NA,NA
Asuero 2014,2,Intervention group,Control group,NA,NA,NA,1,NA,Burnout,MBI-GS,D,Real life functioning,Baseline,Post-intervention,Change values from baseline to post-intervention,0,0,0,Post-intervention,NA,NA,Postintervention,Randomized controlled trial,NA,no,assume 43,Mean,SD,19.5,11,assume 25,Mean,SD,26.7,13.6,NA,NA,NA,NA,NA,NA,NA,NA,NA,NA,NA,NA,NA,NA,NA
Auseron 2018,2,Mindfulness,Control,NA,NA,NA,1,NA,Perceived Stress,Perceived Stress Questionnaire PSQ,D,Distress,Baseline,Post Intervention,change values,0,0,0,Post Intervention,NA,NA,Baseline,Randomized controlled trial,NA,no,23,Mean,SD,0.5,0.15,22,Mean,SD,0.49,0.16,NA,NA,NA,NA,NA,NA,NA,NA,NA,NA,NA,NA,NA,NA,NA
Auseron 2018,2,Mindfulness,Control,NA,NA,NA,1,NA,Perceived Stress,Perceived Stress Questionnaire PSQ,D,Distress,Baseline,Post Intervention,change values,0,0,0,Post Intervention,NA,NA,Change_pi,Randomized controlled trial,NA,no,23,mean,SD,-0.16,0.11,22,mean,SD,0.03,0.11,NA,NA,NA,NA,NA,NA,NA,NA,NA,NA,NA,NA,NA,NA,NA
Auseron 2018,2,Mindfulness,Control,NA,NA,NA,1,NA,Perceived Stress,Perceived Stress Questionnaire PSQ,D,Distress,Baseline,Post Intervention,change values,0,0,0,Post Intervention,NA,NA,Postintervention,Randomized controlled trial,NA,no,23,Mean,SD,0.33,0.14,22,Mean,SD,0.52,0.19,NA,NA,NA,NA,NA,NA,NA,NA,NA,NA,NA,NA,NA,NA,NA
Auseron 2018,2,Mindfulness,Control,NA,NA,NA,1,NA,Mindfulness,FFMQ,U,Mindfulness,Baseline,Post Intervention,change values,0,0,0,Post Intervention,NA,NA,Baseline,Randomized controlled trial,NA,no,23,Mean,SD,120.5,19.5,22,Mean,SD,115.1,23.5,NA,NA,NA,NA,NA,NA,NA,NA,NA,NA,NA,NA,NA,NA,NA
Auseron 2018,2,Mindfulness,Control,NA,NA,NA,1,NA,Mindfulness,FFMQ,U,Mindfulness,Baseline,Post Intervention,change values,0,0,0,Post Intervention,NA,NA,Change_pi,Randomized controlled trial,NA,no,23,mean,SD,19.6,11.2,22,mean,SD,1.1979,14.1,NA,NA,NA,NA,NA,NA,NA,NA,NA,NA,NA,NA,NA,NA,NA
Auseron 2018,2,Mindfulness,Control,NA,NA,NA,1,NA,Mindfulness,FFMQ,U,Mindfulness,Baseline,Post Intervention,change values,0,0,0,Post Intervention,NA,NA,Postintervention,Randomized controlled trial,NA,no,23,Mean,SD,140.1,14.2,22,Mean,SD,114.8,20.4,NA,NA,NA,NA,NA,NA,NA,NA,NA,NA,NA,NA,NA,NA,NA
Auseron 2018,2,Mindfulness,Control,NA,NA,NA,1,NA,Burnout,MBI subscales made ordinal w cut off points,D,Real life functioning,Baseline,Post Intervention,0,0,0,0,Post Intervention,NA,NA,Baseline,Randomized controlled trial,NA,no,23,NR,NR,NR,NR,23,NR,NR,NR,NR,NA,NA,NA,NA,NA,NA,NA,NA,NA,NA,NA,NA,NA,NA,NA
Auseron 2018,2,Mindfulness,Control,NA,NA,NA,1,NA,Burnout,MBI subscales made ordinal w cut off points,D,Real life functioning,Baseline,Post Intervention,0,0,0,0,Post Intervention,NA,NA,Postintervention,Randomized controlled trial,NA,no,22,prop lnOR,prop lnOR SE,-0.398718,0.5826417,22,prop lnOR,prop lnOR SE,-0.398718,0.5826417,NA,NA,NA,NA,NA,NA,NA,NA,NA,NA,NA,NA,NA,NA,NA
Auseron 2018,2,Mindfulness,Control,NA,NA,NA,1,NA,Self-compassion,SCS-12 subscales,U,Relationship with self,Baseline,Post Intervention,change values,0,0,0,Post Intervention,NA,NA,Baseline,Randomized controlled trial,NA,no,23,NR,NR,NR,NR,22,NR,NR,NR,NR,NA,NA,NA,NA,NA,NA,NA,NA,NA,NA,NA,NA,NA,NA,NA
Auseron 2018,2,Mindfulness,Control,NA,NA,NA,1,NA,Self-compassion,SCS-12 subscales,U,Relationship with self,Baseline,Post Intervention,change values,0,0,0,Post Intervention,NA,NA,Change_pi,Randomized controlled trial,NA,no,23,NR,NR,NR,NR,22,NR,NR,NR,NR,NA,NA,NA,NA,NA,NA,NA,NA,NA,NA,NA,NA,NA,NA,NA
Auseron 2018,2,Mindfulness,Control,NA,NA,NA,1,NA,Self-compassion,SCS-12 subscales,U,Relationship with self,Baseline,Post Intervention,change values,0,0,0,Post Intervention,NA,NA,Postintervention,Randomized controlled trial,NA,no,23,NR,NR,NR,NR,22,NR,NR,NR,NR,NA,NA,NA,NA,NA,NA,NA,NA,NA,NA,NA,NA,NA,NA,NA
Behbahani 2018,2,Mindfulness,Control,NA,NA,NA,1,NA,Stress,The Parenting Stress Index–Short Form parental distress subscale,D,Distress,Baseline,Post intervention,2-month FU,0,0,0,Post intervention,2-month FU,NA,1-6months,Randomized controlled trial,NA,no,26,Mean,SD,37.07,7.13,30,Mean,SD,43.16,8.1,NA,NA,NA,NA,NA,NA,NA,NA,NA,NA,NA,NA,NA,NA,NA
Behbahani 2018,2,Mindfulness,Control,NA,NA,NA,1,NA,Stress,The Parenting Stress Index–Short Form parental distress subscale,D,Distress,Baseline,Post intervention,2-month FU,0,0,0,Post intervention,2-month FU,NA,Baseline,Randomized controlled trial,NA,no,30,Mean,SD,47.76,4.71,30,Mean,SD,49.1,5.06,NA,NA,NA,NA,NA,NA,NA,NA,NA,NA,NA,NA,NA,NA,NA
Behbahani 2018,2,Mindfulness,Control,NA,NA,NA,1,NA,Stress,The Parenting Stress Index–Short Form parental distress subscale,D,Distress,Baseline,Post intervention,2-month FU,0,0,0,Post intervention,2-month FU,NA,Postintervention,Randomized controlled trial,NA,no,26,Mean,SD,37.42,6.11,30,Mean,SD,42.26,8.61,NA,NA,NA,NA,NA,NA,NA,NA,NA,NA,NA,NA,NA,NA,NA
Benn 2012,2,Mindfulness,Control,NA,NA,NA,1,NA,Depression,CES-D,D,Depression,Baseline,Post Intervention,2 month post int FU,0,0,0,Post Intervention,2 month post int FU,NA,1-6months,Randomized controlled trial,NA,no,24,Mean,SD,30.82,9.1,19,Mean,SD,35.51,9.83,NA,NA,NA,NA,NA,NA,NA,NA,NA,NA,NA,NA,NA,NA,NA
Benn 2012,2,Mindfulness,Control,NA,NA,NA,1,NA,Depression,CES-D,D,Depression,Baseline,Post Intervention,2 month post int FU,0,0,0,Post Intervention,2 month post int FU,NA,Baseline,Randomized controlled trial,NA,no,31,Mean,SD,33.18,8.48,29,Mean,SD,36.22,9.2,NA,NA,NA,NA,NA,NA,NA,NA,NA,NA,NA,NA,NA,NA,NA
Benn 2012,2,Mindfulness,Control,NA,NA,NA,1,NA,Depression,CES-D,D,Depression,Baseline,Post Intervention,2 month post int FU,0,0,0,Post Intervention,2 month post int FU,NA,Postintervention,Randomized controlled trial,NA,no,30,Mean,SD,30.03,8.03,29,Mean,SD,36.69,10.46,NA,NA,NA,NA,NA,NA,NA,NA,NA,NA,NA,NA,NA,NA,NA
Benn 2012,2,Mindfulness,Control,NA,NA,NA,1,NA,Stress,PSS-14,D,Distress,Baseline,Post-intervention,2 month follow-up,0,0,0,Post-intervention,2 month follow-up,NA,1-6months,Randomized controlled trial,NA,no,24,Mean,SD,2.04,0.45,19,Mean,SD,2.42,0.56,NA,NA,NA,NA,NA,NA,NA,NA,NA,NA,NA,NA,NA,NA,NA
Benn 2012,2,Mindfulness,Control,NA,NA,NA,1,NA,Stress,PSS-14,D,Distress,Baseline,Post-intervention,2 month follow-up,0,0,0,Post-intervention,2 month follow-up,NA,Baseline,Randomized controlled trial,NA,no,31,Mean,SD,2.37,0.55,29,Mean,SD,2.46,0.59,NA,NA,NA,NA,NA,NA,NA,NA,NA,NA,NA,NA,NA,NA,NA
Benn 2012,2,Mindfulness,Control,NA,NA,NA,1,NA,Stress,PSS-14,D,Distress,Baseline,Post-intervention,2 month follow-up,0,0,0,Post-intervention,2 month follow-up,NA,Postintervention,Randomized controlled trial,NA,no,30,Mean,SD,1.97,0.58,29,Mean,SD,2.25,0.55,NA,NA,NA,NA,NA,NA,NA,NA,NA,NA,NA,NA,NA,NA,NA
Benn 2012,2,Mindfulness,Control,NA,NA,NA,1,NA,Positive affect,PANAS-P in last week,U,Mental wellbeing,Baseline,Post Intervention,2 month post int FU,0,0,0,Post Intervention,2 month post int FU,NA,1-6months,Randomized controlled trial,NA,no,24,Mean,SD,3.56,0.78,19,Mean,SD,3.26,0.8,NA,NA,NA,NA,NA,NA,NA,NA,NA,NA,NA,NA,NA,NA,NA
Benn 2012,2,Mindfulness,Control,NA,NA,NA,1,NA,Positive affect,PANAS-P in last week,U,Mental wellbeing,Baseline,Post Intervention,2 month post int FU,0,0,0,Post Intervention,2 month post int FU,NA,Baseline,Randomized controlled trial,NA,no,31,Mean,SD,3.29,0.73,29,Mean,SD,3.2,0.7,NA,NA,NA,NA,NA,NA,NA,NA,NA,NA,NA,NA,NA,NA,NA
Benn 2012,2,Mindfulness,Control,NA,NA,NA,1,NA,Positive affect,PANAS-P in last week,U,Mental wellbeing,Baseline,Post Intervention,2 month post int FU,0,0,0,Post Intervention,2 month post int FU,NA,Postintervention,Randomized controlled trial,NA,no,30,Mean,SD,3.35,0.77,29,Mean,SD,3.18,0.75,NA,NA,NA,NA,NA,NA,NA,NA,NA,NA,NA,NA,NA,NA,NA
Benn 2012,2,Mindfulness,Control,NA,NA,NA,1,NA,Mindfulness,FFMQ,U,Mindfulness,Baseline,Post-intervention,2 month follow-up,0,0,0,Post-intervention,2 month follow-up,NA,1-6months,Randomized controlled trial,NA,no,24,Mean,SD,3.7,0.06,19,Mean,SD,3.43,0.07,NA,NA,NA,NA,NA,NA,NA,NA,NA,NA,NA,NA,NA,NA,NA
Benn 2012,2,Mindfulness,Control,NA,NA,NA,1,NA,Mindfulness,FFMQ,U,Mindfulness,Baseline,Post-intervention,2 month follow-up,0,0,0,Post-intervention,2 month follow-up,NA,Baseline,Randomized controlled trial,NA,no,31,Mean,SD,3.43,0.1,29,Mean,SD,3.3,0.1,NA,NA,NA,NA,NA,NA,NA,NA,NA,NA,NA,NA,NA,NA,NA
Benn 2012,2,Mindfulness,Control,NA,NA,NA,1,NA,Mindfulness,FFMQ,U,Mindfulness,Baseline,Post-intervention,2 month follow-up,0,0,0,Post-intervention,2 month follow-up,NA,Postintervention,Randomized controlled trial,NA,no,30,Mean,SD,3.61,0.08,29,Mean,SD,3.33,0.07,NA,NA,NA,NA,NA,NA,NA,NA,NA,NA,NA,NA,NA,NA,NA
Benn 2012,2,Mindfulness,Control,NA,NA,NA,1,NA,Self-compassion,SCS 26,U,Relationship with self,Baseline,Post Intervention,2 month post int FU,0,0,0,Post Intervention,2 month post int FU,NA,1-6months,Randomized controlled trial,NA,no,24,Mean,SD,3.32,0.43,19,Mean,SD,3.1,0.49,NA,NA,NA,NA,NA,NA,NA,NA,NA,NA,NA,NA,NA,NA,NA
Benn 2012,2,Mindfulness,Control,NA,NA,NA,1,NA,Self-compassion,SCS 26,U,Relationship with self,Baseline,Post Intervention,2 month post int FU,0,0,0,Post Intervention,2 month post int FU,NA,Baseline,Randomized controlled trial,NA,no,31,Mean,SD,2.96,0.46,29,Mean,SD,3.02,0.4,NA,NA,NA,NA,NA,NA,NA,NA,NA,NA,NA,NA,NA,NA,NA
Benn 2012,2,Mindfulness,Control,NA,NA,NA,1,NA,Self-compassion,SCS 26,U,Relationship with self,Baseline,Post Intervention,2 month post int FU,0,0,0,Post Intervention,2 month post int FU,NA,Postintervention,Randomized controlled trial,NA,no,30,Mean,SD,3.17,0.44,29,Mean,SD,3.07,0.45,NA,NA,NA,NA,NA,NA,NA,NA,NA,NA,NA,NA,NA,NA,NA
Berghmans 2010,2,Mindfulness,Control,NA,NA,NA,1,NA,Anxiety,HADS A French version,D,Anxiety,Baseline,Post Intervention,0,0,0,0,Post Intervention,NA,NA,Baseline,Randomized controlled trial,NA,no,10,Mean,SD,2.41,0.57,9,Mean,SD,1.97,0.28,NA,NA,NA,NA,NA,NA,NA,NA,NA,NA,NA,NA,NA,NA,NA
Berghmans 2010,2,Mindfulness,Control,NA,NA,NA,1,NA,Anxiety,HADS A French version,D,Anxiety,Baseline,Post Intervention,0,0,0,0,Post Intervention,NA,NA,Postintervention,Randomized controlled trial,NA,no,10,Mean,SD,2,0.48,9,Mean,SD,2.05,0.36,NA,NA,NA,NA,NA,NA,NA,NA,NA,NA,NA,NA,NA,NA,NA
Berghmans 2010,2,Mindfulness,Control,NA,NA,NA,1,NA,Depression,HADS D French version,D,Depression,Baseline,Post Intervention,0,0,0,0,Post Intervention,NA,NA,Baseline,Randomized controlled trial,NA,no,10,Mean,SD,1.84,0.47,9,Mean,SD,1.7,0.19,NA,NA,NA,NA,NA,NA,NA,NA,NA,NA,NA,NA,NA,NA,NA
Berghmans 2010,2,Mindfulness,Control,NA,NA,NA,1,NA,Depression,HADS D French version,D,Depression,Baseline,Post Intervention,0,0,0,0,Post Intervention,NA,NA,Postintervention,Randomized controlled trial,NA,no,10,Mean,SD,1.43,0.42,9,Mean,SD,1.39,0.28,NA,NA,NA,NA,NA,NA,NA,NA,NA,NA,NA,NA,NA,NA,NA
Carmody 2011,2,Mindfulness,Control,NA,NA,NA,1,NA,Anxiety,HADS A (protocol says HADS),D,Anxiety,Baseline to 9 wk change,9 to 20 wk change,0,0,0,0,Baseline to 9 wk change,9 to 20 wk change,NA,1-6months,Randomized controlled trial,NA,no,57,Mean,SD,7.2,3.5,53,Mean,SD,7.7,4.2,NA,NA,NA,NA,NA,NA,NA,NA,NA,NA,NA,NA,NA,NA,NA
Carmody 2011,2,Mindfulness,Control,NA,NA,NA,1,NA,Anxiety,HADS A (protocol says HADS),D,Anxiety,Baseline to 9 wk change,9 to 20 wk change,0,0,0,0,Baseline to 9 wk change,9 to 20 wk change,NA,Baseline,Randomized controlled trial,NA,no,57,Mean,SD,9.6,4.3,48,Mean,SD,7.4,3.3,NA,NA,NA,NA,NA,NA,NA,NA,NA,NA,NA,NA,NA,NA,NA
Carmody 2011,2,Mindfulness,Control,NA,NA,NA,1,NA,Anxiety,HADS A (protocol says HADS),D,Anxiety,Baseline to 9 wk change,9 to 20 wk change,0,0,0,0,Baseline to 9 wk change,9 to 20 wk change,NA,Change_pi,Randomized controlled trial,NA,no,57,Mean,SE,-3.05,0.53,48,Mean,SE,-0.8,0.54,NA,NA,NA,NA,NA,NA,NA,NA,NA,NA,NA,NA,NA,NA,NA
Carmody 2011,2,Mindfulness,Control,NA,NA,NA,1,NA,Anxiety,HADS A (protocol says HADS),D,Anxiety,Baseline to 9 wk change,9 to 20 wk change,0,0,0,0,Baseline to 9 wk change,9 to 20 wk change,NA,Postintervention,Randomized controlled trial,NA,no,57,Mean,SD,6.5,2.8,53,Mean,SD,7.2,4.1,NA,NA,NA,NA,NA,NA,NA,NA,NA,NA,NA,NA,NA,NA,NA
Carmody 2011,2,Mindfulness,Control,NA,NA,NA,1,NA,Depression,HADS D,D,Depression,Baseline to 9 wk change,9 to 20 wk change,0,0,0,0,Baseline to 9 wk change,9 to 20 wk change,NA,1-6months,Randomized controlled trial,NA,no,57,Mean,SD,3.4,2.2,53,Mean,SD,4.3,3.7,NA,NA,NA,NA,NA,NA,NA,NA,NA,NA,NA,NA,NA,NA,NA
Carmody 2011,2,Mindfulness,Control,NA,NA,NA,1,NA,Depression,HADS D,D,Depression,Baseline to 9 wk change,9 to 20 wk change,0,0,0,0,Baseline to 9 wk change,9 to 20 wk change,NA,Postintervention,Randomized controlled trial,NA,no,57,Mean,SD,2.9,1.9,53,Mean,SD,4.4,3.2,NA,NA,NA,NA,NA,NA,NA,NA,NA,NA,NA,NA,NA,NA,NA
Carmody 2011,2,Mindfulness,Control,NA,NA,NA,1,NA,Perceived Stress,PSS-14,D,Distress,Baseline to 9 wk change,9 to 20 wk change,0,0,0,0,Baseline to 9 wk change,9 to 20 wk change,NA,1-6months,Randomized controlled trial,NA,no,57,Mean,SD,20.4,6.2,53,Mean,SD,23.4,7.5,NA,NA,NA,NA,NA,NA,NA,NA,NA,NA,NA,NA,NA,NA,NA
Carmody 2011,2,Mindfulness,Control,NA,NA,NA,1,NA,Perceived Stress,PSS-14,D,Distress,Baseline to 9 wk change,9 to 20 wk change,0,0,0,0,Baseline to 9 wk change,9 to 20 wk change,NA,Baseline,Randomized controlled trial,NA,no,57,Mean,SD,24.5,7.7,48,Mean,SD,23.2,8.6,NA,NA,NA,NA,NA,NA,NA,NA,NA,NA,NA,NA,NA,NA,NA
Carmody 2011,2,Mindfulness,Control,NA,NA,NA,1,NA,Perceived Stress,PSS-14,D,Distress,Baseline to 9 wk change,9 to 20 wk change,0,0,0,0,Baseline to 9 wk change,9 to 20 wk change,NA,Change_pi,Randomized controlled trial,NA,no,57,Mean,SE,-4.04,0.8,48,Mean,SE,-0.22,0.78,NA,NA,NA,NA,NA,NA,NA,NA,NA,NA,NA,NA,NA,NA,NA
Carmody 2011,2,Mindfulness,Control,NA,NA,NA,1,NA,Perceived Stress,PSS-14,D,Distress,Baseline to 9 wk change,9 to 20 wk change,0,0,0,0,Baseline to 9 wk change,9 to 20 wk change,NA,Postintervention,Randomized controlled trial,NA,no,57,Mean,SD,20.1,6.3,53,Mean,SD,23.3,8,NA,NA,NA,NA,NA,NA,NA,NA,NA,NA,NA,NA,NA,NA,NA
Carmody 2011,2,Mindfulness,Control,NA,NA,NA,1,NA,Mindfulness,reported in protocol not in paper,?(mentioned in protocol only),Mindfulness,Baseline,Postintervention,3 month post int follow up,0,0,0,Postintervention,3 month post int follow up,NA,1-6months,Randomized controlled trial,NA,no,57,NR,NR,NR,NR,53,NR,NR,NR,NR,NA,NA,NA,NA,NA,NA,NA,NA,NA,NA,NA,NA,NA,NA,NA
Carmody 2011,2,Mindfulness,Control,NA,NA,NA,1,NA,Mindfulness,reported in protocol not in paper,?(mentioned in protocol only),Mindfulness,Baseline,Postintervention,3 month post int follow up,0,0,0,Postintervention,3 month post int follow up,NA,Baseline,Randomized controlled trial,NA,no,57,NR,NR,NR,NR,53,NR,NR,NR,NR,NA,NA,NA,NA,NA,NA,NA,NA,NA,NA,NA,NA,NA,NA,NA
Carmody 2011,2,Mindfulness,Control,NA,NA,NA,1,NA,Mindfulness,reported in protocol not in paper,?(mentioned in protocol only),Mindfulness,Baseline,Postintervention,3 month post int follow up,0,0,0,Postintervention,3 month post int follow up,NA,Postintervention,Randomized controlled trial,NA,no,57,NR,NR,NR,NR,53,NR,NR,NR,NR,NA,NA,NA,NA,NA,NA,NA,NA,NA,NA,NA,NA,NA,NA,NA
Carmody 2011,2,Mindfulness,Control,NA,NA,NA,1,NA,bother from hot flashes and night sweats in the previous 24 hours,Included,D,Psychosomatic outcomes,Baseline to 9 wk change,9 to 20 wk change,overall timexarm,0,0,0,Baseline to 9 wk change,9 to 20 wk change,NA,1-6months,Randomized controlled trial,NA,no,38,Mean,SD,2.5,0.9,42,Mean,SD,2.7,0.8,NA,NA,NA,NA,NA,NA,NA,NA,NA,NA,NA,NA,NA,NA,NA
Carmody 2011,2,Mindfulness,Control,NA,NA,NA,1,NA,bother from hot flashes and night sweats in the previous 24 hours,Included,D,Psychosomatic outcomes,Baseline to 9 wk change,9 to 20 wk change,overall timexarm,0,0,0,Baseline to 9 wk change,9 to 20 wk change,NA,Baseline,Randomized controlled trial,NA,no,57,Mean,SD,3.29,0.55,48,Mean,SD,3.07,0.54,NA,NA,NA,NA,NA,NA,NA,NA,NA,NA,NA,NA,NA,NA,NA
Carmody 2011,2,Mindfulness,Control,NA,NA,NA,1,NA,bother from hot flashes and night sweats in the previous 24 hours,Included,D,Psychosomatic outcomes,Baseline to 9 wk change,9 to 20 wk change,overall timexarm,0,0,0,Baseline to 9 wk change,9 to 20 wk change,NA,Change_pi,Randomized controlled trial,NA,no,39,Cohen's d,NR,-0.102642857,NR,43,Cohen's d,NR,-0.102642857,NR,NA,NA,NA,NA,NA,NA,NA,NA,NA,NA,NA,NA,NA,NA,NA
Carmody 2011,2,Mindfulness,Control,NA,NA,NA,1,NA,bother from hot flashes and night sweats in the previous 24 hours,Included,D,Psychosomatic outcomes,Baseline to 9 wk change,9 to 20 wk change,overall timexarm,0,0,0,Baseline to 9 wk change,9 to 20 wk change,NA,Postintervention,Randomized controlled trial,NA,no,39,Mean,SD,2.7,0.8,43,Mean,SD,2.8,0.7,NA,NA,NA,NA,NA,NA,NA,NA,NA,NA,NA,NA,NA,NA,NA
Carson 2004,2,Mindfulness,Control,NA,NA,NA,1,NA,Psychological Distress,Brief Symptom Inventory (BSI),D,Distress,Baseline,Post Intervention,3 month follow up,0,0,0,Post Intervention,3 month follow up,NA,1-6months,Cluster randomized controlled trial,NR,no,22 22,mean for males and females separately,SD for males and females separately,0.15 0.19,0.08 0.10,22 22,mean for males and females separately,SD for males and females separately,0.29 0.31,0.18 0.25,NA,NA,NA,NA,NA,NA,NA,NA,NA,NA,NA,NA,NA,NA,NA
Carson 2004,2,Mindfulness,Control,NA,NA,NA,1,NA,Psychological Distress,Brief Symptom Inventory (BSI),D,Distress,Baseline,Post Intervention,3 month follow up,0,0,0,Post Intervention,3 month follow up,NA,Baseline,Cluster randomized controlled trial,NR,no,22 22,mean for males and females separately,SD for males and females separately,0.20 0.27,0.13 0.19,22 22,mean for males and females separately,SD for males and females separately,0.23 0.27,0.15 0.16,NA,NA,NA,NA,NA,NA,NA,NA,NA,NA,NA,NA,NA,NA,NA
Carson 2004,2,Mindfulness,Control,NA,NA,NA,1,NA,Psychological Distress,Brief Symptom Inventory (BSI),D,Distress,Baseline,Post Intervention,3 month follow up,0,0,0,Post Intervention,3 month follow up,NA,Postintervention,Cluster randomized controlled trial,NR,no,22 22,mean for males and females separately,SD for males and females separately,0.14 0.18,0.10 0.11,22 22,mean for males and females separately,SD for males and females separately,0.25 0.32,0.16 0.17,NA,NA,NA,NA,NA,NA,NA,NA,NA,NA,NA,NA,NA,NA,NA
Cerna 2019,2,Mindfulness,Control,NA,NA,NA,1,NA,Depression,Beck Depression Inventory,D,Depression,Baseline,Post intervention,0,0,0,0,Post intervention,NA,NA,Baseline,Randomized controlled trial,NA,no,51,Mean,SD,7.14,5.76,52,Mean,SD,8.87,6.24,NA,NA,NA,NA,NA,NA,NA,NA,NA,NA,NA,NA,NA,NA,NA
Cerna 2019,2,Mindfulness,Control,NA,NA,NA,1,NA,Depression,Beck Depression Inventory,D,Depression,Baseline,Post intervention,0,0,0,0,Post intervention,NA,NA,Postintervention,Randomized controlled trial,NA,no,27,Mean,SD,3.22,3.43,19,Mean,SD,8.64,8.44,NA,NA,NA,NA,NA,NA,NA,NA,NA,NA,NA,NA,NA,NA,NA
Cerna 2019,2,Mindfulness,Control,NA,NA,NA,1,NA,Psychological wellbeing,Mental Health Questionnaire MHC–14,U,Mental wellbeing,Baseline,Post intervention,0,0,0,0,Post intervention,NA,NA,Baseline,Randomized controlled trial,NA,no,51,Mean,SD,55.84,11.63,52,Mean,SD,56.79,11.94,NA,NA,NA,NA,NA,NA,NA,NA,NA,NA,NA,NA,NA,NA,NA
Cerna 2019,2,Mindfulness,Control,NA,NA,NA,1,NA,Psychological wellbeing,Mental Health Questionnaire MHC–14,U,Mental wellbeing,Baseline,Post intervention,0,0,0,0,Post intervention,NA,NA,Postintervention,Randomized controlled trial,NA,no,27,Mean,SD,64.37,10.66,19,Mean,SD,56.18,12.51,NA,NA,NA,NA,NA,NA,NA,NA,NA,NA,NA,NA,NA,NA,NA
Christopher 2018,2,Mindfulness,Control,NA,NA,NA,1,NA,Anxiety,PROMIS,D,Anxiety,Baseline,Post-intervention,3 months post-intervention,0,0,0,Post-intervention,3 months post-intervention,NA,1-6months,Randomized controlled trial,NA,no,24,Mean,SD,50.66,8.79,25,Mean,SD,49.28,7.72,NA,NA,NA,NA,NA,NA,NA,NA,NA,NA,NA,NA,NA,NA,NA
Christopher 2018,2,Mindfulness,Control,NA,NA,NA,1,NA,Anxiety,PROMIS,D,Anxiety,Baseline,Post-intervention,3 months post-intervention,0,0,0,Post-intervention,3 months post-intervention,NA,Baseline,Randomized controlled trial,NA,no,31,Mean,SD,51.91,9.62,30,Mean,SD,52.25,5.43,NA,NA,NA,NA,NA,NA,NA,NA,NA,NA,NA,NA,NA,NA,NA
Christopher 2018,2,Mindfulness,Control,NA,NA,NA,1,NA,Anxiety,PROMIS,D,Anxiety,Baseline,Post-intervention,3 months post-intervention,0,0,0,Post-intervention,3 months post-intervention,NA,Postintervention,Randomized controlled trial,NA,no,24,Mean,SD,48.83,8.69,26,Mean,SD,48.7,8.26,NA,NA,NA,NA,NA,NA,NA,NA,NA,NA,NA,NA,NA,NA,NA
Christopher 2018,2,Mindfulness,Control,NA,NA,NA,1,NA,Decision Making,Shooter Bias Task [Time Frame: 8 weeks] control estimates black targets,U,Cognitive functioning,Baseline,Post Intervention,3 month follow-up,0,0,0,Post Intervention,3 month follow-up,NA,1-6months,Randomized controlled trial,NA,no,24,Mean,SD,0.86,0.07,25,Mean,SD,0.83,0.07,NA,NA,NA,NA,NA,NA,NA,NA,NA,NA,NA,NA,NA,NA,NA
Christopher 2018,2,Mindfulness,Control,NA,NA,NA,1,NA,Decision Making,Shooter Bias Task [Time Frame: 8 weeks] control estimates black targets,U,Cognitive functioning,Baseline,Post Intervention,3 month follow-up,0,0,0,Post Intervention,3 month follow-up,NA,Baseline,Randomized controlled trial,NA,no,31,Mean,SD,0.84,0.09,30,Mean,SD,0.82,0.05,NA,NA,NA,NA,NA,NA,NA,NA,NA,NA,NA,NA,NA,NA,NA
Christopher 2018,2,Mindfulness,Control,NA,NA,NA,1,NA,Decision Making,Shooter Bias Task [Time Frame: 8 weeks] control estimates black targets,U,Cognitive functioning,Baseline,Post Intervention,3 month follow-up,0,0,0,Post Intervention,3 month follow-up,NA,Postintervention,Randomized controlled trial,NA,no,24,Mean,SD,0.83,0.07,26,Mean,SD,0.82,0.11,NA,NA,NA,NA,NA,NA,NA,NA,NA,NA,NA,NA,NA,NA,NA
Christopher 2018,2,Mindfulness,Control,NA,NA,NA,1,NA,Depression,PROMIS,D,Depression,Baseline,Post-intervention,3 months post-intervention,0,0,0,Post-intervention,3 months post-intervention,NA,1-6months,Randomized controlled trial,NA,no,24,Mean,SD,48.15,8.5,25,Mean,SD,46.27,7.37,NA,NA,NA,NA,NA,NA,NA,NA,NA,NA,NA,NA,NA,NA,NA
Christopher 2018,2,Mindfulness,Control,NA,NA,NA,1,NA,Depression,PROMIS,D,Depression,Baseline,Post-intervention,3 months post-intervention,0,0,0,Post-intervention,3 months post-intervention,NA,Baseline,Randomized controlled trial,NA,no,31,Mean,SD,47.49,8.58,30,Mean,SD,48.36,6.9,NA,NA,NA,NA,NA,NA,NA,NA,NA,NA,NA,NA,NA,NA,NA
Christopher 2018,2,Mindfulness,Control,NA,NA,NA,1,NA,Depression,PROMIS,D,Depression,Baseline,Post-intervention,3 months post-intervention,0,0,0,Post-intervention,3 months post-intervention,NA,Postintervention,Randomized controlled trial,NA,no,24,Mean,SD,46.69,6.69,26,Mean,SD,47.32,6.34,NA,NA,NA,NA,NA,NA,NA,NA,NA,NA,NA,NA,NA,NA,NA
Christopher 2018,2,Mindfulness,Control,NA,NA,NA,1,NA,Operational stress,PSQ,D,Distress,Baseline,Post-intervention,3 months post-intervention,0,0,0,Post-intervention,3 months post-intervention,NA,1-6months,Randomized controlled trial,NA,no,24,Mean,SD,2.73,1.14,25,Mean,SD,2.79,1.19,NA,NA,NA,NA,NA,NA,NA,NA,NA,NA,NA,NA,NA,NA,NA
Christopher 2018,2,Mindfulness,Control,NA,NA,NA,1,NA,Operational stress,PSQ,D,Distress,Baseline,Post-intervention,3 months post-intervention,0,0,0,Post-intervention,3 months post-intervention,NA,Baseline,Randomized controlled trial,NA,no,31,Mean,SD,2.92,1.3,30,Mean,SD,2.82,0.98,NA,NA,NA,NA,NA,NA,NA,NA,NA,NA,NA,NA,NA,NA,NA
Christopher 2018,2,Mindfulness,Control,NA,NA,NA,1,NA,Operational stress,PSQ,D,Distress,Baseline,Post-intervention,3 months post-intervention,0,0,0,Post-intervention,3 months post-intervention,NA,Postintervention,Randomized controlled trial,NA,no,24,Mean,SD,2.66,1.17,26,Mean,SD,2.76,1.02,NA,NA,NA,NA,NA,NA,NA,NA,NA,NA,NA,NA,NA,NA,NA
Christopher 2018,2,Mindfulness,Control,NA,NA,NA,1,NA,Sleep difficulties,PROMIS,D,Psychosomatic outcomes,Baseline,Post intervention,3 months post-int,0,0,0,Post intervention,3 months post-int,NA,1-6months,Randomized controlled trial,NA,no,24,Mean,SD,49.62,8.67,25,Mean,SD,51.59,8.74,NA,NA,NA,NA,NA,NA,NA,NA,NA,NA,NA,NA,NA,NA,NA
Christopher 2018,2,Mindfulness,Control,NA,NA,NA,1,NA,Sleep difficulties,PROMIS,D,Psychosomatic outcomes,Baseline,Post intervention,3 months post-int,0,0,0,Post intervention,3 months post-int,NA,Baseline,Randomized controlled trial,NA,no,31,Mean,SD,50.69,8.37,30,Mean,SD,52.14,7.63,NA,NA,NA,NA,NA,NA,NA,NA,NA,NA,NA,NA,NA,NA,NA
Christopher 2018,2,Mindfulness,Control,NA,NA,NA,1,NA,Sleep difficulties,PROMIS,D,Psychosomatic outcomes,Baseline,Post intervention,3 months post-int,0,0,0,Post intervention,3 months post-int,NA,Postintervention,Randomized controlled trial,NA,no,24,Mean,SD,47.4,6.93,26,Mean,SD,51.25,5.83,NA,NA,NA,NA,NA,NA,NA,NA,NA,NA,NA,NA,NA,NA,NA
Christopher 2018,2,Mindfulness,Control,NA,NA,NA,1,NA,Resilience,Connor-Davidson Resilience Scale,U,Real life functioning,Baseline,Post-intervention,3-month post intervention follow-up,0,0,0,Post-intervention,3-month post intervention follow-up,NA,1-6months,Randomized controlled trial,NA,no,24,Mean,SD,83.2,11.38,25,Mean,SD,77.48,10.19,NA,NA,NA,NA,NA,NA,NA,NA,NA,NA,NA,NA,NA,NA,NA
Christopher 2018,2,Mindfulness,Control,NA,NA,NA,1,NA,Resilience,Connor-Davidson Resilience Scale,U,Real life functioning,Baseline,Post-intervention,3-month post intervention follow-up,0,0,0,Post-intervention,3-month post intervention follow-up,NA,Baseline,Randomized controlled trial,NA,no,31,Mean,SD,81.48,12.36,30,Mean,SD,76.1,9.34,NA,NA,NA,NA,NA,NA,NA,NA,NA,NA,NA,NA,NA,NA,NA
Christopher 2018,2,Mindfulness,Control,NA,NA,NA,1,NA,Resilience,Connor-Davidson Resilience Scale,U,Real life functioning,Baseline,Post-intervention,3-month post intervention follow-up,0,0,0,Post-intervention,3-month post intervention follow-up,NA,Postintervention,Randomized controlled trial,NA,no,24,Mean,SD,83.66,10.73,26,Mean,SD,77.07,9.5,NA,NA,NA,NA,NA,NA,NA,NA,NA,NA,NA,NA,NA,NA,NA
Christopher 2018,2,Mindfulness,Control,NA,NA,NA,1,NA,Self-compassion,SCS,U,Relationship with self,Baseline,Post-intervention,3 months post-intervention,0,0,0,Post-intervention,3 months post-intervention,NA,1-6months,Randomized controlled trial,NA,no,24,Mean,SD,41.62,7.12,25,Mean,SD,38.64,6.58,NA,NA,NA,NA,NA,NA,NA,NA,NA,NA,NA,NA,NA,NA,NA
Christopher 2018,2,Mindfulness,Control,NA,NA,NA,1,NA,Self-compassion,SCS,U,Relationship with self,Baseline,Post-intervention,3 months post-intervention,0,0,0,Post-intervention,3 months post-intervention,NA,Baseline,Randomized controlled trial,NA,no,31,Mean,SD,39.93,6.59,30,Mean,SD,36.33,6.89,NA,NA,NA,NA,NA,NA,NA,NA,NA,NA,NA,NA,NA,NA,NA
Christopher 2018,2,Mindfulness,Control,NA,NA,NA,1,NA,Self-compassion,SCS,U,Relationship with self,Baseline,Post-intervention,3 months post-intervention,0,0,0,Post-intervention,3 months post-intervention,NA,Postintervention,Randomized controlled trial,NA,no,24,Mean,SD,40.95,5.7,26,Mean,SD,37.61,6.2,NA,NA,NA,NA,NA,NA,NA,NA,NA,NA,NA,NA,NA,NA,NA
Cohen-Katz 2004,2,Mindfulness,Control,NA,NA,NA,1,NA,Psychological Distress,Brief Symptom Inventory (BSI) dichotomised,D,Distress,Baseline,Post Intervention,0,0,0,0,Post Intervention,NA,NA,Baseline,Randomized controlled trial,NA,no,12,NR,NR,NR,NR,13,NR,NR,NR,NR,NA,NA,NA,NA,NA,NA,NA,NA,NA,NA,NA,NA,NA,NA,NA
Cohen-Katz 2004,2,Mindfulness,Control,NA,NA,NA,1,NA,Psychological Distress,Brief Symptom Inventory (BSI) dichotomised,D,Distress,Baseline,Post Intervention,0,0,0,0,Post Intervention,NA,NA,Postintervention,Randomized controlled trial,NA,no,12,NR ns,NR ns,NR,NR,13,NR ns,NR ns,NR,NR,NA,NA,NA,NA,NA,NA,NA,NA,NA,NA,NA,NA,NA,NA,NA
Cohen-Katz 2004,2,Mindfulness,Control,NA,NA,NA,1,NA,Mindfulness (trait),MAAS,U,Mindfulness,Baseline,Post intervention,0,0,0,0,Post intervention,NA,NA,Baseline,Randomized controlled trial,NA,no,12,NR,NR,NR,NR,13,NR,NR,NR,NR,NA,NA,NA,NA,NA,NA,NA,NA,NA,NA,NA,NA,NA,NA,NA
Cohen-Katz 2004,2,Mindfulness,Control,NA,NA,NA,1,NA,Mindfulness (trait),MAAS,U,Mindfulness,Baseline,Post intervention,0,0,0,0,Post intervention,NA,NA,Postintervention,Randomized controlled trial,NA,no,12,p-value from t-test,dir,0.001,1,13,p-value from t-test,dir,0.001,1,NA,NA,NA,NA,NA,NA,NA,NA,NA,NA,NA,NA,NA,NA,NA
Cohen-Katz 2004,2,Mindfulness,Control,NA,NA,NA,1,NA,Burnout,MBI subscales,D,Real life functioning,Baseline,Post Intervention,0,0,0,0,Post Intervention,NA,NA,Baseline,Randomized controlled trial,NA,no,12,NR,NR,NR,NR,13,NR,NR,NR,NR,NA,NA,NA,NA,NA,NA,NA,NA,NA,NA,NA,NA,NA,NA,NA
Cohen-Katz 2004,2,Mindfulness,Control,NA,NA,NA,1,NA,Burnout,MBI subscales,D,Real life functioning,Baseline,Post Intervention,0,0,0,0,Post Intervention,NA,NA,Postintervention,Randomized controlled trial,NA,no,12,p-value from t-test,dir,0.05,-1,13,p-value from t-test,dir,0.05,-1,NA,NA,NA,NA,NA,NA,NA,NA,NA,NA,NA,NA,NA,NA,NA
Cousin 2016,2,Mindfulness,Control,NA,NA,NA,1,NA,Negative affect,PANASX-N subscales in last 2 weeks,D,Distress,Baseline,Post Intervention,0,0,0,0,Post Intervention,NA,NA,Baseline,Randomized controlled trial,NA,no,36,NR,NR,NR,NR,39,NR,NR,NR,NR,NA,NA,NA,NA,NA,NA,NA,NA,NA,NA,NA,NA,NA,NA,NA
Cousin 2016,2,Mindfulness,Control,NA,NA,NA,1,NA,Negative affect,PANASX-N subscales in last 2 weeks,D,Distress,Baseline,Post Intervention,0,0,0,0,Post Intervention,NA,NA,Postintervention,Randomized controlled trial,NA,no,36,NR,NR,NR,NR,39,NR,NR,NR,NR,NA,NA,NA,NA,NA,NA,NA,NA,NA,NA,NA,NA,NA,NA,NA
Cousin 2016,2,Mindfulness,Control,NA,NA,NA,1,NA,Positive affect,PANASX-P subscales in last 2 weeks,U,Mental wellbeing,Baseline,Post Intervention,0,0,0,0,Post Intervention,NA,NA,Baseline,Randomized controlled trial,NA,no,36,NR,NR,NR,NR,39,NR,NR,NR,NR,NA,NA,NA,NA,NA,NA,NA,NA,NA,NA,NA,NA,NA,NA,NA
Cousin 2016,2,Mindfulness,Control,NA,NA,NA,1,NA,Positive affect,PANASX-P subscales in last 2 weeks,U,Mental wellbeing,Baseline,Post Intervention,0,0,0,0,Post Intervention,NA,NA,Postintervention,Randomized controlled trial,NA,no,36,NR,NR,NR,NR,39,NR,NR,NR,NR,NA,NA,NA,NA,NA,NA,NA,NA,NA,NA,NA,NA,NA,NA,NA
Davidson 2003,2,Mindfulness,Control,NA,NA,NA,1,NA,Anxiety,Spielberger Anxiety Scale Trait,D,Anxiety,Baseline,Post intervention,4 months follow up,0,0,0,Post intervention,4 months follow up,NA,1-6months,Randomized controlled trial,NA,no,assume 25,ANOVA F,dir,5.45,NR,assume 16,ANOVA F,dir,5.45,NR,NA,NA,NA,NA,NA,NA,NA,NA,NA,NA,NA,NA,NA,NA,NA
Davidson 2003,2,Mindfulness,Control,NA,NA,NA,1,NA,Anxiety,Spielberger Anxiety Scale Trait,D,Anxiety,Baseline,Post intervention,4 months follow up,0,0,0,Post intervention,4 months follow up,NA,Baseline,Randomized controlled trial,NA,no,NR,NR,NR,NR,NR,NR,NR,NR,NR,NR,NA,NA,NA,NA,NA,NA,NA,NA,NA,NA,NA,NA,NA,NA,NA
Davidson 2003,2,Mindfulness,Control,NA,NA,NA,1,NA,Anxiety,Spielberger Anxiety Scale Trait,D,Anxiety,Baseline,Post intervention,4 months follow up,0,0,0,Post intervention,4 months follow up,NA,Postintervention,Randomized controlled trial,NA,no,assume 25,ANOVA F,dir,5.45,-1,assume 16,ANOVA F,dir,5.45,-1,NA,NA,NA,NA,NA,NA,NA,NA,NA,NA,NA,NA,NA,NA,NA
Davidson 2003,2,Mindfulness,Control,NA,NA,NA,1,NA,Negative affect,PANAS trait,D,Distress,Baseline,Post Intervention,4 months follow up,0,0,0,Post Intervention,4 months follow up,NA,1-6months,Randomized controlled trial,NA,no,assume 25,NR ns,NR ns,NR,NR,assume 16,NR ns,NR ns,NR,NR,NA,NA,NA,NA,NA,NA,NA,NA,NA,NA,NA,NA,NA,NA,NA
Davidson 2003,2,Mindfulness,Control,NA,NA,NA,1,NA,Negative affect,PANAS trait,D,Distress,Baseline,Post Intervention,4 months follow up,0,0,0,Post Intervention,4 months follow up,NA,Baseline,Randomized controlled trial,NA,no,NR,NR,NR,NR,NR,NR,NR,NR,NR,NR,NA,NA,NA,NA,NA,NA,NA,NA,NA,NA,NA,NA,NA,NA,NA
Davidson 2003,2,Mindfulness,Control,NA,NA,NA,1,NA,Negative affect,PANAS trait,D,Distress,Baseline,Post Intervention,4 months follow up,0,0,0,Post Intervention,4 months follow up,NA,Postintervention,Randomized controlled trial,NA,no,assume 25,NR ns,NR ns,NR,NR,assume 16,NR ns,NR ns,NR,NR,NA,NA,NA,NA,NA,NA,NA,NA,NA,NA,NA,NA,NA,NA,NA
Davidson 2003,2,Mindfulness,Control,NA,NA,NA,1,NA,Positive affect,PANAS trait,U,Mental wellbeing,Baseline,Post Intervention,4 months follow up,0,0,0,Post Intervention,4 months follow up,NA,1-6months,Randomized controlled trial,NA,no,assume 25,NR ns,NR ns,NR,NR,assume 16,NR ns,NR ns,NR,NR,NA,NA,NA,NA,NA,NA,NA,NA,NA,NA,NA,NA,NA,NA,NA
Davidson 2003,2,Mindfulness,Control,NA,NA,NA,1,NA,Positive affect,PANAS trait,U,Mental wellbeing,Baseline,Post Intervention,4 months follow up,0,0,0,Post Intervention,4 months follow up,NA,Baseline,Randomized controlled trial,NA,no,NR,NR,NR,NR,NR,NR,NR,NR,NR,NR,NA,NA,NA,NA,NA,NA,NA,NA,NA,NA,NA,NA,NA,NA,NA
Davidson 2003,2,Mindfulness,Control,NA,NA,NA,1,NA,Positive affect,PANAS trait,U,Mental wellbeing,Baseline,Post Intervention,4 months follow up,0,0,0,Post Intervention,4 months follow up,NA,Postintervention,Randomized controlled trial,NA,no,assume 25,NR ns,NR ns,NR,NR,assume 16,NR ns,NR ns,NR,NR,NA,NA,NA,NA,NA,NA,NA,NA,NA,NA,NA,NA,NA,NA,NA
DeVibe 2013,2,Mindfulness,Control,NA,NA,NA,1,NA,Psychological Distress,e 12-item General Health Questionnaire (GHQ12),D,Distress,Baseline,Post Intervention,2 years post int,4 year post int,6 year post int,,Post Intervention,NA,6 year post int,6+months,Randomized controlled trial,NA,no,49,mean,SD,10.49,5.15,63,mean,SD,12,5.2,NA,NA,NA,NA,NA,NA,NA,NA,NA,NA,NA,NA,NA,NA,NA
DeVibe 2013,2,Mindfulness,Control,NA,NA,NA,1,NA,Wellbeing,Subjective well-being scale 4 item version,U,Mental wellbeing,Baseline,Post Intervention,2 years post int,4 year post int,6 year post int,,Post Intervention,NA,6 year post int,6+months,Randomized controlled trial,NA,no,49,mean,SD,6.9520408,1.4255583,63,mean,SD,6.2998413,1.7930974,NA,NA,NA,NA,NA,NA,NA,NA,NA,NA,NA,NA,NA,NA,NA
DeVibe 2013,2,Mindfulness,Control,NA,NA,NA,1,NA,Mindfulness,FFMQ subscales,U,Mindfulness,Baseline,Post Intervention,2 years post int,4 year post int,6 year post int,,Post Intervention,NA,6 year post int,6+months,Randomized controlled trial,NA,no,49,mean,SD,140.53061,15.276755,60,mean,SD,134.28333,15.721185,NA,NA,NA,NA,NA,NA,NA,NA,NA,NA,NA,NA,NA,NA,NA
DeVibe 2013,2,Mindfulness,Control,NA,NA,NA,1,NA,Psychological Distress,e 12-item General Health Questionnaire (GHQ12),D,Distress,Baseline,Post Intervention,2 years post int,4 year post int,6 year post int,,Post Intervention,NA,6 year post int,Baseline,Randomized controlled trial,NA,no,144,Mean,SD,12.44,5.97,143,Mean,SD,12.95,6.22,NA,NA,NA,NA,NA,NA,NA,NA,NA,NA,NA,NA,NA,NA,NA
DeVibe 2013,2,Mindfulness,Control,NA,NA,NA,1,NA,Wellbeing,Subjective well-being scale 4 item version,U,Mental wellbeing,Baseline,Post Intervention,2 years post int,4 year post int,6 year post int,,Post Intervention,NA,6 year post int,Baseline,Randomized controlled trial,NA,no,144,Mean,SD,6.3,1.8,144,Mean,SD,6.4,1.8,NA,NA,NA,NA,NA,NA,NA,NA,NA,NA,NA,NA,NA,NA,NA
DeVibe 2013,2,Mindfulness,Control,NA,NA,NA,1,NA,Mindfulness,FFMQ subscales,U,Mindfulness,Baseline,Post Intervention,2 years post int,4 year post int,6 year post int,,Post Intervention,NA,6 year post int,Baseline,Randomized controlled trial,NA,no,144,Mean,SD,125.11111,16.352802,143,Mean,SD,127.1049,14.449384,NA,NA,NA,NA,NA,NA,NA,NA,NA,NA,NA,NA,NA,NA,NA
DeVibe 2013,2,Mindfulness,Control,NA,NA,NA,1,NA,Burnout,MBI,D,Real life functioning,Baseline,Post Intervention,2 years post int,4 year post int,6 year post int,,Post Intervention,NA,6 year post int,Baseline,Randomized controlled trial,NA,no,144,Mean,SD,32.3,12.4,144,Mean,SD,32,11.8,NA,NA,NA,NA,NA,NA,NA,NA,NA,NA,NA,NA,NA,NA,NA
DeVibe 2013,2,Mindfulness,Control,NA,NA,NA,1,NA,Mindfulness,FFMQ subscales,U,Mindfulness,Baseline,Post Intervention,2 years post int,4 year post int,6 year post int,,Post Intervention,NA,6 year post int,Change_6m,Randomized controlled trial,NA,no,144,b coefficient,NR,0.4883103,NR,144,b coefficient,NR,0.4883103,NR,NA,NA,NA,NA,NA,NA,NA,NA,NA,NA,NA,NA,NA,NA,NA
DeVibe 2013,2,Mindfulness,Control,NA,NA,NA,1,NA,Mindfulness,FFMQ subscales,U,Mindfulness,Baseline,Post Intervention,2 years post int,4 year post int,6 year post int,,Post Intervention,NA,6 year post int,Change_pi,Randomized controlled trial,NA,no,144,b coefficient,NR,0.7090508,NR,144,b coefficient,NR,0.7090508,NR,NA,NA,NA,NA,NA,NA,NA,NA,NA,NA,NA,NA,NA,NA,NA
DeVibe 2013,2,Mindfulness,Control,NA,NA,NA,1,NA,Psychological Distress,e 12-item General Health Questionnaire (GHQ12),D,Distress,Baseline,Post Intervention,2 years post int,4 year post int,6 year post int,,Post Intervention,NA,6 year post int,Postintervention,Randomized controlled trial,NA,no,140,Mean,SD,9.21,3.95,138,Mean,SD,13.06,6.04,NA,NA,NA,NA,NA,NA,NA,NA,NA,NA,NA,NA,NA,NA,NA
DeVibe 2013,2,Mindfulness,Control,NA,NA,NA,1,NA,Wellbeing,Subjective well-being scale 4 item version,U,Mental wellbeing,Baseline,Post Intervention,2 years post int,4 year post int,6 year post int,,Post Intervention,NA,6 year post int,Postintervention,Randomized controlled trial,NA,no,144,Mean,SD,6.8,1.4,144,Mean,SD,6.1,1.8,NA,NA,NA,NA,NA,NA,NA,NA,NA,NA,NA,NA,NA,NA,NA
DeVibe 2013,2,Mindfulness,Control,NA,NA,NA,1,NA,Mindfulness,FFMQ subscales,U,Mindfulness,Baseline,Post Intervention,2 years post int,4 year post int,6 year post int,,Post Intervention,NA,6 year post int,Postintervention,Randomized controlled trial,NA,no,140,Mean,SD,130.27857,16.172215,138,Mean,SD,127.76812,15.448662,NA,NA,NA,NA,NA,NA,NA,NA,NA,NA,NA,NA,NA,NA,NA
DeVibe 2013,2,Mindfulness,Control,NA,NA,NA,1,NA,Burnout,MBI,D,Real life functioning,Baseline,Post Intervention,2 years post int,4 year post int,6 year post int,,Post Intervention,NA,6 year post int,Postintervention,Randomized controlled trial,NA,no,144,Mean,SD,32.9,12.1,144,Mean,SD,34.4,11.2,NA,NA,NA,NA,NA,NA,NA,NA,NA,NA,NA,NA,NA,NA,NA
Dvorakova 2017,2,Mindfulness,Control,NA,NA,NA,1,NA,Anxiety,GAD-7,D,Anxiety,Baseline,Post intervention,0,0,0,0,Post intervention,NA,NA,Baseline,Randomized controlled trial,NA,no,55,Mean,SD,7.8,4.82,54,Mean,SD,6.41,5.24,NA,NA,NA,NA,NA,NA,NA,NA,NA,NA,NA,NA,NA,NA,NA
Dvorakova 2017,2,Mindfulness,Control,NA,NA,NA,1,NA,Anxiety,GAD-7,D,Anxiety,Baseline,Post intervention,0,0,0,0,Post intervention,NA,NA,Postintervention,Randomized controlled trial,NA,no,assume 52,Mean,SD,5.94,4.38,assume 53,Mean,SD,6.71,4.64,NA,NA,NA,NA,NA,NA,NA,NA,NA,NA,NA,NA,NA,NA,NA
Dvorakova 2017,2,Mindfulness,Control,NA,NA,NA,1,NA,Depression,PHQ,D,Depression,Baseline,Post Intervention,Notes,0,0,0,Post Intervention,NA,NA,Baseline,Randomized controlled trial,NA,no,55,Mean,SD,7.36,4.26,54,Mean,SD,6.31,4.78,NA,NA,NA,NA,NA,NA,NA,NA,NA,NA,NA,NA,NA,NA,NA
Dvorakova 2017,2,Mindfulness,Control,NA,NA,NA,1,NA,Depression,PHQ,D,Depression,Baseline,Post Intervention,Notes,0,0,0,Post Intervention,NA,NA,Postintervention,Randomized controlled trial,NA,no,assume 52,Mean,SD,6.06,5,assume 53,Mean,SD,7.33,5.36,NA,NA,NA,NA,NA,NA,NA,NA,NA,NA,NA,NA,NA,NA,NA
Dvorakova 2017,2,Mindfulness,Control,NA,NA,NA,1,NA,Life satisfaction,Satisfaction with Life Scale SWLS,U,Mental wellbeing,Baseline,Post intervention,Notes,0,0,0,Post intervention,NA,NA,Baseline,Randomized controlled trial,NA,no,55,Mean,SD,21.76,7.52,54,Mean,SD,22.67,6.95,NA,NA,NA,NA,NA,NA,NA,NA,NA,NA,NA,NA,NA,NA,NA
Dvorakova 2017,2,Mindfulness,Control,NA,NA,NA,1,NA,Life satisfaction,Satisfaction with Life Scale SWLS,U,Mental wellbeing,Baseline,Post intervention,Notes,0,0,0,Post intervention,NA,NA,Postintervention,Randomized controlled trial,NA,no,assume 52,Mean,SD,23.43,7.11,assume 53,Mean,SD,21.27,7.65,NA,NA,NA,NA,NA,NA,NA,NA,NA,NA,NA,NA,NA,NA,NA
Dvorakova 2017,2,Mindfulness,Control,NA,NA,NA,1,NA,Mindfulness,MAAS,U,Mindfulness,Baseline,Post intervention,0,0,0,0,Post intervention,NA,NA,Baseline,Randomized controlled trial,NA,no,55,Mean,SD,4.03,1.02,54,Mean,SD,4.15,1,NA,NA,NA,NA,NA,NA,NA,NA,NA,NA,NA,NA,NA,NA,NA
Dvorakova 2017,2,Mindfulness,Control,NA,NA,NA,1,NA,Mindfulness,MAAS,U,Mindfulness,Baseline,Post intervention,0,0,0,0,Post intervention,NA,NA,Postintervention,Randomized controlled trial,NA,no,assume 52,Mean,SD,4.18,1.03,assume 53,Mean,SD,4.36,1.04,NA,NA,NA,NA,NA,NA,NA,NA,NA,NA,NA,NA,NA,NA,NA
Dvorakova 2017,2,Mindfulness,Control,NA,NA,NA,1,NA,Sleep,PSQI,D,Psychosomatic outcomes,Baseline,Post intervention,0,0,0,0,Post intervention,NA,NA,Baseline,Randomized controlled trial,NA,no,55,Mean,SD,6.18,3.22,54,Mean,SD,5.02,2.53,NA,NA,NA,NA,NA,NA,NA,NA,NA,NA,NA,NA,NA,NA,NA
Dvorakova 2017,2,Mindfulness,Control,NA,NA,NA,1,NA,Sleep,PSQI,D,Psychosomatic outcomes,Baseline,Post intervention,0,0,0,0,Post intervention,NA,NA,Postintervention,Randomized controlled trial,NA,no,assume 52,Mean,SD,5.58,2.66,assume 53,Mean,SD,6.02,3.41,NA,NA,NA,NA,NA,NA,NA,NA,NA,NA,NA,NA,NA,NA,NA
Dvorakova 2017,2,Mindfulness,Control,NA,NA,NA,1,NA,Self-compassion,SCS,U,Relationship with self,Baseline,Post intervention,0,0,0,0,Post intervention,NA,NA,Baseline,Randomized controlled trial,NA,no,55,Mean,SD,2.77,0.72,54,Mean,SD,2.98,0.74,NA,NA,NA,NA,NA,NA,NA,NA,NA,NA,NA,NA,NA,NA,NA
Dvorakova 2017,2,Mindfulness,Control,NA,NA,NA,1,NA,Self-compassion,SCS,U,Relationship with self,Baseline,Post intervention,0,0,0,0,Post intervention,NA,NA,Postintervention,Randomized controlled trial,NA,no,assume 52,Mean,SD,3.02,0.8,assume 53,Mean,SD,3.1,0.75,NA,NA,NA,NA,NA,NA,NA,NA,NA,NA,NA,NA,NA,NA,NA
Dziok 2010,2,Mindfulness,Control,NA,NA,NA,1,NA,Anxiety,Spielberger Anxiety Scale State and Trait,D,Anxiety,Baseline,0 to 180 days after the last intervention class (M= 30.0),change values,0,0,0,NA,0 to 180 days after the last intervention class (M= 30.0),NA,1-6months,Randomized controlled trial,NA,no,assume 23,Mean,SD,36.7,9.3,assume 6,Mean,SD,46.5,12.4,NA,NA,NA,NA,NA,NA,NA,NA,NA,NA,NA,NA,NA,NA,NA
Dziok 2010,2,Mindfulness,Control,NA,NA,NA,1,NA,Anxiety,Spielberger Anxiety Scale State and Trait,D,Anxiety,Baseline,0 to 180 days after the last intervention class (M= 30.0),change values,0,0,0,NA,0 to 180 days after the last intervention class (M= 30.0),NA,Baseline,Randomized controlled trial,NA,no,39,Mean,SD,40,11,13,Mean,SD,39.3,13.5,NA,NA,NA,NA,NA,NA,NA,NA,NA,NA,NA,NA,NA,NA,NA
Dziok 2010,2,Mindfulness,Control,NA,NA,NA,1,NA,Anxiety,Spielberger Anxiety Scale State and Trait,D,Anxiety,Baseline,0 to 180 days after the last intervention class (M= 30.0),change values,0,0,0,NA,0 to 180 days after the last intervention class (M= 30.0),NA,Change_16m,Randomized controlled trial,NA,no,23,Mean,SD,-3.6,7.2,assume 6,Mean,SD,5.8,2.7,NA,NA,NA,NA,NA,NA,NA,NA,NA,NA,NA,NA,NA,NA,NA
Dziok 2010,2,Mindfulness,Control,NA,NA,NA,1,NA,Depression,CES-D,D,Depression,Baseline,0 to 180 days after the last intervention class (M= 30.0),change values,0,0,0,NA,0 to 180 days after the last intervention class (M= 30.0),NA,1-6months,Randomized controlled trial,NA,no,assume 23,Mean,SD,12.3,9.6,assume 6,Mean,SD,18.4,13.1,NA,NA,NA,NA,NA,NA,NA,NA,NA,NA,NA,NA,NA,NA,NA
Dziok 2010,2,Mindfulness,Control,NA,NA,NA,1,NA,Depression,CES-D,D,Depression,Baseline,0 to 180 days after the last intervention class (M= 30.0),change values,0,0,0,NA,0 to 180 days after the last intervention class (M= 30.0),NA,Baseline,Randomized controlled trial,NA,no,39,Mean,SD,16.9,9.9,13,Mean,SD,10.1,12.1,NA,NA,NA,NA,NA,NA,NA,NA,NA,NA,NA,NA,NA,NA,NA
Dziok 2010,2,Mindfulness,Control,NA,NA,NA,1,NA,Depression,CES-D,D,Depression,Baseline,0 to 180 days after the last intervention class (M= 30.0),change values,0,0,0,NA,0 to 180 days after the last intervention class (M= 30.0),NA,Change_16m,Randomized controlled trial,NA,no,23,Mean,SD,-3.9,12.8,assume 6,Mean,SD,6.3,9.4,NA,NA,NA,NA,NA,NA,NA,NA,NA,NA,NA,NA,NA,NA,NA
Esch 2017,2,Mindfulness,Control,NA,NA,NA,1,NA,Attention,Attention Network Test (ANT),D,Cognitive functioning,Baseline,Post Intervention,0,0,0,0,Post Intervention,NA,NA,Baseline,Randomized controlled trial,NA,no,16,Mean,SD,499,76.7,15,Mean,SD,493,81.8,NA,NA,NA,NA,NA,NA,NA,NA,NA,NA,NA,NA,NA,NA,NA
Esch 2017,2,Mindfulness,Control,NA,NA,NA,1,NA,Attention,Attention Network Test (ANT),D,Cognitive functioning,Baseline,Post Intervention,0,0,0,0,Post Intervention,NA,NA,Postintervention,Randomized controlled trial,NA,no,16,Mean,SD,474,60.9,15,Mean,SD,467,47.4,NA,NA,NA,NA,NA,NA,NA,NA,NA,NA,NA,NA,NA,NA,NA
Esch 2017,2,Mindfulness,Control,NA,NA,NA,1,NA,Mindfulness (trait),Freiburg Mindfulness Inventory,U,Mindfulness,Baseline,Post intervention,0,0,0,0,Post intervention,NA,NA,Baseline,Randomized controlled trial,NA,no,16,Mean,SD,37,4.5,15,Mean,SD,37.9,6.42,NA,NA,NA,NA,NA,NA,NA,NA,NA,NA,NA,NA,NA,NA,NA
Esch 2017,2,Mindfulness,Control,NA,NA,NA,1,NA,Mindfulness (trait),Freiburg Mindfulness Inventory,U,Mindfulness,Baseline,Post intervention,0,0,0,0,Post intervention,NA,NA,Postintervention,Randomized controlled trial,NA,no,16,Mean,SD,37.9,2.98,15,Mean,SD,38.3,6.32,NA,NA,NA,NA,NA,NA,NA,NA,NA,NA,NA,NA,NA,NA,NA
Flook 2013,2,mMBSR Training,Waitlist control,NA,NA,NA,1,NA,Attention,Rapid Visual Information Processing task,U,Cognitive functioning,Baseline,Post-intervention,0,0,0,0,Post-intervention,NA,NA,Baseline,Randomized controlled trial,NA,no,10,Mean,SD,0.91,0.07,8,Mean,SD,0.91,0.02,NA,NA,NA,NA,NA,NA,NA,NA,NA,NA,NA,NA,NA,NA,NA
Flook 2013,2,mMBSR Training,Waitlist control,NA,NA,NA,1,NA,Attention,Rapid Visual Information Processing task,U,Cognitive functioning,Baseline,Post-intervention,0,0,0,0,Post-intervention,NA,NA,Postintervention,Randomized controlled trial,NA,no,assume 10,Mean,SD,0.94,0.05,assume 8,Mean,SD,0.94,0.04,NA,NA,NA,NA,NA,NA,NA,NA,NA,NA,NA,NA,NA,NA,NA
Flook 2013,2,mMBSR Training,Waitlist control,NA,NA,NA,1,NA,Psychological distress,SCL-90-R,D,Distress,Baseline,Post Intervention,0,0,0,0,Post Intervention,NA,NA,Baseline,Randomized controlled trial,NA,no,10,Mean,SD,53.3,7.47,8,Mean,SD,53.88,4.16,NA,NA,NA,NA,NA,NA,NA,NA,NA,NA,NA,NA,NA,NA,NA
Flook 2013,2,mMBSR Training,Waitlist control,NA,NA,NA,1,NA,Psychological distress,SCL-90-R,D,Distress,Baseline,Post Intervention,0,0,0,0,Post Intervention,NA,NA,Postintervention,Randomized controlled trial,NA,no,assume 10,Mean,SD,45.5,7.89,assume 8,Mean,SD,49.88,8.61,NA,NA,NA,NA,NA,NA,NA,NA,NA,NA,NA,NA,NA,NA,NA
Flook 2013,2,mMBSR Training,Waitlist control,NA,NA,NA,1,NA,Mindfulness,FFMQ,U,Mindfulness,Baseline,Post-intervention,0,0,0,0,Post-intervention,NA,NA,Baseline,Randomized controlled trial,NA,no,10,Mean,SD,133.9,15.68536082,8,Mean,SD,160.01,14.18894626,NA,NA,NA,NA,NA,NA,NA,NA,NA,NA,NA,NA,NA,NA,NA
Flook 2013,2,mMBSR Training,Waitlist control,NA,NA,NA,1,NA,Mindfulness,FFMQ,U,Mindfulness,Baseline,Post-intervention,0,0,0,0,Post-intervention,NA,NA,Postintervention,Randomized controlled trial,NA,no,assume 10,Mean,SD,147.7,12.59878106,assume 8,Mean,SD,140.77,16.96601569,NA,NA,NA,NA,NA,NA,NA,NA,NA,NA,NA,NA,NA,NA,NA
Flook 2013,2,mMBSR Training,Waitlist control,NA,NA,NA,1,NA,Classroom behaviour,CLASS emotional support subscale,U,Real life functioning,Baseline,Post-intervention,0,0,0,0,Post-intervention,NA,NA,Baseline,Randomized controlled trial,NA,no,10,Mean,SD,4.92,0.57,8,Mean,SD,5.38,0.49,NA,NA,NA,NA,NA,NA,NA,NA,NA,NA,NA,NA,NA,NA,NA
Flook 2013,2,mMBSR Training,Waitlist control,NA,NA,NA,1,NA,Classroom behaviour,CLASS emotional support subscale,U,Real life functioning,Baseline,Post-intervention,0,0,0,0,Post-intervention,NA,NA,Postintervention,Randomized controlled trial,NA,no,10,Mean,SD,5.25,0.76,8,Mean,SD,5.05,0.7,NA,NA,NA,NA,NA,NA,NA,NA,NA,NA,NA,NA,NA,NA,NA
Flook 2013,2,mMBSR Training,Waitlist control,NA,NA,NA,1,NA,Self-compassion,SCS only shared humanity subscale reported,U,Relationship with self,Baseline,Post-intervention,0,0,0,0,Post-intervention,NA,NA,Baseline,Randomized controlled trial,NA,no,10,Mean,SD,3.35,1.02,8,Mean,SD,3.38,0.81,NA,NA,NA,NA,NA,NA,NA,NA,NA,NA,NA,NA,NA,NA,NA
Flook 2013,2,mMBSR Training,Waitlist control,NA,NA,NA,1,NA,Self-compassion,SCS only shared humanity subscale reported,U,Relationship with self,Baseline,Post-intervention,0,0,0,0,Post-intervention,NA,NA,Postintervention,Randomized controlled trial,NA,no,assume 10,Mean,SD,4.08,0.76,assume 8,Mean,SD,3.31,0.83,NA,NA,NA,NA,NA,NA,NA,NA,NA,NA,NA,NA,NA,NA,NA
Galante 2018,2,Mindfulness,Control,NA,NA,NA,1,NA,Psychological distress,Clinical Outcomes in Routine Evaluation Measure,D,Distress,Baseline,Post-intervention,1-4 months post-int FU,10 months post intervention follow up,0,0,Post-intervention,1-4 months post-int FU,10 months post intervention follow up,1-6months,Randomized controlled trial,NA,no,263,Mean,SD,0.89,0.52,243,Mean,SD,1.1,0.56,NA,NA,NA,NA,NA,NA,NA,NA,NA,NA,NA,NA,NA,NA,NA
Galante 2018,2,Mindfulness,Control,NA,NA,NA,1,NA,Psychological distress,Clinical Outcomes in Routine Evaluation Measure,D,Distress,Baseline,Post-intervention,1-4 months post-int FU,10 months post intervention follow up,0,0,Post-intervention,1-4 months post-int FU,10 months post intervention follow up,6+months,Randomized controlled trial,NA,no,188,Mean,SD,0.82,0.51,191,Mean,SD,0.92,0.55,NA,NA,NA,NA,NA,NA,NA,NA,NA,NA,NA,NA,NA,NA,NA
Galante 2018,2,Mindfulness,Control,NA,NA,NA,1,NA,Psychological distress,Clinical Outcomes in Routine Evaluation Measure,D,Distress,Baseline,Post-intervention,1-4 months post-int FU,10 months post intervention follow up,0,0,Post-intervention,1-4 months post-int FU,10 months post intervention follow up,Baseline,Randomized controlled trial,NA,no,336,Mean,SD,1.01,0.55,332,Mean,SD,0.97,0.52,NA,NA,NA,NA,NA,NA,NA,NA,NA,NA,NA,NA,NA,NA,NA
Galante 2018,2,Mindfulness,Control,NA,NA,NA,1,NA,Psychological distress,Clinical Outcomes in Routine Evaluation Measure,D,Distress,Baseline,Post-intervention,1-4 months post-int FU,10 months post intervention follow up,0,0,Post-intervention,1-4 months post-int FU,10 months post intervention follow up,Postintervention,Randomized controlled trial,NA,no,280,Mean,SD,0.89,0.55,254,Mean,SD,1.03,0.55,NA,NA,NA,NA,NA,NA,NA,NA,NA,NA,NA,NA,NA,NA,NA
Galante 2018,2,Mindfulness,Control,NA,NA,NA,1,NA,Wellbeing,WEMWBS,U,Mental wellbeing,Baseline,Post-intervention,1-4 months post-int FU,10 months post intervention follow up,0,0,Post-intervention,1-4 months post-int FU,10 months post intervention follow up,1-6months,Randomized controlled trial,NA,no,261,Mean,SD,48.71,9.21,241,Mean,SD,46.44,9.03,NA,NA,NA,NA,NA,NA,NA,NA,NA,NA,NA,NA,NA,NA,NA
Galante 2018,2,Mindfulness,Control,NA,NA,NA,1,NA,Wellbeing,WEMWBS,U,Mental wellbeing,Baseline,Post-intervention,1-4 months post-int FU,10 months post intervention follow up,0,0,Post-intervention,1-4 months post-int FU,10 months post intervention follow up,6+months,Randomized controlled trial,NA,no,187,Mean,SD,50.93,9.61,189,Mean,SD,48.92,8.97,NA,NA,NA,NA,NA,NA,NA,NA,NA,NA,NA,NA,NA,NA,NA
Galante 2018,2,Mindfulness,Control,NA,NA,NA,1,NA,Wellbeing,WEMWBS,U,Mental wellbeing,Baseline,Post-intervention,1-4 months post-int FU,10 months post intervention follow up,0,0,Post-intervention,1-4 months post-int FU,10 months post intervention follow up,Baseline,Randomized controlled trial,NA,no,334,Mean,SD,48.01,8.75,334,Mean,SD,48.72,8.5,NA,NA,NA,NA,NA,NA,NA,NA,NA,NA,NA,NA,NA,NA,NA
Galante 2018,2,Mindfulness,Control,NA,NA,NA,1,NA,Wellbeing,WEMWBS,U,Mental wellbeing,Baseline,Post-intervention,1-4 months post-int FU,10 months post intervention follow up,0,0,Post-intervention,1-4 months post-int FU,10 months post intervention follow up,Postintervention,Randomized controlled trial,NA,no,278,Mean,SD,49.71,9.02,248,Mean,SD,47.14,9.29,NA,NA,NA,NA,NA,NA,NA,NA,NA,NA,NA,NA,NA,NA,NA
Galante 2018,2,Mindfulness,Control,NA,NA,NA,1,NA,Exam grades,UK Degree Classification,U,Real life functioning,1-4 months post-int FU,0,0,0,0,0,NA,1-4 months post-int FU,NA,1-6months,Randomized controlled trial,NA,no,148,prop lnOR,prop lnOR SE,-0.0490711,0.2299604,144,prop lnOR,prop lnOR SE,-0.0490711,0.2299604,NA,NA,NA,NA,NA,NA,NA,NA,NA,NA,NA,NA,NA,NA,NA
Gambrel 2015,2,Mindfulness,Control,NA,NA,NA,1,NA,Psychological distress,DASS-21,D,Distress,Baseline,Post Intervention,0,0,0,0,Post Intervention,NA,NA,Baseline,Cluster randomized controlled trial,NR,no,15 17,mean for males and females separately,SD for males and females separately,23.20 18.35,15.13 9.39,17 17,mean for males and females separately,SD for males and females separately,16.59 22.00,9.69 13.44,NA,NA,NA,NA,NA,NA,NA,NA,NA,NA,NA,NA,NA,NA,NA
Gambrel 2015,2,Mindfulness,Control,NA,NA,NA,1,NA,Psychological distress,DASS-21,D,Distress,Baseline,Post Intervention,0,0,0,0,Post Intervention,NA,NA,Postintervention,Cluster randomized controlled trial,NR,no,15 17,mean for males and females separately,SD for males and females separately,12.27 17.76,5.65 9.02,17 17,mean for males and females separately,SD for males and females separately,16.24 20.71,13.98 12.75,NA,NA,NA,NA,NA,NA,NA,NA,NA,NA,NA,NA,NA,NA,NA
Gambrel 2015,2,Mindfulness,Control,NA,NA,NA,1,NA,Positive affect,I-PANAS-SF,U,Mental wellbeing,Baseline,Post Intervention,0,0,0,0,Post Intervention,NA,NA,Baseline,Cluster randomized controlled trial,NR,no,15 17,mean for males and females separately,SD for males and females separately,18.33 17.24,2.41 2.73,17 17,mean for males and females separately,SD for males and females separately,20.00 18.06,3.61 3.15,NA,NA,NA,NA,NA,NA,NA,NA,NA,NA,NA,NA,NA,NA,NA
Gambrel 2015,2,Mindfulness,Control,NA,NA,NA,1,NA,Positive affect,I-PANAS-SF,U,Mental wellbeing,Baseline,Post Intervention,0,0,0,0,Post Intervention,NA,NA,Postintervention,Cluster randomized controlled trial,NR,no,15 17,mean for males and females separately,SD for males and females separately,19.60 18.35,2.23 3.44,17 17,mean for males and females separately,SD for males and females separately,20.06 18.65,3.03 2.80,NA,NA,NA,NA,NA,NA,NA,NA,NA,NA,NA,NA,NA,NA,NA
Gambrel 2015,2,Mindfulness,Control,NA,NA,NA,1,NA,Mindfulness,FFMQ,U,Mindfulness,Baseline,Post Intervention,0,0,0,0,Post Intervention,NA,NA,Baseline,Cluster randomized controlled trial,NR,no,15 17,mean for males and females separately,SD for males and females separately,103.60 102.82,10.12 13.52,17 17,mean for males and females separately,SD for males and females separately,112.29 103.82,11.99 13.13,NA,NA,NA,NA,NA,NA,NA,NA,NA,NA,NA,NA,NA,NA,NA
Gambrel 2015,2,Mindfulness,Control,NA,NA,NA,1,NA,Mindfulness,FFMQ,U,Mindfulness,Baseline,Post Intervention,0,0,0,0,Post Intervention,NA,NA,Postintervention,Cluster randomized controlled trial,NR,no,15 17,mean for males and females separately,SD for males and females separately,113.00 107.35,11.49 8.65,17 17,mean for males and females separately,SD for males and females separately,112.88 107.59,15.12 10.57,NA,NA,NA,NA,NA,NA,NA,NA,NA,NA,NA,NA,NA,NA,NA
Giannandrea 2018,2,Mindfulness,Control,NA,NA,NA,1,NA,Sustained attention,Sustained Attention to Response Task errors,D,Cognitive functioning,Baseline,Post Intervention,0,0,0,0,Post Intervention,NA,NA,Baseline,Randomized controlled trial,NA,no,20,Mean,SD,13.25,10.73,17,Mean,SD,11.88,8.88,NA,NA,NA,NA,NA,NA,NA,NA,NA,NA,NA,NA,NA,NA,NA
Giannandrea 2018,2,Mindfulness,Control,NA,NA,NA,1,NA,Sustained attention,Sustained Attention to Response Task errors,D,Cognitive functioning,Baseline,Post Intervention,0,0,0,0,Post Intervention,NA,NA,Postintervention,Randomized controlled trial,NA,no,20,Mean,SD,8.3,8.48,17,Mean,SD,11.76,8.37,NA,NA,NA,NA,NA,NA,NA,NA,NA,NA,NA,NA,NA,NA,NA
Giannandrea 2018,2,Mindfulness,Control,NA,NA,NA,1,NA,Mindfulness,FFMQ italian,U,Mindfulness,Baseline,Post Intervention,0,0,0,0,Post Intervention,NA,NA,Baseline,Randomized controlled trial,NA,no,20,Mean,SD,134.39,16.98,17,Mean,SD,134.89,15.63,NA,NA,NA,NA,NA,NA,NA,NA,NA,NA,NA,NA,NA,NA,NA
Giannandrea 2018,2,Mindfulness,Control,NA,NA,NA,1,NA,Mindfulness,FFMQ italian,U,Mindfulness,Baseline,Post Intervention,0,0,0,0,Post Intervention,NA,NA,Postintervention,Randomized controlled trial,NA,no,20,Mean,SD,147.65,14.53,17,Mean,SD,139.89,13.99,NA,NA,NA,NA,NA,NA,NA,NA,NA,NA,NA,NA,NA,NA,NA
Glass 2019,2,Mindfulness,Control,NA,NA,NA,1,NA,Anxiety,DASS-21,D,Anxiety,Baseline,Post Intervention,0,0,0,0,Post Intervention,NA,NA,Baseline,Randomized controlled trial,NA,no,23,Mean,SD,4.09,3.36,29,Mean,SD,3.17,2.54,NA,NA,NA,NA,NA,NA,NA,NA,NA,NA,NA,NA,NA,NA,NA
Glass 2019,2,Mindfulness,Control,NA,NA,NA,1,NA,Anxiety,DASS-21,D,Anxiety,Baseline,Post Intervention,0,0,0,0,Post Intervention,NA,NA,Postintervention,Randomized controlled trial,NA,no,23,Mean,SD,3.04,3.66,29,Mean,SD,2.9,2.32,NA,NA,NA,NA,NA,NA,NA,NA,NA,NA,NA,NA,NA,NA,NA
Glass 2019,2,Mindfulness,Control,NA,NA,NA,1,NA,Depression,DASS-21,D,Depression,Baseline,Post Intervention,0,0,0,0,Post Intervention,NA,NA,Baseline,Randomized controlled trial,NA,no,23,Mean,SD,2.48,2.76,29,Mean,SD,2,2.24,NA,NA,NA,NA,NA,NA,NA,NA,NA,NA,NA,NA,NA,NA,NA
Glass 2019,2,Mindfulness,Control,NA,NA,NA,1,NA,Depression,DASS-21,D,Depression,Baseline,Post Intervention,0,0,0,0,Post Intervention,NA,NA,Postintervention,Randomized controlled trial,NA,no,23,Mean,SD,1.91,2.59,29,Mean,SD,3.24,2.9,NA,NA,NA,NA,NA,NA,NA,NA,NA,NA,NA,NA,NA,NA,NA
Glass 2019,2,Mindfulness,Control,NA,NA,NA,1,NA,Stress,DASS-21,D,Distress,Baseline,Post Intervention,0,0,0,0,Post Intervention,NA,NA,Baseline,Randomized controlled trial,NA,no,23,Mean,SD,5.3,3.56,29,Mean,SD,5.28,3.6,NA,NA,NA,NA,NA,NA,NA,NA,NA,NA,NA,NA,NA,NA,NA
Glass 2019,2,Mindfulness,Control,NA,NA,NA,1,NA,Stress,DASS-21,D,Distress,Baseline,Post Intervention,0,0,0,0,Post Intervention,NA,NA,Postintervention,Randomized controlled trial,NA,no,23,Mean,SD,5.39,3.9,29,Mean,SD,5,2.95,NA,NA,NA,NA,NA,NA,NA,NA,NA,NA,NA,NA,NA,NA,NA
Glass 2019,2,Mindfulness,Control,NA,NA,NA,1,NA,Life satisfaction,Satisfaction with Life Scale SWLS,U,Mental wellbeing,Baseline,Post Intervention,0,0,0,0,Post Intervention,NA,NA,Baseline,Randomized controlled trial,NA,no,23,Mean,SD,28.7,3.61,29,Mean,SD,27.31,4.78,NA,NA,NA,NA,NA,NA,NA,NA,NA,NA,NA,NA,NA,NA,NA
Glass 2019,2,Mindfulness,Control,NA,NA,NA,1,NA,Life satisfaction,Satisfaction with Life Scale SWLS,U,Mental wellbeing,Baseline,Post Intervention,0,0,0,0,Post Intervention,NA,NA,Postintervention,Randomized controlled trial,NA,no,23,Mean,SD,28.22,4.02,29,Mean,SD,27.21,4.39,NA,NA,NA,NA,NA,NA,NA,NA,NA,NA,NA,NA,NA,NA,NA
Glass 2019,2,Mindfulness,Control,NA,NA,NA,1,NA,Mindfulness,FFMQ,U,Mindfulness,Baseline,Post Intervention,0,0,0,0,Post Intervention,NA,NA,Baseline,Randomized controlled trial,NA,no,23,Mean,SD,108.57,11.65,29,Mean,SD,114.72,11.28,NA,NA,NA,NA,NA,NA,NA,NA,NA,NA,NA,NA,NA,NA,NA
Glass 2019,2,Mindfulness,Control,NA,NA,NA,1,NA,Mindfulness,FFMQ,U,Mindfulness,Baseline,Post Intervention,0,0,0,0,Post Intervention,NA,NA,Postintervention,Randomized controlled trial,NA,no,23,Mean,SD,105.87,15.13,29,Mean,SD,111.48,13.22,NA,NA,NA,NA,NA,NA,NA,NA,NA,NA,NA,NA,NA,NA,NA
Grandpierre 2013,2,Mindfulness,Control,NA,NA,NA,1,NA,Mind wandering,mind wandering task modified,D,Cognitive functioning,Baseline,Post intervention,0,0,0,0,Post intervention,NA,NA,Baseline,Randomized controlled trial,NA,no,20,Mean,SD,9.25,1.83,20,Mean,SD,9.74,1.76,NA,NA,NA,NA,NA,NA,NA,NA,NA,NA,NA,NA,NA,NA,NA
Grandpierre 2013,2,Mindfulness,Control,NA,NA,NA,1,NA,Mind wandering,mind wandering task modified,D,Cognitive functioning,Baseline,Post intervention,0,0,0,0,Post intervention,NA,NA,Postintervention,Randomized controlled trial,NA,no,20,Mean,SD,8.85,1.81,20,Mean,SD,9.32,1.94,NA,NA,NA,NA,NA,NA,NA,NA,NA,NA,NA,NA,NA,NA,NA
Grandpierre 2013,2,Mindfulness,Control,NA,NA,NA,1,NA,Stress,DASS total (also subscales reported),D,Distress,Baseline,Post-intervention,0,0,0,0,Post-intervention,NA,NA,Baseline,Randomized controlled trial,NA,no,20,Mean,SD,43.5,20.82,20,Mean,SD,44.8,24.04,NA,NA,NA,NA,NA,NA,NA,NA,NA,NA,NA,NA,NA,NA,NA
Grandpierre 2013,2,Mindfulness,Control,NA,NA,NA,1,NA,Stress,DASS total (also subscales reported),D,Distress,Baseline,Post-intervention,0,0,0,0,Post-intervention,NA,NA,Postintervention,Randomized controlled trial,NA,no,20,Mean,SD,37.6,16.64,20,Mean,SD,45.7,25.04,NA,NA,NA,NA,NA,NA,NA,NA,NA,NA,NA,NA,NA,NA,NA
Grandpierre 2013,2,Mindfulness,Control,NA,NA,NA,1,NA,Academic functioning,LASSI subscales,U,Real life functioning,Baseline,Post-intervention,0,0,0,0,Post-intervention,NA,NA,Baseline,Randomized controlled trial,NA,no,20,Mean,SD,17.85,5.69,20,Mean,SD,19.05,5.09,NA,NA,NA,NA,NA,NA,NA,NA,NA,NA,NA,NA,NA,NA,NA
Grandpierre 2013,2,Mindfulness,Control,NA,NA,NA,1,NA,Academic functioning,LASSI subscales,U,Real life functioning,Baseline,Post-intervention,0,0,0,0,Post-intervention,NA,NA,Postintervention,Randomized controlled trial,NA,no,20,Mean,SD,19.8,5.01,20,Mean,SD,17.4,4.63,NA,NA,NA,NA,NA,NA,NA,NA,NA,NA,NA,NA,NA,NA,NA
Greenberg 2010,2,Mindfulness,Control,NA,NA,NA,1,NA,Task switching,Competitor Rule Suppression,D,Cognitive functioning,Baseline,Post Intervention,0,0,0,0,Post Intervention,NA,NA,Baseline,Randomized controlled trial,NA,no,assume 36,Mean,SD,855,39,assume 36,Mean,SD,853,39,NA,NA,NA,NA,NA,NA,NA,NA,NA,NA,NA,NA,NA,NA,NA
Greenberg 2010,2,Mindfulness,Control,NA,NA,NA,1,NA,Task switching,Competitor Rule Suppression,D,Cognitive functioning,Baseline,Post Intervention,0,0,0,0,Post Intervention,NA,NA,Postintervention,Randomized controlled trial,NA,no,32,Mean,SD,645,35,33,Mean,SD,677,35,NA,NA,NA,NA,NA,NA,NA,NA,NA,NA,NA,NA,NA,NA,NA
Greeson 2014,2,Mindfulness,Control,NA,NA,NA,1,NA,Perceived Stress,PSS-10,D,Distress,Baseline,Post intervention,0,0,0,0,Post intervention,NA,NA,Baseline,Randomized controlled trial,NA,no,45,Mean,SD,23.71,5.65,45,Mean,SD,25.66,5.65,NA,NA,NA,NA,NA,NA,NA,NA,NA,NA,NA,NA,NA,NA,NA
Greeson 2014,2,Mindfulness,Control,NA,NA,NA,1,NA,Perceived Stress,PSS-10,D,Distress,Baseline,Post intervention,0,0,0,0,Post intervention,NA,NA,Postintervention,Randomized controlled trial,NA,no,45,Mean,SD,20.43,6.2,45,Mean,SD,25.04,5.96,NA,NA,NA,NA,NA,NA,NA,NA,NA,NA,NA,NA,NA,NA,NA
Greeson 2014,2,Mindfulness,Control,NA,NA,NA,1,NA,Mindfulness,Cognitive and Affective Mindfulness Scale-Revised (CAMS-R),U,Mindfulness,Baseline,Post Intervention,0,0,0,0,Post Intervention,NA,NA,Baseline,Randomized controlled trial,NA,no,45,Mean,SD,28.69,5.63,45,Mean,SD,27.22,5.63,NA,NA,NA,NA,NA,NA,NA,NA,NA,NA,NA,NA,NA,NA,NA
Greeson 2014,2,Mindfulness,Control,NA,NA,NA,1,NA,Mindfulness,Cognitive and Affective Mindfulness Scale-Revised (CAMS-R),U,Mindfulness,Baseline,Post Intervention,0,0,0,0,Post Intervention,NA,NA,Postintervention,Randomized controlled trial,NA,no,45,Mean,SD,33.77,6.06,45,Mean,SD,26.79,5.87,NA,NA,NA,NA,NA,NA,NA,NA,NA,NA,NA,NA,NA,NA,NA
Greeson 2014,2,Mindfulness,Control,NA,NA,NA,1,NA,Sleep,Medical Outcome Study Sleep sub Scale (MOS SLP9),D,Psychosomatic outcomes,Baseline,Post Intervention,0,0,0,0,Post Intervention,NA,NA,Baseline,Randomized controlled trial,NA,no,45,Mean,SD,41.36,16.21,45,Mean,SD,42.91,16.21,NA,NA,NA,NA,NA,NA,NA,NA,NA,NA,NA,NA,NA,NA,NA
Greeson 2014,2,Mindfulness,Control,NA,NA,NA,1,NA,Sleep,Medical Outcome Study Sleep sub Scale (MOS SLP9),D,Psychosomatic outcomes,Baseline,Post Intervention,0,0,0,0,Post Intervention,NA,NA,Postintervention,Randomized controlled trial,NA,no,45,Mean,SD,32.52,18.06,45,Mean,SD,42.84,17.23,NA,NA,NA,NA,NA,NA,NA,NA,NA,NA,NA,NA,NA,NA,NA
Greeson 2014,2,Mindfulness,Control,NA,NA,NA,1,NA,Self-compassion,SCS-26,U,Relationship with self,Baseline,Post Intervention,0,0,0,0,Post Intervention,NA,NA,Baseline,Randomized controlled trial,NA,no,45,Mean,SD,2.73,0.66,45,Mean,SD,2.61,0.66,NA,NA,NA,NA,NA,NA,NA,NA,NA,NA,NA,NA,NA,NA,NA
Greeson 2014,2,Mindfulness,Control,NA,NA,NA,1,NA,Self-compassion,SCS-26,U,Relationship with self,Baseline,Post Intervention,0,0,0,0,Post Intervention,NA,NA,Postintervention,Randomized controlled trial,NA,no,45,Mean,SD,3.25,0.7,45,Mean,SD,2.62,0.68,NA,NA,NA,NA,NA,NA,NA,NA,NA,NA,NA,NA,NA,NA,NA
Haarig 2016,2,Mindfulness,Control,NA,NA,NA,1,NA,Depression,BDI-II,D,Depression,Baseline,Post-intervention,3 months post intervention,0,0,0,Post-intervention,3 months post intervention,NA,1-6months,Randomized controlled trial,NA,no,14,Mean,SD,7.1,6.8,14,Mean,SD,15.6,10.5,NA,NA,NA,NA,NA,NA,NA,NA,NA,NA,NA,NA,NA,NA,NA
Haarig 2016,2,Mindfulness,Control,NA,NA,NA,1,NA,Depression,BDI-II,D,Depression,Baseline,Post-intervention,3 months post intervention,0,0,0,Post-intervention,3 months post intervention,NA,Baseline,Randomized controlled trial,NA,no,14,Mean,SD,13.7,6.8,14,Mean,SD,15.1,11.2,NA,NA,NA,NA,NA,NA,NA,NA,NA,NA,NA,NA,NA,NA,NA
Haarig 2016,2,Mindfulness,Control,NA,NA,NA,1,NA,Depression,BDI-II,D,Depression,Baseline,Post-intervention,3 months post intervention,0,0,0,Post-intervention,3 months post intervention,NA,Postintervention,Randomized controlled trial,NA,no,14,Mean,SD,7.3,7.1,14,Mean,SD,17.6,13.4,NA,NA,NA,NA,NA,NA,NA,NA,NA,NA,NA,NA,NA,NA,NA
Haarig 2016,2,Mindfulness,Control,NA,NA,NA,1,NA,mindfulness,FFMQ-D German version,U,Mindfulness,pre,post intervention,3 months post intervention,0,0,0,post intervention,3 months post intervention,NA,1-6months,Randomized controlled trial,NA,no,14,Mean,SD,135,16.8,14,Mean,SD,118.4,24.7,NA,NA,NA,NA,NA,NA,NA,NA,NA,NA,NA,NA,NA,NA,NA
Haarig 2016,2,Mindfulness,Control,NA,NA,NA,1,NA,mindfulness,FFMQ-D German version,U,Mindfulness,pre,post intervention,3 months post intervention,0,0,0,post intervention,3 months post intervention,NA,Baseline,Randomized controlled trial,NA,no,14,Mean,SD,126.4,18.9,14,Mean,SD,118.1,24.9,NA,NA,NA,NA,NA,NA,NA,NA,NA,NA,NA,NA,NA,NA,NA
Haarig 2016,2,Mindfulness,Control,NA,NA,NA,1,NA,mindfulness,FFMQ-D German version,U,Mindfulness,pre,post intervention,3 months post intervention,0,0,0,post intervention,3 months post intervention,NA,Postintervention,Randomized controlled trial,NA,no,14,Mean,SD,137.4,14.5,14,Mean,SD,116.29,24.7,NA,NA,NA,NA,NA,NA,NA,NA,NA,NA,NA,NA,NA,NA,NA
Haarig 2016,2,Mindfulness,Control,NA,NA,NA,1,NA,Coping with stress- SVF -78 (German scale validated for functional and disfunctional coping subscales),,D,Real life functioning,Baseline,Post intervention,3 months post intervention,0,0,0,Post intervention,3 months post intervention,NA,1-6months,Randomized controlled trial,NA,no,14,Mean,SD,48.9,8.3,14,Mean,SD,60.8,12.7,NA,NA,NA,NA,NA,NA,NA,NA,NA,NA,NA,NA,NA,NA,NA
Haarig 2016,2,Mindfulness,Control,NA,NA,NA,1,NA,Coping with stress- SVF -78 (German scale validated for functional and disfunctional coping subscales),,D,Real life functioning,Baseline,Post intervention,3 months post intervention,0,0,0,Post intervention,3 months post intervention,NA,Baseline,Randomized controlled trial,NA,no,14,Mean,SD,56.2,12,14,Mean,SD,62.2,12.2,NA,NA,NA,NA,NA,NA,NA,NA,NA,NA,NA,NA,NA,NA,NA
Haarig 2016,2,Mindfulness,Control,NA,NA,NA,1,NA,Coping with stress- SVF -78 (German scale validated for functional and disfunctional coping subscales),,D,Real life functioning,Baseline,Post intervention,3 months post intervention,0,0,0,Post intervention,3 months post intervention,NA,Postintervention,Randomized controlled trial,NA,no,14,Mean,SD,48.7,8.7,14,Mean,SD,62.1,12.6,NA,NA,NA,NA,NA,NA,NA,NA,NA,NA,NA,NA,NA,NA,NA
Huang 2015,2,Mindfulness,Control,NA,NA,NA,1,NA,Perceived Stress Scale,,D,Distress,Pre-intervention,Mid-intervention,Completion of intervention,Four weeks after intervention,Eight weeks after intervention,0,Completion of intervention,Eight weeks after intervention,NA,1-6months,Randomized controlled trial,NA,no,72,Mean,SD,10.8,5.4,72,Mean,SD,13.3,6.2,NA,NA,NA,NA,NA,NA,NA,NA,NA,NA,NA,NA,NA,NA,NA
Huang 2015,2,Mindfulness,Control,NA,NA,NA,1,NA,Perceived Stress Scale,,D,Distress,Pre-intervention,Mid-intervention,Completion of intervention,Four weeks after intervention,Eight weeks after intervention,0,Completion of intervention,Eight weeks after intervention,NA,Baseline,Randomized controlled trial,NA,no,72,Mean,SD,15.4,5.5,72,Mean,SD,15.1,5.4,NA,NA,NA,NA,NA,NA,NA,NA,NA,NA,NA,NA,NA,NA,NA
Huang 2015,2,Mindfulness,Control,NA,NA,NA,1,NA,Perceived Stress Scale,,D,Distress,Pre-intervention,Mid-intervention,Completion of intervention,Four weeks after intervention,Eight weeks after intervention,0,Completion of intervention,Eight weeks after intervention,NA,Postintervention,Randomized controlled trial,NA,no,72,Mean,SD,9.1,5.4,72,Mean,SD,13.7,6.7,NA,NA,NA,NA,NA,NA,NA,NA,NA,NA,NA,NA,NA,NA,NA
Hwang 2019,2,Mindfulness,Control,NA,NA,NA,1,NA,Perceived Stress,PSS-10,D,Distress,Baseline,Post Intervention,6-week post int follow-up,0,0,0,Post Intervention,6-week post int follow-up,NA,1-6months,Cluster randomized controlled trial,NR,no,55,Mean,SD,29.59,3.81,69,Mean,SD,31.33,3.9,NA,NA,NA,NA,NA,NA,NA,NA,NA,NA,NA,NA,NA,NA,NA
Hwang 2019,2,Mindfulness,Control,NA,NA,NA,1,NA,Perceived Stress,PSS-10,D,Distress,Baseline,Post Intervention,6-week post int follow-up,0,0,0,Post Intervention,6-week post int follow-up,NA,Baseline,Cluster randomized controlled trial,NR,no,85,Mean,SD,31.22,3.46,100,Mean,SD,31.16,3.22,NA,NA,NA,NA,NA,NA,NA,NA,NA,NA,NA,NA,NA,NA,NA
Hwang 2019,2,Mindfulness,Control,NA,NA,NA,1,NA,Perceived Stress,PSS-10,D,Distress,Baseline,Post Intervention,6-week post int follow-up,0,0,0,Post Intervention,6-week post int follow-up,NA,Postintervention,Cluster randomized controlled trial,NR,no,83,Mean,SD,28.96,4.75,83,Mean,SD,30.67,3.69,NA,NA,NA,NA,NA,NA,NA,NA,NA,NA,NA,NA,NA,NA,NA
Hwang 2019,2,Mindfulness,Control,NA,NA,NA,1,NA,Mindfulness,FFMQ,U,Mindfulness,Baseline,Post Intervention,6-week post int follow-up,0,0,0,Post Intervention,6-week post int follow-up,NA,1-6months,Cluster randomized controlled trial,NR,no,55,Mean,SD,54.66,4.89,69,Mean,SD,53.35,4.45,NA,NA,NA,NA,NA,NA,NA,NA,NA,NA,NA,NA,NA,NA,NA
Hwang 2019,2,Mindfulness,Control,NA,NA,NA,1,NA,Mindfulness,FFMQ,U,Mindfulness,Baseline,Post Intervention,6-week post int follow-up,0,0,0,Post Intervention,6-week post int follow-up,NA,Baseline,Cluster randomized controlled trial,NR,no,85,Mean,SD,52.89,4.14,100,Mean,SD,54.08,4.48,NA,NA,NA,NA,NA,NA,NA,NA,NA,NA,NA,NA,NA,NA,NA
Hwang 2019,2,Mindfulness,Control,NA,NA,NA,1,NA,Mindfulness,FFMQ,U,Mindfulness,Baseline,Post Intervention,6-week post int follow-up,0,0,0,Post Intervention,6-week post int follow-up,NA,Postintervention,Cluster randomized controlled trial,NR,no,83,Mean,SD,54.75,4.6,83,Mean,SD,53.48,3.62,NA,NA,NA,NA,NA,NA,NA,NA,NA,NA,NA,NA,NA,NA,NA
Hwang 2019,2,Mindfulness,Control,NA,NA,NA,1,NA,Sleep,PSQI,D,Psychosomatic outcomes,Baseline,Post Intervention,6-week post int follow-up,0,0,0,Post Intervention,6-week post int follow-up,NA,1-6months,Cluster randomized controlled trial,NR,no,55,Mean,SD,12,5.66,69,Mean,SD,13.84,6.67,NA,NA,NA,NA,NA,NA,NA,NA,NA,NA,NA,NA,NA,NA,NA
Hwang 2019,2,Mindfulness,Control,NA,NA,NA,1,NA,Sleep,PSQI,D,Psychosomatic outcomes,Baseline,Post Intervention,6-week post int follow-up,0,0,0,Post Intervention,6-week post int follow-up,NA,Baseline,Cluster randomized controlled trial,NR,no,85,Mean,SD,12.45,5.29,100,Mean,SD,13.52,6.82,NA,NA,NA,NA,NA,NA,NA,NA,NA,NA,NA,NA,NA,NA,NA
Hwang 2019,2,Mindfulness,Control,NA,NA,NA,1,NA,Sleep,PSQI,D,Psychosomatic outcomes,Baseline,Post Intervention,6-week post int follow-up,0,0,0,Post Intervention,6-week post int follow-up,NA,Postintervention,Randomized controlled trial,NA,no,83,Mean,SD,11.09,5.42,83,Mean,SD,15.73,14.35,NA,NA,NA,NA,NA,NA,NA,NA,NA,NA,NA,NA,NA,NA,NA
Hwang 2019,2,Mindfulness,Control,NA,NA,NA,1,NA,Teacher Efficacy,Teachers’ Sense of Efficacy Scale (TSES)-Short Form,U,Real life functioning,Baseline,Post Intervention,6-week post int follow-up,0,0,0,Post Intervention,6-week post int follow-up,NA,1-6months,Cluster randomized controlled trial,NR,no,55,Mean,SD,21.04,3.29,69,Mean,SD,22.25,3.58,NA,NA,NA,NA,NA,NA,NA,NA,NA,NA,NA,NA,NA,NA,NA
Hwang 2019,2,Mindfulness,Control,NA,NA,NA,1,NA,Teacher Efficacy,Teachers’ Sense of Efficacy Scale (TSES)-Short Form,U,Real life functioning,Baseline,Post Intervention,6-week post int follow-up,0,0,0,Post Intervention,6-week post int follow-up,NA,Baseline,Cluster randomized controlled trial,NR,no,85,Mean,SD,20.56,3.74,100,Mean,SD,21.91,3.05,NA,NA,NA,NA,NA,NA,NA,NA,NA,NA,NA,NA,NA,NA,NA
Hwang 2019,2,Mindfulness,Control,NA,NA,NA,1,NA,Teacher Efficacy,Teachers’ Sense of Efficacy Scale (TSES)-Short Form,U,Real life functioning,Baseline,Post Intervention,6-week post int follow-up,0,0,0,Post Intervention,6-week post int follow-up,NA,Postintervention,Randomized controlled trial,NA,no,83,Mean,SD,21.82,2.88,83,Mean,SD,22.57,3.32,NA,NA,NA,NA,NA,NA,NA,NA,NA,NA,NA,NA,NA,NA,NA
Hwang 2019,2,Mindfulness,Control,NA,NA,NA,1,NA,Self-compassion,SCS-12,U,Relationship with self,Baseline,Post Intervention,6-week post int follow-up,0,0,0,Post Intervention,6-week post int follow-up,NA,1-6months,Cluster randomized controlled trial,NR,no,55,Mean,SD,3.24,0.61,69,Mean,SD,3.09,0.75,NA,NA,NA,NA,NA,NA,NA,NA,NA,NA,NA,NA,NA,NA,NA
Hwang 2019,2,Mindfulness,Control,NA,NA,NA,1,NA,Self-compassion,SCS-12,U,Relationship with self,Baseline,Post Intervention,6-week post int follow-up,0,0,0,Post Intervention,6-week post int follow-up,NA,Baseline,Cluster randomized controlled trial,NR,no,85,Mean,SD,2.9,0.68,100,Mean,SD,2.89,0.7,NA,NA,NA,NA,NA,NA,NA,NA,NA,NA,NA,NA,NA,NA,NA
Hwang 2019,2,Mindfulness,Control,NA,NA,NA,1,NA,Self-compassion,SCS-12,U,Relationship with self,Baseline,Post Intervention,6-week post int follow-up,0,0,0,Post Intervention,6-week post int follow-up,NA,Postintervention,Randomized controlled trial,NA,no,83,Mean,SD,3.22,0.7,83,Mean,SD,3.01,0.66,NA,NA,NA,NA,NA,NA,NA,NA,NA,NA,NA,NA,NA,NA,NA
Kang 2009,2,Mindfulness,Control,NA,NA,NA,1,NA,Depression,BDI Korean,D,Depression,Baseline,Post intervention,0,0,0,0,Post intervention,NA,NA,Baseline,Randomized controlled trial,NA,no,16,Mean,SD,9.93,5.25,	 16,Mean,SD,6.92,5.15,NA,NA,NA,NA,NA,NA,NA,NA,NA,NA,NA,NA,NA,NA,NA
Kang 2009,2,Mindfulness,Control,NA,NA,NA,1,NA,Depression,BDI Korean,D,Depression,Baseline,Post intervention,0,0,0,0,Post intervention,NA,NA,Postintervention,Randomized controlled trial,NA,no,16,Mean,SD,4.56,3.42,	 16,Mean,SD,7.88,5.73,NA,NA,NA,NA,NA,NA,NA,NA,NA,NA,NA,NA,NA,NA,NA
Kang 2009,2,Mindfulness,Control,NA,NA,NA,1,NA,Stress,psychosocial wellbeing index-short form (PWI-SF),U,Distress,Baseline,Post intervention,0,0,0,0,Post intervention,NA,NA,Baseline,Randomized controlled trial,NA,no,16,Mean,SD,23.69,5.12,16,Mean,SD,19.5,5.7,NA,NA,NA,NA,NA,NA,NA,NA,NA,NA,NA,NA,NA,NA,NA
Kang 2009,2,Mindfulness,Control,NA,NA,NA,1,NA,Stress,psychosocial wellbeing index-short form (PWI-SF),U,Distress,Baseline,Post intervention,0,0,0,0,Post intervention,NA,NA,Postintervention,Randomized controlled trial,NA,no,16,Mean,SD,17.27,5.18,16,Mean,SD,21.4,7.47,NA,NA,NA,NA,NA,NA,NA,NA,NA,NA,NA,NA,NA,NA,NA
Kaviani 2008,2,Mindfulness,Control,NA,NA,NA,1,NA,Anxiety,BAI,D,Anxiety,Baseline,Post Intervention,one-month post int follow up,6 month follow up,0,0,Post Intervention,6 month follow up,NA,1-6months,Randomized controlled trial,NA,no,14,Mean,SD,11.34,3.2,15,Mean,SD,19.87,4.1,NA,NA,NA,NA,NA,NA,NA,NA,NA,NA,NA,NA,NA,NA,NA
Kaviani 2008,2,Mindfulness,Control,NA,NA,NA,1,NA,Anxiety,BAI,D,Anxiety,Baseline,Post Intervention,one-month post int follow up,6 month follow up,0,0,Post Intervention,6 month follow up,NA,Baseline,Randomized controlled trial,NA,no,14,Mean,SD,22.1,4.3,15,Mean,SD,21,3.4,NA,NA,NA,NA,NA,NA,NA,NA,NA,NA,NA,NA,NA,NA,NA
Kaviani 2008,2,Mindfulness,Control,NA,NA,NA,1,NA,Anxiety,BAI,D,Anxiety,Baseline,Post Intervention,one-month post int follow up,6 month follow up,0,0,Post Intervention,6 month follow up,NA,Postintervention,Randomized controlled trial,NA,no,14,Mean,SD,12.98,2.9,15,Mean,SD,21.43,3.7,NA,NA,NA,NA,NA,NA,NA,NA,NA,NA,NA,NA,NA,NA,NA
Kaviani 2008,2,Mindfulness,Control,NA,NA,NA,1,NA,Depression,BDI,D,Depression,Baseline,Post Intervention,one-month post int follow up,6 month post int follow up,0,0,Post Intervention,6 month post int follow up,NA,1-6months,Randomized controlled trial,NA,no,14,Mean,SD,10.23,3.9,15,Mean,SD,20.34,5.5,NA,NA,NA,NA,NA,NA,NA,NA,NA,NA,NA,NA,NA,NA,NA
Kaviani 2008,2,Mindfulness,Control,NA,NA,NA,1,NA,Depression,BDI,D,Depression,Baseline,Post Intervention,one-month post int follow up,6 month post int follow up,0,0,Post Intervention,6 month post int follow up,NA,Baseline,Randomized controlled trial,NA,no,14,Mean,SD,20.55,5.2,15,Mean,SD,21.09,3.7,NA,NA,NA,NA,NA,NA,NA,NA,NA,NA,NA,NA,NA,NA,NA
Kaviani 2008,2,Mindfulness,Control,NA,NA,NA,1,NA,Depression,BDI,D,Depression,Baseline,Post Intervention,one-month post int follow up,6 month post int follow up,0,0,Post Intervention,6 month post int follow up,NA,Postintervention,Randomized controlled trial,NA,no,14,Mean,SD,15.98,4,15,Mean,SD,18.21,2.9,NA,NA,NA,NA,NA,NA,NA,NA,NA,NA,NA,NA,NA,NA,NA
Klatt 2009,2,Mindfulness,Control,NA,NA,NA,1,NA,Perceived Stress Scale,,D,Distress,Baseline,Post intervention,change values,0,0,0,Post intervention,NA,NA,Baseline,Randomized controlled trial,NA,no,22,Mean,SE,28.09,1.19,20,Mean,SE,26.2,1.3,NA,NA,NA,NA,NA,NA,NA,NA,NA,NA,NA,NA,NA,NA,NA
Klatt 2009,2,Mindfulness,Control,NA,NA,NA,1,NA,Perceived Stress Scale,,D,Distress,Baseline,Post intervention,change values,0,0,0,Post intervention,NA,NA,Change_pi,Randomized controlled trial,NA,no,22,Mean,SE,3.09,0.9,20,Mean,SE,0.65,0.86,NA,NA,NA,NA,NA,NA,NA,NA,NA,NA,NA,NA,NA,NA,NA
Klatt 2009,2,Mindfulness,Control,NA,NA,NA,1,NA,Perceived Stress Scale,,D,Distress,Baseline,Post intervention,change values,0,0,0,Post intervention,NA,NA,Postintervention,Randomized controlled trial,NA,no,22,Mean,SE,25,0.96,20,Mean,SE,25.55,1.46,NA,NA,NA,NA,NA,NA,NA,NA,NA,NA,NA,NA,NA,NA,NA
Klatt 2009,2,Mindfulness,Control,NA,NA,NA,1,NA,Mindfulness,MAAS,U,Mindfulness,Baseline,Post Intervention,change values,0,0,0,Post Intervention,NA,NA,Baseline,Randomized controlled trial,NA,no,22,Mean,SE,55.14,2.9,20,Mean,SE,63.15,3.08,NA,NA,NA,NA,NA,NA,NA,NA,NA,NA,NA,NA,NA,NA,NA
Klatt 2009,2,Mindfulness,Control,NA,NA,NA,1,NA,Mindfulness,MAAS,U,Mindfulness,Baseline,Post Intervention,change values,0,0,0,Post Intervention,NA,NA,Change_pi,Randomized controlled trial,NA,no,22,Mean,SE,-5.36,2.02,20,Mean,SE,-0.55,1.57,NA,NA,NA,NA,NA,NA,NA,NA,NA,NA,NA,NA,NA,NA,NA
Klatt 2009,2,Mindfulness,Control,NA,NA,NA,1,NA,Mindfulness,MAAS,U,Mindfulness,Baseline,Post Intervention,change values,0,0,0,Post Intervention,NA,NA,Postintervention,Randomized controlled trial,NA,no,22,Mean,SE,60.5,2.65,20,Mean,SE,63.7,2.57,NA,NA,NA,NA,NA,NA,NA,NA,NA,NA,NA,NA,NA,NA,NA
Klatt 2009,2,Mindfulness,Control,NA,NA,NA,1,NA,Sleep,PSQI,D,Psychosomatic outcomes,Baseline,Post Intervention,change values,0,0,0,Post Intervention,NA,NA,Baseline,Randomized controlled trial,NA,no,22,Mean,SE,6.73,0.69,20,Mean,SE,6.68,0.67,NA,NA,NA,NA,NA,NA,NA,NA,NA,NA,NA,NA,NA,NA,NA
Klatt 2009,2,Mindfulness,Control,NA,NA,NA,1,NA,Sleep,PSQI,D,Psychosomatic outcomes,Baseline,Post Intervention,change values,0,0,0,Post Intervention,NA,NA,Change_pi,Randomized controlled trial,NA,no,22,Mean,SE,1.73,0.48,20,Mean,SE,1.18,0.39,NA,NA,NA,NA,NA,NA,NA,NA,NA,NA,NA,NA,NA,NA,NA
Klatt 2009,2,Mindfulness,Control,NA,NA,NA,1,NA,Sleep,PSQI,D,Psychosomatic outcomes,Baseline,Post Intervention,change values,0,0,0,Post Intervention,NA,NA,Postintervention,Randomized controlled trial,NA,no,22,Mean,SE,5,0.46,20,Mean,SE,5.5,0.68,NA,NA,NA,NA,NA,NA,NA,NA,NA,NA,NA,NA,NA,NA,NA
Klatt 2017,2,Mindfulness,Control,NA,NA,NA,1,NA,Perceived Stress,PSS,D,Distress,Baseline,Post Intervention,0,0,0,0,Post Intervention,NA,NA,Baseline,Randomized controlled trial,NA,no,27,Mean,SD,19,5.46,30,Mean,SD,16.23,6.78,NA,NA,NA,NA,NA,NA,NA,NA,NA,NA,NA,NA,NA,NA,NA
Klatt 2017,2,Mindfulness,Control,NA,NA,NA,1,NA,Perceived Stress,PSS,D,Distress,Baseline,Post Intervention,0,0,0,0,Post Intervention,NA,NA,Postintervention,Randomized controlled trial,NA,no,27,Mean,SD,14.07,4.92,30,Mean,SD,16.17,7.39,NA,NA,NA,NA,NA,NA,NA,NA,NA,NA,NA,NA,NA,NA,NA
Klatt 2017,2,Mindfulness,Control,NA,NA,NA,1,NA,Sleep,PSQI,D,Psychosomatic outcomes,Baseline,Post Intervention,0,0,0,0,Post Intervention,NA,NA,Baseline,Randomized controlled trial,NA,no,27,Mean,SD,5.93,1.8,30,Mean,SD,5.13,2.28,NA,NA,NA,NA,NA,NA,NA,NA,NA,NA,NA,NA,NA,NA,NA
Klatt 2017,2,Mindfulness,Control,NA,NA,NA,1,NA,Sleep,PSQI,D,Psychosomatic outcomes,Baseline,Post Intervention,0,0,0,0,Post Intervention,NA,NA,Postintervention,Randomized controlled trial,NA,no,27,Mean,SD,3.89,1.6,30,Mean,SD,4.83,2.67,NA,NA,NA,NA,NA,NA,NA,NA,NA,NA,NA,NA,NA,NA,NA
Klatt 2017,2,Mindfulness,Control,NA,NA,NA,1,NA,Work engagement,Utrecht Work Engagement Scale,U,Real life functioning,Baseline,Post Intervention,0,0,0,0,Post Intervention,NA,NA,Baseline,Randomized controlled trial,NA,no,26,Mean,SD,4.55,0.76,30,Mean,SD,4.59,0.68,NA,NA,NA,NA,NA,NA,NA,NA,NA,NA,NA,NA,NA,NA,NA
Klatt 2017,2,Mindfulness,Control,NA,NA,NA,1,NA,Work engagement,Utrecht Work Engagement Scale,U,Real life functioning,Baseline,Post Intervention,0,0,0,0,Post Intervention,NA,NA,Postintervention,Randomized controlled trial,NA,no,26,Mean,SD,4.71,0.78,30,Mean,SD,4.57,0.66,NA,NA,NA,NA,NA,NA,NA,NA,NA,NA,NA,NA,NA,NA,NA
Kor 2019,2,Mindfulness,Control,NA,NA,NA,1,NA,Anxiety,HADS A Chinese,D,Anxiety,Baseline,Post Intervention,3-month post int follow-up,0,0,0,Post Intervention,3-month post int follow-up,NA,1-6months,Randomized controlled trial,NA,no,18,Mean,SD,8.94,3.49,18,Mean,SD,7.33,2.89,NA,NA,NA,NA,NA,NA,NA,NA,NA,NA,NA,NA,NA,NA,NA
Kor 2019,2,Mindfulness,Control,NA,NA,NA,1,NA,Anxiety,HADS A Chinese,D,Anxiety,Baseline,Post Intervention,3-month post int follow-up,0,0,0,Post Intervention,3-month post int follow-up,NA,Baseline,Randomized controlled trial,NA,no,18,Mean,SD,9.89,5.66,18,Mean,SD,7.44,4.25,NA,NA,NA,NA,NA,NA,NA,NA,NA,NA,NA,NA,NA,NA,NA
Kor 2019,2,Mindfulness,Control,NA,NA,NA,1,NA,Anxiety,HADS A Chinese,D,Anxiety,Baseline,Post Intervention,3-month post int follow-up,0,0,0,Post Intervention,3-month post int follow-up,NA,Postintervention,Randomized controlled trial,NA,no,18,Mean,SD,7.5,4.46,18,Mean,SD,8.06,2.58,NA,NA,NA,NA,NA,NA,NA,NA,NA,NA,NA,NA,NA,NA,NA
Kor 2019,2,Mindfulness,Control,NA,NA,NA,1,NA,Depression,CES-D Chinese,D,Depression,Baseline,Post Intervention,3-month post int follow-up,0,0,0,Post Intervention,3-month post int follow-up,NA,1-6months,Randomized controlled trial,NA,no,18,Mean,SD,17.78,10,18,Mean,SD,21.56,11.81,NA,NA,NA,NA,NA,NA,NA,NA,NA,NA,NA,NA,NA,NA,NA
Kor 2019,2,Mindfulness,Control,NA,NA,NA,1,NA,Depression,CES-D Chinese,D,Depression,Baseline,Post Intervention,3-month post int follow-up,0,0,0,Post Intervention,3-month post int follow-up,NA,Baseline,Randomized controlled trial,NA,no,18,Mean,SD,23.44,14.58,18,Mean,SD,19,12.44,NA,NA,NA,NA,NA,NA,NA,NA,NA,NA,NA,NA,NA,NA,NA
Kor 2019,2,Mindfulness,Control,NA,NA,NA,1,NA,Depression,CES-D Chinese,D,Depression,Baseline,Post Intervention,3-month post int follow-up,0,0,0,Post Intervention,3-month post int follow-up,NA,Postintervention,Randomized controlled trial,NA,no,18,Mean,SD,15.11,12.17,18,Mean,SD,18.28,10.45,NA,NA,NA,NA,NA,NA,NA,NA,NA,NA,NA,NA,NA,NA,NA
Kor 2019,2,Mindfulness,Control,NA,NA,NA,1,NA,Perceived stress,PSS Chinese,D,Distress,Baseline,Post Intervention,3-month post int follow-up,0,0,0,Post Intervention,3-month post int follow-up,NA,1-6months,Randomized controlled trial,NA,no,18,Mean,SD,23.28,7.36,18,Mean,SD,27.56,4.6,NA,NA,NA,NA,NA,NA,NA,NA,NA,NA,NA,NA,NA,NA,NA
Kor 2019,2,Mindfulness,Control,NA,NA,NA,1,NA,Perceived stress,PSS Chinese,D,Distress,Baseline,Post Intervention,3-month post int follow-up,0,0,0,Post Intervention,3-month post int follow-up,NA,Baseline,Randomized controlled trial,NA,no,18,Mean,SD,29.22,9.1,18,Mean,SD,26.83,5.64,NA,NA,NA,NA,NA,NA,NA,NA,NA,NA,NA,NA,NA,NA,NA
Kor 2019,2,Mindfulness,Control,NA,NA,NA,1,NA,Perceived stress,PSS Chinese,D,Distress,Baseline,Post Intervention,3-month post int follow-up,0,0,0,Post Intervention,3-month post int follow-up,NA,Postintervention,Randomized controlled trial,NA,no,18,Mean,SD,24.1,8.12,18,Mean,SD,25.89,5.23,NA,NA,NA,NA,NA,NA,NA,NA,NA,NA,NA,NA,NA,NA,NA
Kor 2019,2,Mindfulness,Control,NA,NA,NA,1,NA,Caregiver burden,Zarit Burden Interview Chinese,D,Real life functioning,Baseline,Post Intervention,3-month post int follow-up,0,0,0,Post Intervention,3-month post int follow-up,NA,1-6months,Randomized controlled trial,NA,no,18,Mean,SD,31.94,12.55,18,Mean,SD,43.07,11.75,NA,NA,NA,NA,NA,NA,NA,NA,NA,NA,NA,NA,NA,NA,NA
Kor 2019,2,Mindfulness,Control,NA,NA,NA,1,NA,Caregiver burden,Zarit Burden Interview Chinese,D,Real life functioning,Baseline,Post Intervention,3-month post int follow-up,0,0,0,Post Intervention,3-month post int follow-up,NA,Baseline,Randomized controlled trial,NA,no,18,Mean,SD,44.22,17.78,18,Mean,SD,43.39,13.54,NA,NA,NA,NA,NA,NA,NA,NA,NA,NA,NA,NA,NA,NA,NA
Kor 2019,2,Mindfulness,Control,NA,NA,NA,1,NA,Caregiver burden,Zarit Burden Interview Chinese,D,Real life functioning,Baseline,Post Intervention,3-month post int follow-up,0,0,0,Post Intervention,3-month post int follow-up,NA,Postintervention,Randomized controlled trial,NA,no,18,Mean,SD,37.17,16.57,18,Mean,SD,40.72,14.15,NA,NA,NA,NA,NA,NA,NA,NA,NA,NA,NA,NA,NA,NA,NA
Krick 2019,2,Mindfulness,Control,NA,NA,NA,1,NA,Negative affect,PANASX-N past few weeks,D,Distress,Baseline,Post Intervention,0,0,0,0,Post Intervention,NA,NA,Baseline,Randomized controlled trial,NA,no,126,Mean,SD,2,0.79,141,Mean,SD,2.02,0.76,NA,NA,NA,NA,NA,NA,NA,NA,NA,NA,NA,NA,NA,NA,NA
Krick 2019,2,Mindfulness,Control,NA,NA,NA,1,NA,Negative affect,PANASX-N past few weeks,D,Distress,Baseline,Post Intervention,0,0,0,0,Post Intervention,NA,NA,Postintervention,Randomized controlled trial,NA,no,126,Mean,SD,1.62,0.51,141,Mean,SD,2.12,0.72,NA,NA,NA,NA,NA,NA,NA,NA,NA,NA,NA,NA,NA,NA,NA
Krick 2019,2,Mindfulness,Control,NA,NA,NA,1,NA,Mindfulness,FFMQ German validation,U,Mindfulness,Baseline,Post Intervention,0,0,0,0,Post Intervention,NA,NA,Baseline,Randomized controlled trial,NA,no,126,Mean,SD,3.2,0.4,141,Mean,SD,3.23,0.43,NA,NA,NA,NA,NA,NA,NA,NA,NA,NA,NA,NA,NA,NA,NA
Krick 2019,2,Mindfulness,Control,NA,NA,NA,1,NA,Mindfulness,FFMQ German validation,U,Mindfulness,Baseline,Post Intervention,0,0,0,0,Post Intervention,NA,NA,Postintervention,Randomized controlled trial,NA,no,126,Mean,SD,3.71,0.41,141,Mean,SD,3.23,0.42,NA,NA,NA,NA,NA,NA,NA,NA,NA,NA,NA,NA,NA,NA,NA
Krick 2019,2,Mindfulness,Control,NA,NA,NA,1,NA,Self-care,Health-oriented Leadership instrument,U,Relationship with self,Baseline,Post Intervention,0,0,0,0,Post Intervention,NA,NA,Baseline,Randomized controlled trial,NA,no,126,Mean,SD,3.26,0.44,141,Mean,SD,3.28,0.43,NA,NA,NA,NA,NA,NA,NA,NA,NA,NA,NA,NA,NA,NA,NA
Krick 2019,2,Mindfulness,Control,NA,NA,NA,1,NA,Self-care,Health-oriented Leadership instrument,U,Relationship with self,Baseline,Post Intervention,0,0,0,0,Post Intervention,NA,NA,Postintervention,Randomized controlled trial,NA,no,126,Mean,SD,4.23,0.32,141,Mean,SD,3.3,0.34,NA,NA,NA,NA,NA,NA,NA,NA,NA,NA,NA,NA,NA,NA,NA
Lacerda 2018,2,Mindfulness,Control,NA,NA,NA,1,NA,Anxiety,BAI,D,Anxiety,Baseline,Post Intervention,0,0,0,0,Post Intervention,NA,NA,Baseline,Randomized controlled trial,NA,no,22,Mean,SE,11.4,1.69,22,Mean,SE,12.07,1.52,NA,NA,NA,NA,NA,NA,NA,NA,NA,NA,NA,NA,NA,NA,NA
Lacerda 2018,2,Mindfulness,Control,NA,NA,NA,1,NA,Anxiety,BAI,D,Anxiety,Baseline,Post Intervention,0,0,0,0,Post Intervention,NA,NA,Postintervention,Randomized controlled trial,NA,no,22,Mean,SE,5.4,1.56,22,Mean,SE,12.1,1.4,NA,NA,NA,NA,NA,NA,NA,NA,NA,NA,NA,NA,NA,NA,NA
Lacerda 2018,2,Mindfulness,Control,NA,NA,NA,1,NA,Processing speed,Digit-Symbol (DS WAIS- III),U,Cognitive functioning,Baseline,Post Intervention,0,0,0,0,Post Intervention,NA,NA,Baseline,Randomized controlled trial,NA,no,22,Mean,SE,62.92,3.8,22,Mean,SE,68.26,3.41,NA,NA,NA,NA,NA,NA,NA,NA,NA,NA,NA,NA,NA,NA,NA
Lacerda 2018,2,Mindfulness,Control,NA,NA,NA,1,NA,Processing speed,Digit-Symbol (DS WAIS- III),U,Cognitive functioning,Baseline,Post Intervention,0,0,0,0,Post Intervention,NA,NA,Postintervention,Randomized controlled trial,NA,no,22,Mean,SE,73.96,3.71,22,Mean,SE,69.19,3.34,NA,NA,NA,NA,NA,NA,NA,NA,NA,NA,NA,NA,NA,NA,NA
Lacerda 2018,2,Mindfulness,Control,NA,NA,NA,1,NA,Depression,BDI,D,Depression,Baseline,Post Intervention,0,0,0,0,Post Intervention,NA,NA,Baseline,Randomized controlled trial,NA,no,22,Mean,SE,12.28,1.6,22,Mean,SE,12.16,1.43,NA,NA,NA,NA,NA,NA,NA,NA,NA,NA,NA,NA,NA,NA,NA
Lacerda 2018,2,Mindfulness,Control,NA,NA,NA,1,NA,Depression,BDI,D,Depression,Baseline,Post Intervention,0,0,0,0,Post Intervention,NA,NA,Postintervention,Randomized controlled trial,NA,no,22,Mean,SE,6.24,1.2,22,Mean,SE,10.38,1.07,NA,NA,NA,NA,NA,NA,NA,NA,NA,NA,NA,NA,NA,NA,NA
Lacerda 2018,2,Mindfulness,Control,NA,NA,NA,1,NA,Stress,Lipp Stress Symptoms Inventory (day week and month reported),D,Distress,Baseline,Post Intervention,0,0,0,0,Post Intervention,NA,NA,Baseline,Randomized controlled trial,NA,no,22,Mean,SE,4.92,0.59,22,Mean,SE,4.94,0.53,NA,NA,NA,NA,NA,NA,NA,NA,NA,NA,NA,NA,NA,NA,NA
Lacerda 2018,2,Mindfulness,Control,NA,NA,NA,1,NA,Stress,Lipp Stress Symptoms Inventory (day week and month reported),D,Distress,Baseline,Post Intervention,0,0,0,0,Post Intervention,NA,NA,Postintervention,Randomized controlled trial,NA,no,22,Mean,SE,2.16,0.52,22,Mean,SE,4.42,0.47,NA,NA,NA,NA,NA,NA,NA,NA,NA,NA,NA,NA,NA,NA,NA
Lacerda 2018,2,Mindfulness,Control,NA,NA,NA,1,NA,Mindfulness,MAAS,U,Mindfulness,Baseline,Post intervention,0,0,0,0,Post intervention,NA,NA,Baseline,Randomized controlled trial,NA,no,22,Mean,SE,58.72,3.21,22,Mean,SE,57.58,2.88,NA,NA,NA,NA,NA,NA,NA,NA,NA,NA,NA,NA,NA,NA,NA
Lacerda 2018,2,Mindfulness,Control,NA,NA,NA,1,NA,Mindfulness,MAAS,U,Mindfulness,Baseline,Post intervention,0,0,0,0,Post intervention,NA,NA,Postintervention,Randomized controlled trial,NA,no,22,Mean,SE,65.08,3.23,22,Mean,SE,57.25,2.9,NA,NA,NA,NA,NA,NA,NA,NA,NA,NA,NA,NA,NA,NA,NA
Lara-Cinisomo 2019,2,Mindfulness,Control,NA,NA,NA,1,NA,Anxiety,STAI trait,D,Anxiety,Baseline,Post intervention,0,0,0,0,Post intervention,NA,NA,Baseline,Randomized controlled trial,NA,no,11,Mean,SD,27.73,6.93,12,Mean,SD,28.17,9.16,NA,NA,NA,NA,NA,NA,NA,NA,NA,NA,NA,NA,NA,NA,NA
Lara-Cinisomo 2019,2,Mindfulness,Control,NA,NA,NA,1,NA,Anxiety,STAI trait,D,Anxiety,Baseline,Post intervention,0,0,0,0,Post intervention,NA,NA,Postintervention,Randomized controlled trial,NA,no,11,Mean,SD,21.55,3.8,12,Mean,SD,34.58,18.49,NA,NA,NA,NA,NA,NA,NA,NA,NA,NA,NA,NA,NA,NA,NA
Lara-Cinisomo 2019,2,Mindfulness,Control,NA,NA,NA,1,NA,Depression,PHQ-8,D,Depression,Baseline,Post intervention,0,0,0,0,Post intervention,NA,NA,Baseline,Randomized controlled trial,NA,no,11,Mean,SD,6,2.68,12,Mean,SD,9.08,6.27,NA,NA,NA,NA,NA,NA,NA,NA,NA,NA,NA,NA,NA,NA,NA
Lara-Cinisomo 2019,2,Mindfulness,Control,NA,NA,NA,1,NA,Depression,PHQ-8,D,Depression,Baseline,Post intervention,0,0,0,0,Post intervention,NA,NA,Postintervention,Randomized controlled trial,NA,no,11,Mean,SD,5,4.4,12,Mean,SD,7.75,5.33,NA,NA,NA,NA,NA,NA,NA,NA,NA,NA,NA,NA,NA,NA,NA
Lara-Cinisomo 2019,2,Mindfulness,Control,NA,NA,NA,1,NA,Perceived Stress,PSS-14,D,Distress,Baseline,Post Intervention,0,0,0,0,Post Intervention,NA,NA,Baseline,Randomized controlled trial,NA,no,11,Mean,SD,18.09,6.38,12,Mean,SD,19.33,8.34,NA,NA,NA,NA,NA,NA,NA,NA,NA,NA,NA,NA,NA,NA,NA
Lara-Cinisomo 2019,2,Mindfulness,Control,NA,NA,NA,1,NA,Perceived Stress,PSS-14,D,Distress,Baseline,Post Intervention,0,0,0,0,Post Intervention,NA,NA,Postintervention,Randomized controlled trial,NA,no,11,Mean,SD,12.45,4.76,12,Mean,SD,19.75,7.17,NA,NA,NA,NA,NA,NA,NA,NA,NA,NA,NA,NA,NA,NA,NA
Lara-Cinisomo 2019,2,Mindfulness,Control,NA,NA,NA,1,NA,Mindfulness,FFMQ,U,Mindfulness,Baseline,Post intervention,0,0,0,0,Post intervention,NA,NA,Baseline,Randomized controlled trial,NA,no,11,Mean,SD,135.01,19.35,12,Mean,SD,131.38,20.08,NA,NA,NA,NA,NA,NA,NA,NA,NA,NA,NA,NA,NA,NA,NA
Lara-Cinisomo 2019,2,Mindfulness,Control,NA,NA,NA,1,NA,Mindfulness,FFMQ,U,Mindfulness,Baseline,Post intervention,0,0,0,0,Post intervention,NA,NA,Postintervention,Randomized controlled trial,NA,no,11,Mean,SD,152.08,16.99,12,Mean,SD,130.83,21.28,NA,NA,NA,NA,NA,NA,NA,NA,NA,NA,NA,NA,NA,NA,NA
Lee 2010,2,Mindfulness,Control,NA,NA,NA,1,NA,Anxiety,SCL-90-R Anxiety subscale,D,Anxiety,Baseline,Post Intervention,0,0,0,0,Post Intervention,NA,NA,Baseline,Randomized controlled trial,NA,no,30,Mean,SD,20.33,7.81,30,Mean,SD,22.37,8.37,NA,NA,NA,NA,NA,NA,NA,NA,NA,NA,NA,NA,NA,NA,NA
Lee 2010,2,Mindfulness,Control,NA,NA,NA,1,NA,Anxiety,SCL-90-R Anxiety subscale,D,Anxiety,Baseline,Post Intervention,0,0,0,0,Post Intervention,NA,NA,Postintervention,Randomized controlled trial,NA,no,30,Mean,SD,13.77,5.86,30,Mean,SD,23.2,7.48,NA,NA,NA,NA,NA,NA,NA,NA,NA,NA,NA,NA,NA,NA,NA
Lee 2010,2,Mindfulness,Control,NA,NA,NA,1,NA,Depression,BDI,D,Depression,Baseline,Post Intervention,0,0,0,0,Post Intervention,NA,NA,Baseline,Randomized controlled trial,NA,no,30,Mean,SD,12.53,7.52,30,Mean,SD,14.07,8.36,NA,NA,NA,NA,NA,NA,NA,NA,NA,NA,NA,NA,NA,NA,NA
Lee 2010,2,Mindfulness,Control,NA,NA,NA,1,NA,Depression,BDI,D,Depression,Baseline,Post Intervention,0,0,0,0,Post Intervention,NA,NA,Postintervention,Randomized controlled trial,NA,no,30,Mean,SD,5.9,6.96,30,Mean,SD,13.2,8.14,NA,NA,NA,NA,NA,NA,NA,NA,NA,NA,NA,NA,NA,NA,NA
Lee 2010,2,Mindfulness,Control,NA,NA,NA,1,NA,Psychological well-being,Psychological well-being scale (PWB-18),U,Mental wellbeing,Baseline,Post Intervention,0,0,0,0,Post Intervention,NA,NA,Baseline,Randomized controlled trial,NA,no,30,Mean,SD,71.83,10.64,30,Mean,SD,69.47,7.09,NA,NA,NA,NA,NA,NA,NA,NA,NA,NA,NA,NA,NA,NA,NA
Lee 2010,2,Mindfulness,Control,NA,NA,NA,1,NA,Psychological well-being,Psychological well-being scale (PWB-18),U,Mental wellbeing,Baseline,Post Intervention,0,0,0,0,Post Intervention,NA,NA,Postintervention,Randomized controlled trial,NA,no,30,Mean,SD,86.26,12.91,30,Mean,SD,70.93,10.78,NA,NA,NA,NA,NA,NA,NA,NA,NA,NA,NA,NA,NA,NA,NA
Lee 2010,2,Mindfulness,Control,NA,NA,NA,1,NA,Mindfulness,Park scale,U,Mindfulness,Baseline,Post intervention,0,0,0,0,Post intervention,NA,NA,Baseline,Randomized controlled trial,NA,no,30,Mean,SD,45.1,16.69,30,Mean,SD,49.46,17.6,NA,NA,NA,NA,NA,NA,NA,NA,NA,NA,NA,NA,NA,NA,NA
Lee 2010,2,Mindfulness,Control,NA,NA,NA,1,NA,Mindfulness,Park scale,U,Mindfulness,Baseline,Post intervention,0,0,0,0,Post intervention,NA,NA,Postintervention,Randomized controlled trial,NA,no,30,Mean,SD,56.6,11.64,30,Mean,SD,47.36,16.04,NA,NA,NA,NA,NA,NA,NA,NA,NA,NA,NA,NA,NA,NA,NA
Lee 2010,2,Mindfulness,Control,NA,NA,NA,1,NA,Somatization,Symptom Checklist-90-Revised somatization subscale,D,Psychosomatic outcomes,Baseline,Post intervention,0,0,0,0,Post intervention,NA,NA,Baseline,Randomized controlled trial,NA,no,30,Mean,SD,21.2,6.46,30,Mean,SD,23.63,8.25,NA,NA,NA,NA,NA,NA,NA,NA,NA,NA,NA,NA,NA,NA,NA
Lee 2010,2,Mindfulness,Control,NA,NA,NA,1,NA,Somatization,Symptom Checklist-90-Revised somatization subscale,D,Psychosomatic outcomes,Baseline,Post intervention,0,0,0,0,Post intervention,NA,NA,Postintervention,Randomized controlled trial,NA,no,30,Mean,SD,16.77,6.03,30,Mean,SD,23.43,7.16,NA,NA,NA,NA,NA,NA,NA,NA,NA,NA,NA,NA,NA,NA,NA
Lee 2010,2,Mindfulness,Control,NA,NA,NA,1,NA,Self-compassion,SCS 26,U,Relationship with self,Baseline,Post Intervention,0,0,0,0,Post Intervention,NA,NA,Baseline,Randomized controlled trial,NA,no,30,Mean,SD,77.96,17.24,30,Mean,SD,75.86,13.45,NA,NA,NA,NA,NA,NA,NA,NA,NA,NA,NA,NA,NA,NA,NA
Lee 2010,2,Mindfulness,Control,NA,NA,NA,1,NA,Self-compassion,SCS 26,U,Relationship with self,Baseline,Post Intervention,0,0,0,0,Post Intervention,NA,NA,Postintervention,Randomized controlled trial,NA,no,30,Mean,SD,87.83,16.97,30,Mean,SD,71.93,14.37,NA,NA,NA,NA,NA,NA,NA,NA,NA,NA,NA,NA,NA,NA,NA
Li 2018,2,Mindfulness,Control,NA,NA,NA,1,NA,"Control, proactive and reactive ",Continuous Performance Test,D,Cognitive functioning,Baseline,Post Intervention,0,0,0,0,Post Intervention,NA,NA,Baseline,Randomized controlled trial,NA,no,15,Mean,SE,0.22,0.1,15,Mean,SE,0.27,0.1,NA,NA,NA,NA,NA,NA,NA,NA,NA,NA,NA,NA,NA,NA,NA
Li 2018,2,Mindfulness,Control,NA,NA,NA,1,NA,"Control, proactive and reactive ",Continuous Performance Test,D,Cognitive functioning,Baseline,Post Intervention,0,0,0,0,Post Intervention,NA,NA,Postintervention,Randomized controlled trial,NA,no,15,Mean,SE,0.31,0.1,15,Mean,SE,0.27,0.1,NA,NA,NA,NA,NA,NA,NA,NA,NA,NA,NA,NA,NA,NA,NA
Li 2018,2,Mindfulness,Control,NA,NA,NA,1,NA,Mindfulness,FFMQ,U,Mindfulness,Baseline,post intervention,0,0,0,0,post intervention,NA,NA,Baseline,Randomized controlled trial,NA,no,15,Mean,SD,116.1,13.4,15,Mean,SD,123.8,11.9,NA,NA,NA,NA,NA,NA,NA,NA,NA,NA,NA,NA,NA,NA,NA
Li 2018,2,Mindfulness,Control,NA,NA,NA,1,NA,Mindfulness,FFMQ,U,Mindfulness,Baseline,post intervention,0,0,0,0,post intervention,NA,NA,Postintervention,Randomized controlled trial,NA,no,15,Mean,SD,137.1,17.6,15,Mean,SD,126.9,7.9,NA,NA,NA,NA,NA,NA,NA,NA,NA,NA,NA,NA,NA,NA,NA
Lin 2019,2,Mindfulness,Control,NA,NA,NA,1,NA,Perceived stress,PSS-14,D,Distress,Baseline,Post Intervention,3 month post int follow up,0,0,0,Post Intervention,3 month post int follow up,NA,1-6months,Randomized controlled trial,NA,no,44,Mean,SD,36.68,6.79,46,Mean,SD,39.67,5.24,NA,NA,NA,NA,NA,NA,NA,NA,NA,NA,NA,NA,NA,NA,NA
Lin 2019,2,Mindfulness,Control,NA,NA,NA,1,NA,Perceived stress,PSS-14,D,Distress,Baseline,Post Intervention,3 month post int follow up,0,0,0,Post Intervention,3 month post int follow up,NA,Baseline,Randomized controlled trial,NA,no,44,Mean,SD,40.91,6.44,46,Mean,SD,39.91,4.9,NA,NA,NA,NA,NA,NA,NA,NA,NA,NA,NA,NA,NA,NA,NA
Lin 2019,2,Mindfulness,Control,NA,NA,NA,1,NA,Perceived stress,PSS-14,D,Distress,Baseline,Post Intervention,3 month post int follow up,0,0,0,Post Intervention,3 month post int follow up,NA,Postintervention,Randomized controlled trial,NA,no,44,Mean,SD,37.39,5.97,46,Mean,SD,40.76,5.01,NA,NA,NA,NA,NA,NA,NA,NA,NA,NA,NA,NA,NA,NA,NA
Lin 2019,2,Mindfulness,Control,NA,NA,NA,1,NA,Positive affect,PANAS time frame last week or 2 Chinese,U,Mental wellbeing,Baseline,Post Intervention,3 month post int follow up,0,0,0,Post Intervention,3 month post int follow up,NA,1-6months,Randomized controlled trial,NA,no,44,Mean,SD,33.21,7.38,46,Mean,SD,29,5.62,NA,NA,NA,NA,NA,NA,NA,NA,NA,NA,NA,NA,NA,NA,NA
Lin 2019,2,Mindfulness,Control,NA,NA,NA,1,NA,Positive affect,PANAS time frame last week or 2 Chinese,U,Mental wellbeing,Baseline,Post Intervention,3 month post int follow up,0,0,0,Post Intervention,3 month post int follow up,NA,Baseline,Randomized controlled trial,NA,no,44,Mean,SD,28.52,6.5,46,Mean,SD,28.74,5.05,NA,NA,NA,NA,NA,NA,NA,NA,NA,NA,NA,NA,NA,NA,NA
Lin 2019,2,Mindfulness,Control,NA,NA,NA,1,NA,Positive affect,PANAS time frame last week or 2 Chinese,U,Mental wellbeing,Baseline,Post Intervention,3 month post int follow up,0,0,0,Post Intervention,3 month post int follow up,NA,Postintervention,Randomized controlled trial,NA,no,44,Mean,SD,32.02,6.45,46,Mean,SD,29,5.51,NA,NA,NA,NA,NA,NA,NA,NA,NA,NA,NA,NA,NA,NA,NA
Lin 2019,2,Mindfulness,Control,NA,NA,NA,1,NA,Resilience,Connor-Davidson Resilience Scale,U,Real life functioning,Baseline,Post Intervention,3 month post int follow up,0,0,0,Post Intervention,3 month post int follow up,NA,1-6months,Randomized controlled trial,NA,no,44,Mean,SD,59.7,11.87,46,Mean,SD,53.85,16.21,NA,NA,NA,NA,NA,NA,NA,NA,NA,NA,NA,NA,NA,NA,NA
Lin 2019,2,Mindfulness,Control,NA,NA,NA,1,NA,Resilience,Connor-Davidson Resilience Scale,U,Real life functioning,Baseline,Post Intervention,3 month post int follow up,0,0,0,Post Intervention,3 month post int follow up,NA,Baseline,Randomized controlled trial,NA,no,44,Mean,SD,54.43,11.46,46,Mean,SD,55.17,11.85,NA,NA,NA,NA,NA,NA,NA,NA,NA,NA,NA,NA,NA,NA,NA
Lin 2019,2,Mindfulness,Control,NA,NA,NA,1,NA,Resilience,Connor-Davidson Resilience Scale,U,Real life functioning,Baseline,Post Intervention,3 month post int follow up,0,0,0,Post Intervention,3 month post int follow up,NA,Postintervention,Randomized controlled trial,NA,no,44,Mean,SD,57.98,11.58,46,Mean,SD,55.11,12.8,NA,NA,NA,NA,NA,NA,NA,NA,NA,NA,NA,NA,NA,NA,NA
Liu 2013,2,Mindfulness,Control,NA,NA,NA,1,NA,Negative Affect,Affect-balance Scale negative Chinese validated,D,Distress,Baseline,Post intervention,change values,0,0,0,Post intervention,NA,NA,Baseline,Randomized controlled trial,NA,no,17,Mean,SD,1.1,1.2,21,Mean,SD,1.7,1.6,NA,NA,NA,NA,NA,NA,NA,NA,NA,NA,NA,NA,NA,NA,NA
Liu 2013,2,Mindfulness,Control,NA,NA,NA,1,NA,Negative Affect,Affect-balance Scale negative Chinese validated,D,Distress,Baseline,Post intervention,change values,0,0,0,Post intervention,NA,NA,Change_pi,Randomized controlled trial,NA,no,17,Mean,SD,-0.4,1.4,21,Mean,SD,0.5,1.6,NA,NA,NA,NA,NA,NA,NA,NA,NA,NA,NA,NA,NA,NA,NA
Liu 2013,2,Mindfulness,Control,NA,NA,NA,1,NA,Negative Affect,Affect-balance Scale negative Chinese validated,D,Distress,Baseline,Post intervention,change values,0,0,0,Post intervention,NA,NA,Postintervention,Randomized controlled trial,NA,no,17,Mean,SD,0.7,0.8,21,Mean,SD,2.2,1.4,NA,NA,NA,NA,NA,NA,NA,NA,NA,NA,NA,NA,NA,NA,NA
Liu 2013,2,Mindfulness,Control,NA,NA,NA,1,NA,Wellbeing,Index of well-being Chinese validated,U,Mental wellbeing,Baseline,Post Intervention,change values,0,0,0,Post Intervention,NA,NA,Baseline,Randomized controlled trial,NA,no,17,Mean,SD,10.8,1.5,21,Mean,SD,10.3,1.5,NA,NA,NA,NA,NA,NA,NA,NA,NA,NA,NA,NA,NA,NA,NA
Liu 2013,2,Mindfulness,Control,NA,NA,NA,1,NA,Wellbeing,Index of well-being Chinese validated,U,Mental wellbeing,Baseline,Post Intervention,change values,0,0,0,Post Intervention,NA,NA,Change_pi,Randomized controlled trial,NA,no,17,Mean,SD,0.9,1.6,21,Mean,SD,-0.3,2.6,NA,NA,NA,NA,NA,NA,NA,NA,NA,NA,NA,NA,NA,NA,NA
Liu 2013,2,Mindfulness,Control,NA,NA,NA,1,NA,Wellbeing,Index of well-being Chinese validated,U,Mental wellbeing,Baseline,Post Intervention,change values,0,0,0,Post Intervention,NA,NA,Postintervention,Randomized controlled trial,NA,no,17,Mean,SD,11.7,1.6,21,Mean,SD,10,2.7,NA,NA,NA,NA,NA,NA,NA,NA,NA,NA,NA,NA,NA,NA,NA
Liu 2013,2,Mindfulness,Control,NA,NA,NA,1,NA,Mindfulness,FFMQ validated in Chinese,U,Mindfulness,Baseline,Post Intervention,change values,0,0,0,Post Intervention,NA,NA,Baseline,Randomized controlled trial,NA,no,17,Mean,SD,128.2,11.3,21,Mean,SD,123,12.5,NA,NA,NA,NA,NA,NA,NA,NA,NA,NA,NA,NA,NA,NA,NA
Liu 2013,2,Mindfulness,Control,NA,NA,NA,1,NA,Mindfulness,FFMQ validated in Chinese,U,Mindfulness,Baseline,Post Intervention,change values,0,0,0,Post Intervention,NA,NA,Change_pi,Randomized controlled trial,NA,no,17,Mean,SD,15.1,9.9,21,Mean,SD,-0.3,6.8,NA,NA,NA,NA,NA,NA,NA,NA,NA,NA,NA,NA,NA,NA,NA
Liu 2013,2,Mindfulness,Control,NA,NA,NA,1,NA,Mindfulness,FFMQ validated in Chinese,U,Mindfulness,Baseline,Post Intervention,change values,0,0,0,Post Intervention,NA,NA,Postintervention,Randomized controlled trial,NA,no,17,Mean,SD,143.4,14.5,21,Mean,SD,122.7,12.7,NA,NA,NA,NA,NA,NA,NA,NA,NA,NA,NA,NA,NA,NA,NA
Liu 2015,2,Mindfulness,Control,NA,NA,NA,1,NA,Mindfulness,FFMQ,U,Mindfulness,Baseline,Post intervention,0,0,0,0,Post intervention,NA,NA,Baseline,Randomized controlled trial,NA,no,33,Mean,SD,122.25,15.6,32,Mean,SD,119.89,12.81,NA,NA,NA,NA,NA,NA,NA,NA,NA,NA,NA,NA,NA,NA,NA
Liu 2015,2,Mindfulness,Control,NA,NA,NA,1,NA,Mindfulness,FFMQ,U,Mindfulness,Baseline,Post intervention,0,0,0,0,Post intervention,NA,NA,Postintervention,Randomized controlled trial,NA,no,29,Mean,SD,136.48,16.23,28,Mean,SD,120.39,10.79,NA,NA,NA,NA,NA,NA,NA,NA,NA,NA,NA,NA,NA,NA,NA
Lo 2017,2,Mindfulness,Control,NA,NA,NA,1,NA,Depression,CES-D,D,Depression,Baseline,Post Intervention,Follow up (mentioned in protocol),0,0,0,Post Intervention,Follow up (mentioned in protocol),NA,Baseline,Randomized controlled trial,NA,no,91,Mean,SD,23.24,9.4,89,Mean,SD,21.75,10.34,NA,NA,NA,NA,NA,NA,NA,NA,NA,NA,NA,NA,NA,NA,NA
Lo 2017,2,Mindfulness,Control,NA,NA,NA,1,NA,Depression,CES-D,D,Depression,Baseline,Post Intervention,Follow up (mentioned in protocol),0,0,0,Post Intervention,Follow up (mentioned in protocol),NA,Postintervention,Randomized controlled trial,NA,no,91,Mean,SD,19.67,8.7,89,Mean,SD,21.47,9.96,NA,NA,NA,NA,NA,NA,NA,NA,NA,NA,NA,NA,NA,NA,NA
Lo 2017,2,Mindfulness,Control,NA,NA,NA,1,NA,Stress,The Parenting Stress Index–Short Form,D,Distress,Baseline,Post Intervention,Follow up (mentioned in protocol),0,0,0,Post Intervention,Follow up (mentioned in protocol),NA,Baseline,Randomized controlled trial,NA,no,91,Mean,SD,118.88,19.11,89,Mean,SD,119.55,22.43,NA,NA,NA,NA,NA,NA,NA,NA,NA,NA,NA,NA,NA,NA,NA
Lo 2017,2,Mindfulness,Control,NA,NA,NA,1,NA,Stress,The Parenting Stress Index–Short Form,D,Distress,Baseline,Post Intervention,Follow up (mentioned in protocol),0,0,0,Post Intervention,Follow up (mentioned in protocol),NA,Postintervention,Randomized controlled trial,NA,no,91,Mean,SD,112.4,19.45,89,Mean,SD,117.74,21.02,NA,NA,NA,NA,NA,NA,NA,NA,NA,NA,NA,NA,NA,NA,NA
Lo 2017,2,Mindfulness,Control,NA,NA,NA,1,NA,The Interpersonal Mindfulness in Parenting,The Interpersonal Mindfulness in Parenting,U,Mindfulness,Baseline,Post Intervention,0,0,0,0,Post Intervention,NA,NA,Baseline,Randomized controlled trial,NA,no,91,Mean,SD,96.36,10.9,89,Mean,SD,96.64,13.4,NA,NA,NA,NA,NA,NA,NA,NA,NA,NA,NA,NA,NA,NA,NA
Lo 2017,2,Mindfulness,Control,NA,NA,NA,1,NA,The Interpersonal Mindfulness in Parenting,The Interpersonal Mindfulness in Parenting,U,Mindfulness,Baseline,Post Intervention,0,0,0,0,Post Intervention,NA,NA,Postintervention,Randomized controlled trial,NA,no,91,Mean,SD,100.37,10.45,89,Mean,SD,100.41,13.38,NA,NA,NA,NA,NA,NA,NA,NA,NA,NA,NA,NA,NA,NA,NA
Lynch 2018,2,Mindfulness,Control,NA,NA,NA,1,NA,Anxiety,HADS A,D,Anxiety,Baseline,Post Intervention,change values,0,0,0,Post Intervention,NA,NA,Baseline,Randomized controlled trial,NA,no,27,Mean,SD,9.96,3.61,10,Mean,SD,8.1,3.03,NA,NA,NA,NA,NA,NA,NA,NA,NA,NA,NA,NA,NA,NA,NA
Lynch 2018,2,Mindfulness,Control,NA,NA,NA,1,NA,Anxiety,HADS A,D,Anxiety,Baseline,Post Intervention,change values,0,0,0,Post Intervention,NA,NA,Change_pi,Randomized controlled trial,NA,no,17,Mean,SD,-2.44,3.29,8,Mean,SD,1.5,2.45,NA,NA,NA,NA,NA,NA,NA,NA,NA,NA,NA,NA,NA,NA,NA
Lynch 2018,2,Mindfulness,Control,NA,NA,NA,1,NA,Anxiety,HADS A,D,Anxiety,Baseline,Post Intervention,change values,0,0,0,Post Intervention,NA,NA,Postintervention,Randomized controlled trial,NA,no,17,Mean,SD,7.88,3.6,8,Mean,SD,10.75,3.92,NA,NA,NA,NA,NA,NA,NA,NA,NA,NA,NA,NA,NA,NA,NA
Lynch 2018,2,Mindfulness,Control,NA,NA,NA,1,NA,Depression,HADS D,D,Depression,Baseline,Post Intervention,change values,0,0,0,Post Intervention,NA,NA,Baseline,Randomized controlled trial,NA,no,28,Mean,SD,3.93,2.39,10,Mean,SD,4.7,2.5,NA,NA,NA,NA,NA,NA,NA,NA,NA,NA,NA,NA,NA,NA,NA
Lynch 2018,2,Mindfulness,Control,NA,NA,NA,1,NA,Depression,HADS D,D,Depression,Baseline,Post Intervention,change values,0,0,0,Post Intervention,NA,NA,Change_pi,Randomized controlled trial,NA,no,17,Mean,SD,-1.06,2.01,8,Mean,SD,0.88,3.04,NA,NA,NA,NA,NA,NA,NA,NA,NA,NA,NA,NA,NA,NA,NA
Lynch 2018,2,Mindfulness,Control,NA,NA,NA,1,NA,Depression,HADS D,D,Depression,Baseline,Post Intervention,change values,0,0,0,Post Intervention,NA,NA,Postintervention,Randomized controlled trial,NA,no,17,Mean,SD,3.24,2.75,8,Mean,SD,5.38,2.72,NA,NA,NA,NA,NA,NA,NA,NA,NA,NA,NA,NA,NA,NA,NA
Lynch 2018,2,Mindfulness,Control,NA,NA,NA,1,NA,Perceived stress,PSS-10,D,Distress,Baseline,Post Intervention,change values,0,0,0,Post Intervention,NA,NA,Baseline,Randomized controlled trial,NA,no,27,Mean,SD,21.85,5.82,10,Mean,SD,18.6,5.46,NA,NA,NA,NA,NA,NA,NA,NA,NA,NA,NA,NA,NA,NA,NA
Lynch 2018,2,Mindfulness,Control,NA,NA,NA,1,NA,Perceived stress,PSS-10,D,Distress,Baseline,Post Intervention,change values,0,0,0,Post Intervention,NA,NA,Change_pi,Randomized controlled trial,NA,no,17,Mean,SD,-6.35,6.18,8,Mean,SD,2.63,5.93,NA,NA,NA,NA,NA,NA,NA,NA,NA,NA,NA,NA,NA,NA,NA
Lynch 2018,2,Mindfulness,Control,NA,NA,NA,1,NA,Perceived stress,PSS-10,D,Distress,Baseline,Post Intervention,change values,0,0,0,Post Intervention,NA,NA,Postintervention,Randomized controlled trial,NA,no,17,Mean,SD,14.89,7.75,8,Mean,SD,21.5,7.37,NA,NA,NA,NA,NA,NA,NA,NA,NA,NA,NA,NA,NA,NA,NA
Lynch 2018,2,Mindfulness,Control,NA,NA,NA,1,NA,Mindfulness,FMI short form,U,Mindfulness,Baseline,Post intervention,change values,0,0,0,Post intervention,NA,NA,Baseline,Randomized controlled trial,NA,no,28,Mean,SD,30.5,6.19,10,Mean,SD,34.4,8.21,NA,NA,NA,NA,NA,NA,NA,NA,NA,NA,NA,NA,NA,NA,NA
Lynch 2018,2,Mindfulness,Control,NA,NA,NA,1,NA,Mindfulness,FMI short form,U,Mindfulness,Baseline,Post intervention,change values,0,0,0,Post intervention,NA,NA,Change_pi,Randomized controlled trial,NA,no,16,Mean,SD,9.13,6,7,Mean,SD,-1.43,4.83,NA,NA,NA,NA,NA,NA,NA,NA,NA,NA,NA,NA,NA,NA,NA
Lynch 2018,2,Mindfulness,Control,NA,NA,NA,1,NA,Mindfulness,FMI short form,U,Mindfulness,Baseline,Post intervention,change values,0,0,0,Post intervention,NA,NA,Postintervention,Randomized controlled trial,NA,no,16,Mean,SD,39.19,6.23,7,Mean,SD,31.14,6.3,NA,NA,NA,NA,NA,NA,NA,NA,NA,NA,NA,NA,NA,NA,NA
Manotas 2014,2,Mindfulness,Control,NA,NA,NA,1,NA,Perceived stress,PSS-14,D,Distress,Baseline,Post Intervention,0,0,0,0,Post Intervention,NA,NA,Baseline,Randomized controlled trial,NA,no,35,Mean,SD,1.68,0.5,41,Mean,SD,1.62,0.62,NA,NA,NA,NA,NA,NA,NA,NA,NA,NA,NA,NA,NA,NA,NA
Manotas 2014,2,Mindfulness,Control,NA,NA,NA,1,NA,Perceived stress,PSS-14,D,Distress,Baseline,Post Intervention,0,0,0,0,Post Intervention,NA,NA,Postintervention,Randomized controlled trial,NA,no,35,Mean,SD,1.17,0.4,41,Mean,SD,1.57,0.7,NA,NA,NA,NA,NA,NA,NA,NA,NA,NA,NA,NA,NA,NA,NA
Manotas 2014,2,Mindfulness,Control,NA,NA,NA,1,NA,Mindfulness,FFMQ,U,Mindfulness,Baseline,Post intervention,0,0,0,0,Post intervention,NA,NA,Baseline,Randomized controlled trial,NA,no,38,Mean,SD,3.11,0.46,42,Mean,SD,3.27,0.47,NA,NA,NA,NA,NA,NA,NA,NA,NA,NA,NA,NA,NA,NA,NA
Manotas 2014,2,Mindfulness,Control,NA,NA,NA,1,NA,Mindfulness,FFMQ,U,Mindfulness,Baseline,Post intervention,0,0,0,0,Post intervention,NA,NA,Postintervention,Randomized controlled trial,NA,no,38,Mean,SD,3.42,0.34,42,Mean,SD,3.39,0.48,NA,NA,NA,NA,NA,NA,NA,NA,NA,NA,NA,NA,NA,NA,NA
Moody 2013,2,Mindfulness,Control,NA,NA,NA,1,NA,Depression,BDI,D,Depression,Baseline,Post Intervention,0,0,0,0,Post Intervention,NA,NA,Baseline,Randomized controlled trial,NA,no,20,NR,NR,NR,NR,23,NR,NR,NR,NR,NA,NA,NA,NA,NA,NA,NA,NA,NA,NA,NA,NA,NA,NA,NA
Moody 2013,2,Mindfulness,Control,NA,NA,NA,1,NA,Depression,BDI,D,Depression,Baseline,Post Intervention,0,0,0,0,Post Intervention,NA,NA,Postintervention,Randomized controlled trial,NA,no,20,NR,NR,NR,NR,23,NR,NR,NR,NR,NA,NA,NA,NA,NA,NA,NA,NA,NA,NA,NA,NA,NA,NA,NA
Moody 2013,2,Mindfulness,Control,NA,NA,NA,1,NA,Perceived Stress,PSS-14,D,Distress,Baseline,Post Intervention,0,0,0,0,Post Intervention,NA,NA,Baseline,Randomized controlled trial,NA,no,NR,NR,NR,NR,NR,NR,NR,NR,NR,NR,NA,NA,NA,NA,NA,NA,NA,NA,NA,NA,NA,NA,NA,NA,NA
Moody 2013,2,Mindfulness,Control,NA,NA,NA,1,NA,Perceived Stress,PSS-14,D,Distress,Baseline,Post Intervention,0,0,0,0,Post Intervention,NA,NA,Postintervention,Randomized controlled trial,NA,no,NR,NR,NR,NR,NR,NR,NR,NR,NR,NR,NA,NA,NA,NA,NA,NA,NA,NA,NA,NA,NA,NA,NA,NA,NA
Moody 2013,2,Mindfulness,Control,NA,NA,NA,1,NA,Burnout,MBI subscales,D,Real life functioning,Baseline,Post intervention,0,0,0,0,Post intervention,NA,NA,Baseline,Randomized controlled trial,NA,no,21,Mean,impute SD,26.9,NR,24,Mean,impute SD,24.2,NR,NA,NA,NA,NA,NA,NA,NA,NA,NA,NA,NA,NA,NA,NA,NA
Moody 2013,2,Mindfulness,Control,NA,NA,NA,1,NA,Burnout,MBI subscales,D,Real life functioning,Baseline,Post intervention,0,0,0,0,Post intervention,NA,NA,Postintervention,Randomized controlled trial,NA,no,21,Mean,impute SD,27.2,NR,24,Mean,impute SD,26.2,NR,NA,NA,NA,NA,NA,NA,NA,NA,NA,NA,NA,NA,NA,NA,NA
Moynihan 2013,2,Mindfulness,Control,NA,NA,NA,1,NA,Executive control,Trail making test Trails B/A ratio,D,Cognitive functioning,Baseline,post-intervention,3 weeks post-intervention,6 month post int FU,0,0,post-intervention,6 month post int FU,NA,1-6months,Cluster randomized controlled trial,NR,no,assume 100,Cohen's d,NR,0.08,NR,assume 100,Cohen's d,NR,0.08,NR,NA,NA,NA,NA,NA,NA,NA,NA,NA,NA,NA,NA,NA,NA,NA
Moynihan 2013,2,Mindfulness,Control,NA,NA,NA,1,NA,Executive control,Trail making test Trails B/A ratio,D,Cognitive functioning,Baseline,post-intervention,3 weeks post-intervention,6 month post int FU,0,0,post-intervention,6 month post int FU,NA,Baseline,Cluster randomized controlled trial,NR,no,108,Mean,SD,2,1,111,Mean,SD,1.9,0.9,NA,NA,NA,NA,NA,NA,NA,NA,NA,NA,NA,NA,NA,NA,NA
Moynihan 2013,2,Mindfulness,Control,NA,NA,NA,1,NA,Executive control,Trail making test Trails B/A ratio,D,Cognitive functioning,Baseline,post-intervention,3 weeks post-intervention,6 month post int FU,0,0,post-intervention,6 month post int FU,NA,Postintervention,Cluster randomized controlled trial,NR,no,assume 100,Cohen's d,NR,-0.24,NR,assume 100,Cohen's d,NR,-0.24,NR,NA,NA,NA,NA,NA,NA,NA,NA,NA,NA,NA,NA,NA,NA,NA
Moynihan 2013,2,Mindfulness,Control,NA,NA,NA,1,NA,Depression,CES-D R,D,Depression,Baseline,Post Intervention,3 weeks post-intervention,6 month post int FU,0,0,Post Intervention,6 month post int FU,NA,1-6months,Cluster randomized controlled trial,NR,no,assume 100,NR ns,NR ns,NR,NR,assume 100,NR ns,NR ns,NR,NR,NA,NA,NA,NA,NA,NA,NA,NA,NA,NA,NA,NA,NA,NA,NA
Moynihan 2013,2,Mindfulness,Control,NA,NA,NA,1,NA,Depression,CES-D R,D,Depression,Baseline,Post Intervention,3 weeks post-intervention,6 month post int FU,0,0,Post Intervention,6 month post int FU,NA,Baseline,Cluster randomized controlled trial,NR,no,108,Mean,SD,5.9,6.8,111,Mean,SD,4.1,6.3,NA,NA,NA,NA,NA,NA,NA,NA,NA,NA,NA,NA,NA,NA,NA
Moynihan 2013,2,Mindfulness,Control,NA,NA,NA,1,NA,Depression,CES-D R,D,Depression,Baseline,Post Intervention,3 weeks post-intervention,6 month post int FU,0,0,Post Intervention,6 month post int FU,NA,Postintervention,Cluster randomized controlled trial,NR,no,assume 100,NR ns,NR ns,NR,NR,assume 100,NR ns,NR ns,NR,NR,NA,NA,NA,NA,NA,NA,NA,NA,NA,NA,NA,NA,NA,NA,NA
Moynihan 2013,2,Mindfulness,Control,NA,NA,NA,1,NA,Perceived stress,PSS,D,Distress,Baseline,Post Intervention,3 weeks post-intervention,6 month post int FU,0,0,Post Intervention,6 month post int FU,NA,1-6months,Cluster randomized controlled trial,NR,no,assume 100,NR ns,NR ns,NR,NR,assume 100,NR ns,NR ns,NR,NR,NA,NA,NA,NA,NA,NA,NA,NA,NA,NA,NA,NA,NA,NA,NA
Moynihan 2013,2,Mindfulness,Control,NA,NA,NA,1,NA,Perceived stress,PSS,D,Distress,Baseline,Post Intervention,3 weeks post-intervention,6 month post int FU,0,0,Post Intervention,6 month post int FU,NA,Baseline,Cluster randomized controlled trial,NR,no,108,Mean,SD,13,6.3,111,Mean,SD,11,6.7,NA,NA,NA,NA,NA,NA,NA,NA,NA,NA,NA,NA,NA,NA,NA
Moynihan 2013,2,Mindfulness,Control,NA,NA,NA,1,NA,Perceived stress,PSS,D,Distress,Baseline,Post Intervention,3 weeks post-intervention,6 month post int FU,0,0,Post Intervention,6 month post int FU,NA,Postintervention,Cluster randomized controlled trial,NR,no,assume 100,NR ns,NR ns,NR,NR,assume 100,NR ns,NR ns,NR,NR,NA,NA,NA,NA,NA,NA,NA,NA,NA,NA,NA,NA,NA,NA,NA
Moynihan 2013,2,Mindfulness,Control,NA,NA,NA,1,NA,Positive affect,PANAS-P in last week,U,Mental wellbeing,Baseline,Post-intervention,6 months post-treatment,0,0,0,Post-intervention,6 months post-treatment,NA,1-6months,Cluster randomized controlled trial,NR,no,100,Mean,SD,34.63,8.07,100,Mean,SD,34.36,7.24,NA,NA,NA,NA,NA,NA,NA,NA,NA,NA,NA,NA,NA,NA,NA
Moynihan 2013,2,Mindfulness,Control,NA,NA,NA,1,NA,Positive affect,PANAS-P in last week,U,Mental wellbeing,Baseline,Post-intervention,6 months post-treatment,0,0,0,Post-intervention,6 months post-treatment,NA,Baseline,Cluster randomized controlled trial,NR,no,100,Mean,SD,34.36,7.47,100,Mean,SD,35.05,7.07,NA,NA,NA,NA,NA,NA,NA,NA,NA,NA,NA,NA,NA,NA,NA
Moynihan 2013,2,Mindfulness,Control,NA,NA,NA,1,NA,Positive affect,PANAS-P in last week,U,Mental wellbeing,Baseline,Post-intervention,6 months post-treatment,0,0,0,Post-intervention,6 months post-treatment,NA,Postintervention,Cluster randomized controlled trial,NR,no,100,Mean,SD,35.31,7.5,100,Mean,SD,35.03,7.02,NA,NA,NA,NA,NA,NA,NA,NA,NA,NA,NA,NA,NA,NA,NA
Moynihan 2013,2,Mindfulness,Control,NA,NA,NA,1,NA,Mindfulness,MAAS,U,Mindfulness,Baseline,post-intervention,3 weeks post-intervention,6 month post int FU,0,0,post-intervention,6 month post int FU,NA,1-6months,Cluster randomized controlled trial,NR,no,assume 100,Cohen's d,NR,0.25,NR,assume 100,Cohen's d,NR,0.25,NR,NA,NA,NA,NA,NA,NA,NA,NA,NA,NA,NA,NA,NA,NA,NA
Moynihan 2013,2,Mindfulness,Control,NA,NA,NA,1,NA,Mindfulness,MAAS,U,Mindfulness,Baseline,post-intervention,3 weeks post-intervention,6 month post int FU,0,0,post-intervention,6 month post int FU,NA,Baseline,Cluster randomized controlled trial,NR,no,108,Mean,SD,5.1,0.8,111,Mean,SD,5.3,0.7,NA,NA,NA,NA,NA,NA,NA,NA,NA,NA,NA,NA,NA,NA,NA
Moynihan 2013,2,Mindfulness,Control,NA,NA,NA,1,NA,Mindfulness,MAAS,U,Mindfulness,Baseline,post-intervention,3 weeks post-intervention,6 month post int FU,0,0,post-intervention,6 month post int FU,NA,Postintervention,Cluster randomized controlled trial,NR,no,assume 100,Cohen's d,NR,-0.08,NR,assume 100,Cohen's d,NR,-0.08,NR,NA,NA,NA,NA,NA,NA,NA,NA,NA,NA,NA,NA,NA,NA,NA
Moynihan 2013,2,Mindfulness,Control,NA,NA,NA,1,NA,Sleep,PSQI,D,Psychosomatic outcomes,Baseline,Post Intervention,6 months post-treatment,0,0,0,Post Intervention,6 months post-treatment,NA,1-6months,Cluster randomized controlled trial,NR,no,100,Mean,SD,5.44,3.32,100,Mean,SD,5.1,3.6,NA,NA,NA,NA,NA,NA,NA,NA,NA,NA,NA,NA,NA,NA,NA
Moynihan 2013,2,Mindfulness,Control,NA,NA,NA,1,NA,Sleep,PSQI,D,Psychosomatic outcomes,Baseline,Post Intervention,6 months post-treatment,0,0,0,Post Intervention,6 months post-treatment,NA,Baseline,Cluster randomized controlled trial,NR,no,100,Mean,SD,6.22,3.73,100,Mean,SD,5.29,3.58,NA,NA,NA,NA,NA,NA,NA,NA,NA,NA,NA,NA,NA,NA,NA
Moynihan 2013,2,Mindfulness,Control,NA,NA,NA,1,NA,Sleep,PSQI,D,Psychosomatic outcomes,Baseline,Post Intervention,6 months post-treatment,0,0,0,Post Intervention,6 months post-treatment,NA,Postintervention,Cluster randomized controlled trial,NR,no,100,Mean,SD,5.23,3.36,100,Mean,SD,5.19,3.66,NA,NA,NA,NA,NA,NA,NA,NA,NA,NA,NA,NA,NA,NA,NA
Neece 2014,2,Mindfulness,Control,NA,NA,NA,1,NA,Depression,CES-D,D,Depression,Baseline,Post Intervention,0,0,0,0,Post Intervention,NA,NA,Baseline, had 2 parents),NA,no,21,Mean,impute SD,17.86,NR,25,Mean,impute SD,17.53,NR,NA,NA,NA,NA,NA,NA,NA,NA,NA,NA,NA,NA,NA,NA,NA
Neece 2014,2,Mindfulness,Control,NA,NA,NA,1,NA,Depression,CES-D,D,Depression,Baseline,Post Intervention,0,0,0,0,Post Intervention,NA,NA,Postintervention, had 2 parents),NA,no,21,Mean,impute SD,11.67,NR,25,Mean,impute SD,22,NR,NA,NA,NA,NA,NA,NA,NA,NA,NA,NA,NA,NA,NA,NA,NA
Neece 2014,2,Mindfulness,Control,NA,NA,NA,1,NA,Parenting stress,Parenting Stress Index—Short Form parental distress subscale,D,Distress,Baseline,Post Intervention,0,0,0,0,Post Intervention,NA,NA,Baseline, had 2 parents),NA,no,21,Mean,impute SD,35.17,NR,25,Mean,impute SD,38.28,NR,NA,NA,NA,NA,NA,NA,NA,NA,NA,NA,NA,NA,NA,NA,NA
Neece 2014,2,Mindfulness,Control,NA,NA,NA,1,NA,Parenting stress,Parenting Stress Index—Short Form parental distress subscale,D,Distress,Baseline,Post Intervention,0,0,0,0,Post Intervention,NA,NA,Postintervention, had 2 parents),NA,no,21,Mean,impute SD,31.72,NR,25,Mean,impute SD,37.61,NR,NA,NA,NA,NA,NA,NA,NA,NA,NA,NA,NA,NA,NA,NA,NA
Neece 2014,2,Mindfulness,Control,NA,NA,NA,1,NA,Life satisfaction,SWLS,U,Mental wellbeing,Baseline,Post intervention,0,0,0,0,Post intervention,NA,NA,Baseline, had 2 parents),NA,no,21,Mean,impute SD,19.8,NR,25,Mean,impute SD,18.41,NR,NA,NA,NA,NA,NA,NA,NA,NA,NA,NA,NA,NA,NA,NA,NA
Neece 2014,2,Mindfulness,Control,NA,NA,NA,1,NA,Life satisfaction,SWLS,U,Mental wellbeing,Baseline,Post intervention,0,0,0,0,Post intervention,NA,NA,Postintervention, had 2 parents),NA,no,21,Mean,impute SD,24.65,NR,25,Mean,impute SD,19.42,NR,NA,NA,NA,NA,NA,NA,NA,NA,NA,NA,NA,NA,NA,NA,NA
Nyklicek 2008,2,Mindfulness,Control,NA,NA,NA,1,NA, ,,D,Distress,Baseline,Post intervention,0,0,0,0,Post intervention,NA,NA,Baseline,Randomized controlled trial,NA,no,29,Mean,SD,20.49,8.67,28,Mean,SD,20.39,8.69,NA,NA,NA,NA,NA,NA,NA,NA,NA,NA,NA,NA,NA,NA,NA
Nyklicek 2008,2,Mindfulness,Control,NA,NA,NA,1,NA, ,,D,Distress,Baseline,Post intervention,0,0,0,0,Post intervention,NA,NA,Postintervention,Randomized controlled trial,NA,no,29,Mean,SD,14.68,9.21,28,Mean,SD,17.13,9.21,NA,NA,NA,NA,NA,NA,NA,NA,NA,NA,NA,NA,NA,NA,NA
Nyklicek 2008,2,Mindfulness,Control,NA,NA,NA,1,NA, ,,U,Mental wellbeing,Baseline,Post intervention,0,0,0,0,Post intervention,NA,NA,Baseline,Randomized controlled trial,NA,no,29,Mean,SD,14.18,7.05,28,Mean,SD,16.38,7.04,NA,NA,NA,NA,NA,NA,NA,NA,NA,NA,NA,NA,NA,NA,NA
Nyklicek 2008,2,Mindfulness,Control,NA,NA,NA,1,NA, ,,U,Mental wellbeing,Baseline,Post intervention,0,0,0,0,Post intervention,NA,NA,Postintervention,Randomized controlled trial,NA,no,29,Mean,SD,18.96,6.84,28,Mean,SD,16.9,6.83,NA,NA,NA,NA,NA,NA,NA,NA,NA,NA,NA,NA,NA,NA,NA
Park 2016,2,Mindfulness,Control,NA,NA,NA,1,NA,Psychological depression,Korean depression scale CES-D scale,D,Depression,Baseline,Post-intervention,change values,0,0,0,Post-intervention,NA,NA,Baseline,Randomized controlled trial,NA,no,26,Mean,SD,17.62,5.93,26,Mean,SD,18.08,7.58,NA,NA,NA,NA,NA,NA,NA,NA,NA,NA,NA,NA,NA,NA,NA
Park 2016,2,Mindfulness,Control,NA,NA,NA,1,NA,Psychological depression,Korean depression scale CES-D scale,D,Depression,Baseline,Post-intervention,change values,0,0,0,Post-intervention,NA,NA,Change_pi,Randomized controlled trial,NA,no,26,Mean,SD,-4.92,5.82,26,Mean,SD,-0.31,6.73,NA,NA,NA,NA,NA,NA,NA,NA,NA,NA,NA,NA,NA,NA,NA
Park 2016,2,Mindfulness,Control,NA,NA,NA,1,NA,Psychological depression,Korean depression scale CES-D scale,D,Depression,Baseline,Post-intervention,change values,0,0,0,Post-intervention,NA,NA,Postintervention,Randomized controlled trial,NA,no,26,Mean,SD,12.69,6.87,26,Mean,SD,17.77,7.52,NA,NA,NA,NA,NA,NA,NA,NA,NA,NA,NA,NA,NA,NA,NA
Park 2016,2,Mindfulness,Control,NA,NA,NA,1,NA,Psychological stress,stress response inventory (Koh),D,Distress,Baseline,Post Intervention,change values,0,0,0,Post Intervention,NA,NA,Baseline,Randomized controlled trial,NA,no,26,Mean,SD,35.12,24.19,26,Mean,SD,35.88,23.43,NA,NA,NA,NA,NA,NA,NA,NA,NA,NA,NA,NA,NA,NA,NA
Park 2016,2,Mindfulness,Control,NA,NA,NA,1,NA,Psychological stress,stress response inventory (Koh),D,Distress,Baseline,Post Intervention,change values,0,0,0,Post Intervention,NA,NA,Change_pi,Randomized controlled trial,NA,no,26,Mean,SD,-11.92,24.66,26,Mean,SD,-2.92,23.15,NA,NA,NA,NA,NA,NA,NA,NA,NA,NA,NA,NA,NA,NA,NA
Park 2016,2,Mindfulness,Control,NA,NA,NA,1,NA,Psychological stress,stress response inventory (Koh),D,Distress,Baseline,Post Intervention,change values,0,0,0,Post Intervention,NA,NA,Postintervention,Randomized controlled trial,NA,no,26,Mean,SD,23.23,18.95,26,Mean,SD,32.96,26.52,NA,NA,NA,NA,NA,NA,NA,NA,NA,NA,NA,NA,NA,NA,NA
Park 2016,2,Mindfulness,Control,NA,NA,NA,1,NA,Sleep,Korean Sleep Scale A,U,Psychosomatic outcomes,Baseline,Post-intervention,change values,0,0,0,Post-intervention,NA,NA,Baseline,Randomized controlled trial,NA,no,26,Mean,SD,25.15,6.1,26,Mean,SD,27.77,8.15,NA,NA,NA,NA,NA,NA,NA,NA,NA,NA,NA,NA,NA,NA,NA
Park 2016,2,Mindfulness,Control,NA,NA,NA,1,NA,Sleep,Korean Sleep Scale A,U,Psychosomatic outcomes,Baseline,Post-intervention,change values,0,0,0,Post-intervention,NA,NA,Change_pi,Randomized controlled trial,NA,no,26,Mean,SD,-1.88,4.83,26,Mean,SD,0.81,6.37,NA,NA,NA,NA,NA,NA,NA,NA,NA,NA,NA,NA,NA,NA,NA
Park 2016,2,Mindfulness,Control,NA,NA,NA,1,NA,Sleep,Korean Sleep Scale A,U,Psychosomatic outcomes,Baseline,Post-intervention,change values,0,0,0,Post-intervention,NA,NA,Postintervention,Randomized controlled trial,NA,no,26,Mean,SD,23.27,3.97,26,Mean,SD,28.58,7.13,NA,NA,NA,NA,NA,NA,NA,NA,NA,NA,NA,NA,NA,NA,NA
Perez-Blasco 2013,2,Mindfulness,Control,NA,NA,NA,1,NA,Psychological Distress,DASS total,D,Distress,Baseline,Post Intervention,0,0,0,0,Post Intervention,NA,NA,Baseline,Randomized controlled trial,NA,no,13,Mean,SD,29.85,12.53,8,Mean,SD,32.25,23.65,NA,NA,NA,NA,NA,NA,NA,NA,NA,NA,NA,NA,NA,NA,NA
Perez-Blasco 2013,2,Mindfulness,Control,NA,NA,NA,1,NA,Psychological Distress,DASS total,D,Distress,Baseline,Post Intervention,0,0,0,0,Post Intervention,NA,NA,Postintervention,Randomized controlled trial,NA,no,13,Mean,SD,14.31,10.29,8,Mean,SD,28.75,14.54,NA,NA,NA,NA,NA,NA,NA,NA,NA,NA,NA,NA,NA,NA,NA
Perez-Blasco 2013,2,Mindfulness,Control,NA,NA,NA,1,NA,Life satisfaction,SWLS,U,Mental wellbeing,Baseline,Post intervention,0,0,0,0,Post intervention,NA,NA,Baseline,Randomized controlled trial,NA,no,13,Mean,SD,15.62,1.66,8,Mean,SD,16.38,2.72,NA,NA,NA,NA,NA,NA,NA,NA,NA,NA,NA,NA,NA,NA,NA
Perez-Blasco 2013,2,Mindfulness,Control,NA,NA,NA,1,NA,Life satisfaction,SWLS,U,Mental wellbeing,Baseline,Post intervention,0,0,0,0,Post intervention,NA,NA,Postintervention,Randomized controlled trial,NA,no,13,Mean,SD,17.69,1.93,8,Mean,SD,16.75,2.38,NA,NA,NA,NA,NA,NA,NA,NA,NA,NA,NA,NA,NA,NA,NA
Perez-Blasco 2013,2,Mindfulness,Control,NA,NA,NA,1,NA,Mindfulness,FFMQ subscales,U,Mindfulness,Baseline,Post Intervention,0,0,0,0,Post Intervention,NA,NA,Baseline,Randomized controlled trial,NA,no,13,Mean,SD,124.16,17.18175346,8,Mean,SD,120.89,19.15,NA,NA,NA,NA,NA,NA,NA,NA,NA,NA,NA,NA,NA,NA,NA
Perez-Blasco 2013,2,Mindfulness,Control,NA,NA,NA,1,NA,Mindfulness,FFMQ subscales,U,Mindfulness,Baseline,Post Intervention,0,0,0,0,Post Intervention,NA,NA,Postintervention,Randomized controlled trial,NA,no,13,Mean,SD,149.22,14.85,8,Mean,SD,119.52,21.21,NA,NA,NA,NA,NA,NA,NA,NA,NA,NA,NA,NA,NA,NA,NA
Perez-Blasco 2013,2,Mindfulness,Control,NA,NA,NA,1,NA,Self-compassion,SCS-12 subscales Spanish,U,Relationship with self,Baseline,Post intervention,0,0,0,0,Post intervention,NA,NA,Baseline,Randomized controlled trial,NA,no,13,Mean,SD,3.11,0.38,8,Mean,SD,3.32,0.69,NA,NA,NA,NA,NA,NA,NA,NA,NA,NA,NA,NA,NA,NA,NA
Perez-Blasco 2013,2,Mindfulness,Control,NA,NA,NA,1,NA,Self-compassion,SCS-12 subscales Spanish,U,Relationship with self,Baseline,Post intervention,0,0,0,0,Post intervention,NA,NA,Postintervention,Randomized controlled trial,NA,no,13,Mean,SD,3.77,0.65,8,Mean,SD,3.19,0.43,NA,NA,NA,NA,NA,NA,NA,NA,NA,NA,NA,NA,NA,NA,NA
Perez-Blasco 2016,2,Mindfulness,Control,NA,NA,NA,1,NA,Anxiety,DASS assume validated,D,Anxiety,Baseline,Post Intervention,0,0,0,0,Post Intervention,NA,NA,Baseline,Randomized controlled trial,NA,no,20,Mean,SD,0.84,0.68,23,Mean,SD,0.58,0.4,NA,NA,NA,NA,NA,NA,NA,NA,NA,NA,NA,NA,NA,NA,NA
Perez-Blasco 2016,2,Mindfulness,Control,NA,NA,NA,1,NA,Anxiety,DASS assume validated,D,Anxiety,Baseline,Post Intervention,0,0,0,0,Post Intervention,NA,NA,Postintervention,Randomized controlled trial,NA,no,20,Mean,SD,0.29,0.37,23,Mean,SD,0.57,0.45,NA,NA,NA,NA,NA,NA,NA,NA,NA,NA,NA,NA,NA,NA,NA
Perez-Blasco 2016,2,Mindfulness,Control,NA,NA,NA,1,NA,Depression,DASS assume validated,D,Depression,Baseline,Post Intervention,0,0,0,0,Post Intervention,NA,NA,Baseline,Randomized controlled trial,NA,no,20,NR,NR,NR,NR,23,NR,NR,NR,NR,NA,NA,NA,NA,NA,NA,NA,NA,NA,NA,NA,NA,NA,NA,NA
Perez-Blasco 2016,2,Mindfulness,Control,NA,NA,NA,1,NA,Depression,DASS assume validated,D,Depression,Baseline,Post Intervention,0,0,0,0,Post Intervention,NA,NA,Postintervention,Randomized controlled trial,NA,no,20,NR ns,NR ns,NR,NR,23,NR ns,NR ns,NR,NR,NA,NA,NA,NA,NA,NA,NA,NA,NA,NA,NA,NA,NA,NA,NA
Perez-Blasco 2016,2,Mindfulness,Control,NA,NA,NA,1,NA,Stress,DASS assume validated,D,Distress,Baseline,Post Intervention,0,0,0,0,Post Intervention,NA,NA,Baseline,Randomized controlled trial,NA,no,20,Mean,SD,0.74,0.6,23,Mean,SD,0.54,0.47,NA,NA,NA,NA,NA,NA,NA,NA,NA,NA,NA,NA,NA,NA,NA
Perez-Blasco 2016,2,Mindfulness,Control,NA,NA,NA,1,NA,Stress,DASS assume validated,D,Distress,Baseline,Post Intervention,0,0,0,0,Post Intervention,NA,NA,Postintervention,Randomized controlled trial,NA,no,20,Mean,SD,0.42,0.34,23,Mean,SD,0.5,0.56,NA,NA,NA,NA,NA,NA,NA,NA,NA,NA,NA,NA,NA,NA,NA
Perez-Blasco 2016,2,Mindfulness,Control,NA,NA,NA,1,NA,Brief Resilient Coping Scale validated in spanish,,U,Real life functioning,Baseline,Post-intervention,0,0,0,0,Post-intervention,NA,NA,Baseline,Randomized controlled trial,NA,no,20,Mean,SD,2.51,0.5,23,Mean,SD,2.87,0.51,NA,NA,NA,NA,NA,NA,NA,NA,NA,NA,NA,NA,NA,NA,NA
Perez-Blasco 2016,2,Mindfulness,Control,NA,NA,NA,1,NA,Brief Resilient Coping Scale validated in spanish,,U,Real life functioning,Baseline,Post-intervention,0,0,0,0,Post-intervention,NA,NA,Postintervention,Randomized controlled trial,NA,no,20,Mean,SD,3.36,0.51,23,Mean,SD,2.86,0.5,NA,NA,NA,NA,NA,NA,NA,NA,NA,NA,NA,NA,NA,NA,NA
Phang 2015,2,Mindfulness,Control,NA,NA,NA,1,NA,Perceived Stress,PSS-10,D,Distress,Baseline,Post Intervention,6 month post int follow up,0,0,0,Post Intervention,6 month post int follow up,NA,1-6months,Randomized controlled trial,NA,no,37,Mean,SD,16.32,7.62,38,Mean,SD,18.7,6.61,NA,NA,NA,NA,NA,NA,NA,NA,NA,NA,NA,NA,NA,NA,NA
Phang 2015,2,Mindfulness,Control,NA,NA,NA,1,NA,Perceived Stress,PSS-10,D,Distress,Baseline,Post Intervention,6 month post int follow up,0,0,0,Post Intervention,6 month post int follow up,NA,Baseline,Randomized controlled trial,NA,no,37,Mean,SD,18.11,6.4,38,Mean,SD,19.58,5.7,NA,NA,NA,NA,NA,NA,NA,NA,NA,NA,NA,NA,NA,NA,NA
Phang 2015,2,Mindfulness,Control,NA,NA,NA,1,NA,Perceived Stress,PSS-10,D,Distress,Baseline,Post Intervention,6 month post int follow up,0,0,0,Post Intervention,6 month post int follow up,NA,Postintervention,Randomized controlled trial,NA,no,37,Mean,SD,15.49,5.46,38,Mean,SD,19.04,5.14,NA,NA,NA,NA,NA,NA,NA,NA,NA,NA,NA,NA,NA,NA,NA
Phang 2015,2,Mindfulness,Control,NA,NA,NA,1,NA,Mindfulness,MAAS,U,Mindfulness,Baseline,Post Intervention,6 month post int follow up,0,0,0,Post Intervention,6 month post int follow up,NA,1-6months,Randomized controlled trial,NA,no,37,Mean,SD,4.45,0.77,38,Mean,SD,4.19,0.85,NA,NA,NA,NA,NA,NA,NA,NA,NA,NA,NA,NA,NA,NA,NA
Phang 2015,2,Mindfulness,Control,NA,NA,NA,1,NA,Mindfulness,MAAS,U,Mindfulness,Baseline,Post Intervention,6 month post int follow up,0,0,0,Post Intervention,6 month post int follow up,NA,Baseline,Randomized controlled trial,NA,no,37,Mean,SD,3.99,0.73,38,Mean,SD,3.91,0.73,NA,NA,NA,NA,NA,NA,NA,NA,NA,NA,NA,NA,NA,NA,NA
Phang 2015,2,Mindfulness,Control,NA,NA,NA,1,NA,Mindfulness,MAAS,U,Mindfulness,Baseline,Post Intervention,6 month post int follow up,0,0,0,Post Intervention,6 month post int follow up,NA,Postintervention,Randomized controlled trial,NA,no,37,Mean,SD,4.44,0.78,38,Mean,SD,4.01,0.88,NA,NA,NA,NA,NA,NA,NA,NA,NA,NA,NA,NA,NA,NA,NA
Phang 2015,2,Mindfulness,Control,NA,NA,NA,1,NA,Self-efficacy,General Self-Efficacy,U,Relationship with self,Baseline,Post Intervention,6 month post int follow up,0,0,0,Post Intervention,6 month post int follow up,NA,1-6months,Randomized controlled trial,NA,no,37,Mean,SD,31.81,4.3,38,Mean,SD,28.97,4.38,NA,NA,NA,NA,NA,NA,NA,NA,NA,NA,NA,NA,NA,NA,NA
Phang 2015,2,Mindfulness,Control,NA,NA,NA,1,NA,Self-efficacy,General Self-Efficacy,U,Relationship with self,Baseline,Post Intervention,6 month post int follow up,0,0,0,Post Intervention,6 month post int follow up,NA,Baseline,Randomized controlled trial,NA,no,37,Mean,SD,30.49,4.27,38,Mean,SD,29.03,4.28,NA,NA,NA,NA,NA,NA,NA,NA,NA,NA,NA,NA,NA,NA,NA
Phang 2015,2,Mindfulness,Control,NA,NA,NA,1,NA,Self-efficacy,General Self-Efficacy,U,Relationship with self,Baseline,Post Intervention,6 month post int follow up,0,0,0,Post Intervention,6 month post int follow up,NA,Postintervention,Randomized controlled trial,NA,no,37,Mean,SD,32.15,3.77,38,Mean,SD,28.36,4.47,NA,NA,NA,NA,NA,NA,NA,NA,NA,NA,NA,NA,NA,NA,NA
Plummer 2018,2,Mindfulness,Control,NA,NA,NA,1,NA,Perceived stress,PSS (cohen 1983),D,Distress,Baseline,Post Intervention,3 month post int follow up,change values from 2 timepoints to baseline,0,0,Post Intervention,3 month post int follow up,NA,1-6months,Randomized controlled trial,NA,no,36,Mean,SD,13.6,6.3,58,Mean,SD,15.7,5.9,NA,NA,NA,NA,NA,NA,NA,NA,NA,NA,NA,NA,NA,NA,NA
Plummer 2018,2,Mindfulness,Control,NA,NA,NA,1,NA,Perceived stress,PSS (cohen 1983),D,Distress,Baseline,Post Intervention,3 month post int follow up,change values from 2 timepoints to baseline,0,0,Post Intervention,3 month post int follow up,NA,Baseline,Randomized controlled trial,NA,no,36,Mean,SD,14.9,5,58,Mean,SD,14.4,5.5,NA,NA,NA,NA,NA,NA,NA,NA,NA,NA,NA,NA,NA,NA,NA
Plummer 2018,2,Mindfulness,Control,NA,NA,NA,1,NA,Perceived stress,PSS (cohen 1983),D,Distress,Baseline,Post Intervention,3 month post int follow up,change values from 2 timepoints to baseline,0,0,Post Intervention,3 month post int follow up,NA,Change_16m,Randomized controlled trial,NA,no,36,Mean,SD,-0.8,4.1,58,Mean,SD,1.3,6.4,NA,NA,NA,NA,NA,NA,NA,NA,NA,NA,NA,NA,NA,NA,NA
Plummer 2018,2,Mindfulness,Control,NA,NA,NA,1,NA,Perceived stress,PSS (cohen 1983),D,Distress,Baseline,Post Intervention,3 month post int follow up,change values from 2 timepoints to baseline,0,0,Post Intervention,3 month post int follow up,NA,Change_pi,Randomized controlled trial,NA,no,36,Mean,SD,-0.7,4.1,58,Mean,SD,1,6.1,NA,NA,NA,NA,NA,NA,NA,NA,NA,NA,NA,NA,NA,NA,NA
Plummer 2018,2,Mindfulness,Control,NA,NA,NA,1,NA,Perceived stress,PSS (cohen 1983),D,Distress,Baseline,Post Intervention,3 month post int follow up,change values from 2 timepoints to baseline,0,0,Post Intervention,3 month post int follow up,NA,Postintervention,Randomized controlled trial,NA,no,36,Mean,SD,14.2,5.3,58,Mean,SD,15.4,6.1,NA,NA,NA,NA,NA,NA,NA,NA,NA,NA,NA,NA,NA,NA,NA
Plummer 2018,2,Mindfulness,Control,NA,NA,NA,1,NA,Mindfulness,CAMS-R,U,Mindfulness,Baseline,Post Intervention,3-month post int follow up,change values from 2 timepoints to baseline,0,0,Post Intervention,3-month post int follow up,NA,1-6months,Randomized controlled trial,NA,no,36,Mean,SD,36.1,5.9,58,Mean,SD,33.4,6.4,NA,NA,NA,NA,NA,NA,NA,NA,NA,NA,NA,NA,NA,NA,NA
Plummer 2018,2,Mindfulness,Control,NA,NA,NA,1,NA,Mindfulness,CAMS-R,U,Mindfulness,Baseline,Post Intervention,3-month post int follow up,change values from 2 timepoints to baseline,0,0,Post Intervention,3-month post int follow up,NA,Baseline,Randomized controlled trial,NA,no,36,Mean,SD,32.9,5.4,58,Mean,SD,33.2,6,NA,NA,NA,NA,NA,NA,NA,NA,NA,NA,NA,NA,NA,NA,NA
Plummer 2018,2,Mindfulness,Control,NA,NA,NA,1,NA,Mindfulness,CAMS-R,U,Mindfulness,Baseline,Post Intervention,3-month post int follow up,change values from 2 timepoints to baseline,0,0,Post Intervention,3-month post int follow up,NA,Change_16m,Randomized controlled trial,NA,no,36,Mean,SD,2.2,3.7,58,Mean,SD,-0.1,4.4,NA,NA,NA,NA,NA,NA,NA,NA,NA,NA,NA,NA,NA,NA,NA
Plummer 2018,2,Mindfulness,Control,NA,NA,NA,1,NA,Mindfulness,CAMS-R,U,Mindfulness,Baseline,Post Intervention,3-month post int follow up,change values from 2 timepoints to baseline,0,0,Post Intervention,3-month post int follow up,NA,Change_pi,Randomized controlled trial,NA,no,36,Mean,SD,2.9,4.7,58,Mean,SD,-0.2,4.2,NA,NA,NA,NA,NA,NA,NA,NA,NA,NA,NA,NA,NA,NA,NA
Plummer 2018,2,Mindfulness,Control,NA,NA,NA,1,NA,Mindfulness,CAMS-R,U,Mindfulness,Baseline,Post Intervention,3-month post int follow up,change values from 2 timepoints to baseline,0,0,Post Intervention,3-month post int follow up,NA,Postintervention,Randomized controlled trial,NA,no,36,Mean,SD,35.8,5,58,Mean,SD,33.1,6.3,NA,NA,NA,NA,NA,NA,NA,NA,NA,NA,NA,NA,NA,NA,NA
Pots 2014,2,Mindfulness,Control,NA,NA,NA,1,NA,Anxiety,HADS A,D,Anxiety,Baseline,Post Intervention,0,0,0,0,Post Intervention,NA,NA,Baseline,Randomized controlled trial,NA,no,76,Mean,SD,7.96,3.4,75,Mean,SD,8.57,3.58,NA,NA,NA,NA,NA,NA,NA,NA,NA,NA,NA,NA,NA,NA,NA
Pots 2014,2,Mindfulness,Control,NA,NA,NA,1,NA,Anxiety,HADS A,D,Anxiety,Baseline,Post Intervention,0,0,0,0,Post Intervention,NA,NA,Change_pi,Randomized controlled trial,NA,no,76,b coefficient,NR,0.6535641,NR,75,b coefficient,NR,0.6535641,NR,NA,NA,NA,NA,NA,NA,NA,NA,NA,NA,NA,NA,NA,NA,NA
Pots 2014,2,Mindfulness,Control,NA,NA,NA,1,NA,Anxiety,HADS A,D,Anxiety,Baseline,Post Intervention,0,0,0,0,Post Intervention,NA,NA,Postintervention,Randomized controlled trial,NA,no,76,Mean,SD,6.14,3.52,75,Mean,SD,8.22,3.89,NA,NA,NA,NA,NA,NA,NA,NA,NA,NA,NA,NA,NA,NA,NA
Pots 2014,2,Mindfulness,Control,NA,NA,NA,1,NA,Depression,CES-D validated in Dutch,D,Depression,Baseline,Post Intervention,0,0,0,0,Post Intervention,NA,NA,Baseline,Randomized controlled trial,NA,no,76,Mean,SD,15.62,7.86,75,Mean,SD,16.46,8.32,NA,NA,NA,NA,NA,NA,NA,NA,NA,NA,NA,NA,NA,NA,NA
Pots 2014,2,Mindfulness,Control,NA,NA,NA,1,NA,Depression,CES-D validated in Dutch,D,Depression,Baseline,Post Intervention,0,0,0,0,Post Intervention,NA,NA,Change_pi,Randomized controlled trial,NA,no,76,b coefficient,NR,0.6655558,NR,75,b coefficient,NR,0.6655558,NR,NA,NA,NA,NA,NA,NA,NA,NA,NA,NA,NA,NA,NA,NA,NA
Pots 2014,2,Mindfulness,Control,NA,NA,NA,1,NA,Depression,CES-D validated in Dutch,D,Depression,Baseline,Post Intervention,0,0,0,0,Post Intervention,NA,NA,Postintervention,Randomized controlled trial,NA,no,76,Mean,SD,11.79,8.76,75,Mean,SD,16.43,9.94,NA,NA,NA,NA,NA,NA,NA,NA,NA,NA,NA,NA,NA,NA,NA
Pots 2014,2,Mindfulness,Control,NA,NA,NA,1,NA,Wellbeing,Mental Health Continuum,U,Mental wellbeing,Baseline,Post Intervention,0,0,0,0,Post Intervention,NA,NA,Baseline,Randomized controlled trial,NA,no,76,Mean,SD,2.77,0.85,75,Mean,SD,2.76,0.82,NA,NA,NA,NA,NA,NA,NA,NA,NA,NA,NA,NA,NA,NA,NA
Pots 2014,2,Mindfulness,Control,NA,NA,NA,1,NA,Wellbeing,Mental Health Continuum,U,Mental wellbeing,Baseline,Post Intervention,0,0,0,0,Post Intervention,NA,NA,Change_pi,Randomized controlled trial,NA,no,76,b coefficient,NR,0.7688864,NR,75,b coefficient,NR,0.7688864,NR,NA,NA,NA,NA,NA,NA,NA,NA,NA,NA,NA,NA,NA,NA,NA
Pots 2014,2,Mindfulness,Control,NA,NA,NA,1,NA,Wellbeing,Mental Health Continuum,U,Mental wellbeing,Baseline,Post Intervention,0,0,0,0,Post Intervention,NA,NA,Postintervention,Randomized controlled trial,NA,no,76,Mean,SD,3.11,0.91,75,Mean,SD,2.82,0.95,NA,NA,NA,NA,NA,NA,NA,NA,NA,NA,NA,NA,NA,NA,NA
Pots 2014,2,Mindfulness,Control,NA,NA,NA,1,NA,Mindfulness,FFMQ subscales,U,Mindfulness,Baseline,Post Intervention,0,0,0,0,Post Intervention,NA,NA,Baseline,Randomized controlled trial,NA,no,76,Mean,SD,115.44,16.21,75,Mean,SD,117.44,19.04,NA,NA,NA,NA,NA,NA,NA,NA,NA,NA,NA,NA,NA,NA,NA
Pots 2014,2,Mindfulness,Control,NA,NA,NA,1,NA,Mindfulness,FFMQ subscales,U,Mindfulness,Baseline,Post Intervention,0,0,0,0,Post Intervention,NA,NA,Change_pi,Randomized controlled trial,NA,no,76,b coefficient,NR,0.8104023,NR,75,b coefficient,NR,0.8104023,NR,NA,NA,NA,NA,NA,NA,NA,NA,NA,NA,NA,NA,NA,NA,NA
Pots 2014,2,Mindfulness,Control,NA,NA,NA,1,NA,Mindfulness,FFMQ subscales,U,Mindfulness,Baseline,Post Intervention,0,0,0,0,Post Intervention,NA,NA,Postintervention,Randomized controlled trial,NA,no,76,Mean,SD,133.42,18.57,75,Mean,SD,120.7,21.81,NA,NA,NA,NA,NA,NA,NA,NA,NA,NA,NA,NA,NA,NA,NA
Richards 2012,2,Mindfulness,Control,NA,NA,NA,1,NA,Mindfulness,FFMQ,U,Mindfulness,Baseline,Change values,0,0,0,0,Change values,NA,NA,Baseline,Randomized controlled trial,NA,no,assume 16,NR,NR,NR,NR,assume 18,NR,NR,NR,NR,NA,NA,NA,NA,NA,NA,NA,NA,NA,NA,NA,NA,NA,NA,NA
Richards 2012,2,Mindfulness,Control,NA,NA,NA,1,NA,Mindfulness,FFMQ,U,Mindfulness,Baseline,Change values,0,0,0,0,Change values,NA,NA,Postintervention,Randomized controlled trial,NA,no,16,NR,NR,NR,NR,18,NR,NR,NR,NR,NA,NA,NA,NA,NA,NA,NA,NA,NA,NA,NA,NA,NA,NA,NA
Richards 2012,2,Mindfulness,Control,NA,NA,NA,1,NA,Self-compassion,SCS-26,U,Relationship with self,Baseline,Post Intervention,0,0,0,0,Post Intervention,NA,NA,Baseline,Randomized controlled trial,NA,no,assume 16,NR,NR,NR,NR,assume 18,NR,NR,NR,NR,NA,NA,NA,NA,NA,NA,NA,NA,NA,NA,NA,NA,NA,NA,NA
Richards 2012,2,Mindfulness,Control,NA,NA,NA,1,NA,Self-compassion,SCS-26,U,Relationship with self,Baseline,Post Intervention,0,0,0,0,Post Intervention,NA,NA,Postintervention,Randomized controlled trial,NA,no,16,Mean,SD,3.77,0.6,18,Mean,SD,3.02,0.67,NA,NA,NA,NA,NA,NA,NA,NA,NA,NA,NA,NA,NA,NA,NA
Richards 2013,2,Mindfulness,Control,NA,NA,NA,1,NA,Mindfulness,FFMQ,U,Mindfulness,Baseline,Post Intervention,0,0,0,0,Post Intervention,NA,NA,Baseline,Randomized controlled trial,NA,no,11,NR,NR,NR,NR,14,NR,NR,NR,NR,NA,NA,NA,NA,NA,NA,NA,NA,NA,NA,NA,NA,NA,NA,NA
Richards 2013,2,Mindfulness,Control,NA,NA,NA,1,NA,Mindfulness,FFMQ,U,Mindfulness,Baseline,Post Intervention,0,0,0,0,Post Intervention,NA,NA,Postintervention,Randomized controlled trial,NA,no,11,Mean,SD,3.72,0.51,14,Mean,SD,3.04,0.48,NA,NA,NA,NA,NA,NA,NA,NA,NA,NA,NA,NA,NA,NA,NA
Richards 2013,2,Mindfulness,Control,NA,NA,NA,1,NA,Self-compassion,SCS 26,U,Relationship with self,Baseline,Post Intervention,0,0,0,0,Post Intervention,NA,NA,Baseline,Randomized controlled trial,NA,no,11,NR,NR,NR,NR,14,NR,NR,NR,NR,NA,NA,NA,NA,NA,NA,NA,NA,NA,NA,NA,NA,NA,NA,NA
Richards 2013,2,Mindfulness,Control,NA,NA,NA,1,NA,Self-compassion,SCS 26,U,Relationship with self,Baseline,Post Intervention,0,0,0,0,Post Intervention,NA,NA,Postintervention,Randomized controlled trial,NA,no,11,Mean,SD,3.65,0.56,14,Mean,SD,2.69,0.56,NA,NA,NA,NA,NA,NA,NA,NA,NA,NA,NA,NA,NA,NA,NA
Robins 2012,2,Mindfulness,Control,NA,NA,NA,1,NA,Mindfulness,FFMQ,U,Mindfulness,Baseline,Post intervention,0,0,0,0,Post intervention,NA,NA,Baseline,Randomized controlled trial,NA,no,20,Mean,SD,121.6,20.31,21,Mean,SD,125.1,22.13,NA,NA,NA,NA,NA,NA,NA,NA,NA,NA,NA,NA,NA,NA,NA
Robins 2012,2,Mindfulness,Control,NA,NA,NA,1,NA,Mindfulness,FFMQ,U,Mindfulness,Baseline,Post intervention,0,0,0,0,Post intervention,NA,NA,Postintervention,Randomized controlled trial,NA,no,20,Mean,SD,138.35,13.27,21,Mean,SD,125.76,21.99,NA,NA,NA,NA,NA,NA,NA,NA,NA,NA,NA,NA,NA,NA,NA
Robins 2012,2,Mindfulness,Control,NA,NA,NA,1,NA,Cognitive Failures,Cognitive Failures Questionnaire,D,Real life functioning,Baseline,Post Intervention,0,0,0,0,Post Intervention,NA,NA,Baseline,Randomized controlled trial,NA,no,20,Mean,SD,67,9.24,21,Mean,SD,70.17,13.13,NA,NA,NA,NA,NA,NA,NA,NA,NA,NA,NA,NA,NA,NA,NA
Robins 2012,2,Mindfulness,Control,NA,NA,NA,1,NA,Cognitive Failures,Cognitive Failures Questionnaire,D,Real life functioning,Baseline,Post Intervention,0,0,0,0,Post Intervention,NA,NA,Postintervention,Randomized controlled trial,NA,no,20,Mean,SD,58.9,9.41,21,Mean,SD,67.6,10.27,NA,NA,NA,NA,NA,NA,NA,NA,NA,NA,NA,NA,NA,NA,NA
Robins 2012,2,Mindfulness,Control,NA,NA,NA,1,NA,Self-compassion,SCS-26,U,Relationship with self,Baseline,Post Intervention,0,0,0,0,Post Intervention,NA,NA,Baseline,Randomized controlled trial,NA,no,20,Mean,SD,73.2,17.58,21,Mean,SD,76.95,19.53,NA,NA,NA,NA,NA,NA,NA,NA,NA,NA,NA,NA,NA,NA,NA
Robins 2012,2,Mindfulness,Control,NA,NA,NA,1,NA,Self-compassion,SCS-26,U,Relationship with self,Baseline,Post Intervention,0,0,0,0,Post Intervention,NA,NA,Postintervention,Randomized controlled trial,NA,no,20,Mean,SD,89.75,15.38,21,Mean,SD,76.86,20.6,NA,NA,NA,NA,NA,NA,NA,NA,NA,NA,NA,NA,NA,NA,NA
Roeser 2013,2,Mindfulness,Control,NA,NA,NA,1,NA,attention/working memory,"Operation Span Task total & stringent scores, errors",U,Cognitive functioning,Baseline,Post Intervention,0,0,0,0,Post Intervention,NA,NA,Baseline,Randomized controlled trial,NA,no,26,Mean,SD,49.72,15.38,32,Mean,SD,53.5,10.92,NA,NA,NA,NA,NA,NA,NA,NA,NA,NA,NA,NA,NA,NA,NA
Roeser 2013,2,Mindfulness,Control,NA,NA,NA,1,NA,attention/working memory,"Operation Span Task total & stringent scores, errors",U,Cognitive functioning,Baseline,Post Intervention,0,0,0,0,Post Intervention,NA,NA,Postintervention,Randomized controlled trial,NA,no,assume 24,Mean,SD,57.16,12.55,assume 32,Mean,SD,55.4,10.93,NA,NA,NA,NA,NA,NA,NA,NA,NA,NA,NA,NA,NA,NA,NA
Roeser 2013,2,Mindfulness,Control,NA,NA,NA,1,NA,Depression,BDI,D,Depression,Baseline,Post Intervention,3 month post int follow up,0,0,0,Post Intervention,3 month post int follow up,NA,1-6months,Randomized controlled trial,NA,no,assume 24,Mean,SD,21.09,4.32,assume 27,Mean,SD,28.43,5.28,NA,NA,NA,NA,NA,NA,NA,NA,NA,NA,NA,NA,NA,NA,NA
Roeser 2013,2,Mindfulness,Control,NA,NA,NA,1,NA,Depression,BDI,D,Depression,Baseline,Post Intervention,3 month post int follow up,0,0,0,Post Intervention,3 month post int follow up,NA,Baseline,Randomized controlled trial,NA,no,28,Mean,SD,27.46,7.15,27,Mean,SD,30.57,5.22,NA,NA,NA,NA,NA,NA,NA,NA,NA,NA,NA,NA,NA,NA,NA
Roeser 2013,2,Mindfulness,Control,NA,NA,NA,1,NA,Depression,BDI,D,Depression,Baseline,Post Intervention,3 month post int follow up,0,0,0,Post Intervention,3 month post int follow up,NA,Postintervention,Randomized controlled trial,NA,no,assume 24,Mean,SD,22.93,5.21,assume 27,Mean,SD,29.22,6.77,NA,NA,NA,NA,NA,NA,NA,NA,NA,NA,NA,NA,NA,NA,NA
Roeser 2013,2,Mindfulness,Control,NA,NA,NA,1,NA,Mindfulness,FFMQ,U,Mindfulness,Baseline,Post Intervention,3 month post int follow up,0,0,0,Post Intervention,3 month post int follow up,NA,1-6months,Randomized controlled trial,NA,no,assume 48,Mean,SD,3.65,0.54,assume 59,Mean,SD,3.15,0.62,NA,NA,NA,NA,NA,NA,NA,NA,NA,NA,NA,NA,NA,NA,NA
Roeser 2013,2,Mindfulness,Control,NA,NA,NA,1,NA,Mindfulness,FFMQ,U,Mindfulness,Baseline,Post Intervention,3 month post int follow up,0,0,0,Post Intervention,3 month post int follow up,NA,Baseline,Randomized controlled trial,NA,no,54,Mean,SD,3.3,0.51,59,Mean,SD,3.13,0.58,NA,NA,NA,NA,NA,NA,NA,NA,NA,NA,NA,NA,NA,NA,NA
Roeser 2013,2,Mindfulness,Control,NA,NA,NA,1,NA,Mindfulness,FFMQ,U,Mindfulness,Baseline,Post Intervention,3 month post int follow up,0,0,0,Post Intervention,3 month post int follow up,NA,Postintervention,Randomized controlled trial,NA,no,assume 48,Mean,SD,3.61,0.49,assume 59,Mean,SD,3.18,0.62,NA,NA,NA,NA,NA,NA,NA,NA,NA,NA,NA,NA,NA,NA,NA
Roeser 2013,2,Mindfulness,Control,NA,NA,NA,1,NA,Number of days absent from work due to illness,self-reported,D,Real life functioning,Baseline,Post Intervention,3 month post int follow up,0,0,0,Post Intervention,3 month post int follow up,NA,1-6months,Randomized controlled trial,NA,no,assume 48,NR ns,NR ns,NR,NR,assume 59,NR ns,NR ns,NR,NR,NA,NA,NA,NA,NA,NA,NA,NA,NA,NA,NA,NA,NA,NA,NA
Roeser 2013,2,Mindfulness,Control,NA,NA,NA,1,NA,Number of days absent from work due to illness,,D,Real life functioning,Baseline,Post Intervention,3 month post int follow up,0,0,0,Post Intervention,3 month post int follow up,NA,Baseline,Randomized controlled trial,NA,no,54,Mean,SD,3.03,3.67,59,Mean,SD,3.85,4.67,NA,NA,NA,NA,NA,NA,NA,NA,NA,NA,NA,NA,NA,NA,NA
Roeser 2013,2,Mindfulness,Control,NA,NA,NA,1,NA,Number of days absent from work due to illness,self-reported,D,Real life functioning,Baseline,Post Intervention,3 month post int follow up,0,0,0,Post Intervention,3 month post int follow up,NA,Postintervention,Randomized controlled trial,NA,no,assume 48,Cohen's d,NR,-0.31,NR,assume 59,Cohen's d,NR,-0.31,NR,NA,NA,NA,NA,NA,NA,NA,NA,NA,NA,NA,NA,NA,NA,NA
Sampl 2017,2,Mindfulness,Control,NA,NA,NA,1,NA,Test anxiety,Prüfungsangstfragebogen,D,Anxiety,Baseline,1-3 months post intervention,0,0,0,0,NA,1-3 months post intervention,NA,1-6months,Randomized controlled trial,NA,no,51,Mean,SD,2.16,0.41,58,Mean,SD,2.63,0.51,NA,NA,NA,NA,NA,NA,NA,NA,NA,NA,NA,NA,NA,NA,NA
Sampl 2017,2,Mindfulness,Control,NA,NA,NA,1,NA,Test anxiety,Prüfungsangstfragebogen,D,Anxiety,Baseline,1-3 months post intervention,0,0,0,0,NA,1-3 months post intervention,NA,Baseline,Randomized controlled trial,NA,no,51,Mean,SD,2.6,0.5,58,Mean,SD,2.73,0.51,NA,NA,NA,NA,NA,NA,NA,NA,NA,NA,NA,NA,NA,NA,NA
Sampl 2017,2,Mindfulness,Control,NA,NA,NA,1,NA,Perceived stress,Perceived Stress Questionnaire 20 item,D,Distress,Baseline,1-3 months post intervention,0,0,0,0,NA,1-3 months post intervention,NA,1-6months,Randomized controlled trial,NA,no,51,Mean,SD,2.42,0.58,58,Mean,SD,2.94,0.5,NA,NA,NA,NA,NA,NA,NA,NA,NA,NA,NA,NA,NA,NA,NA
Sampl 2017,2,Mindfulness,Control,NA,NA,NA,1,NA,Perceived stress,Perceived Stress Questionnaire 20 item,D,Distress,Baseline,1-3 months post intervention,0,0,0,0,NA,1-3 months post intervention,NA,Baseline,Randomized controlled trial,NA,no,51,Mean,SD,2.55,0.65,58,Mean,SD,2.68,0.62,NA,NA,NA,NA,NA,NA,NA,NA,NA,NA,NA,NA,NA,NA,NA
Sampl 2017,2,Mindfulness,Control,NA,NA,NA,1,NA,Mindfulness,MAAS,U,Mindfulness,Baseline,1-3 months post intervention,0,0,0,0,NA,1-3 months post intervention,NA,1-6months,Randomized controlled trial,NA,no,51,Mean,SD,3.95,0.8,58,Mean,SD,3.38,0.88,NA,NA,NA,NA,NA,NA,NA,NA,NA,NA,NA,NA,NA,NA,NA
Sampl 2017,2,Mindfulness,Control,NA,NA,NA,1,NA,Mindfulness,MAAS,U,Mindfulness,Baseline,1-3 months post intervention,0,0,0,0,NA,1-3 months post intervention,NA,Baseline,Randomized controlled trial,NA,no,51,Mean,SD,3.74,0.9,58,Mean,SD,3.55,0.91,NA,NA,NA,NA,NA,NA,NA,NA,NA,NA,NA,NA,NA,NA,NA
Sampl 2017,2,Mindfulness,Control,NA,NA,NA,1,NA,Academic performance,grade point average (GPA),U,Real life functioning,Baseline,1-3 months post intervention,0,0,0,0,NA,1-3 months post intervention,NA,1-6months,Randomized controlled trial,NA,no,39,Mean,SD,1.78,0.53,41,Mean,SD,2.2,0.77,NA,NA,NA,NA,NA,NA,NA,NA,NA,NA,NA,NA,NA,NA,NA
Schellekens 2017,2,Mindfulness,Control,NA,NA,NA,1,NA,Psychological distress,HADS total score,D,Distress,Baseline,Post Intervention,3 month post int follow up,0,0,0,Post Intervention,3 month post int follow up,NA,1-6months,Randomized controlled trial,NA,no,15,Mean,SD,12.73,7.55,16,Mean,SD,11.69,6.52,NA,NA,NA,NA,NA,NA,NA,NA,NA,NA,NA,NA,NA,NA,NA
Schellekens 2017,2,Mindfulness,Control,NA,NA,NA,1,NA,Psychological distress,HADS total score,D,Distress,Baseline,Post Intervention,3 month post int follow up,0,0,0,Post Intervention,3 month post int follow up,NA,Baseline,Randomized controlled trial,NA,no,21,Mean,SD,13.81,6.76,23,Mean,SD,14.74,7.43,NA,NA,NA,NA,NA,NA,NA,NA,NA,NA,NA,NA,NA,NA,NA
Schellekens 2017,2,Mindfulness,Control,NA,NA,NA,1,NA,Psychological distress,HADS total score,D,Distress,Baseline,Post Intervention,3 month post int follow up,0,0,0,Post Intervention,3 month post int follow up,NA,Postintervention,Randomized controlled trial,NA,no,16,Mean,SD,13.88,7.78,19,Mean,SD,13.42,6.98,NA,NA,NA,NA,NA,NA,NA,NA,NA,NA,NA,NA,NA,NA,NA
Schellekens 2017,2,Mindfulness,Control,NA,NA,NA,1,NA,Mindfulness,FFMQ,U,Mindfulness,Baseline,Post Intervention,3 month post int follow up,0,0,0,Post Intervention,3 month post int follow up,NA,1-6months,Randomized controlled trial,NA,no,15,Mean,SD,132.55,16.07,16,Mean,SD,133.44,15.53,NA,NA,NA,NA,NA,NA,NA,NA,NA,NA,NA,NA,NA,NA,NA
Schellekens 2017,2,Mindfulness,Control,NA,NA,NA,1,NA,Mindfulness,FFMQ,U,Mindfulness,Baseline,Post Intervention,3 month post int follow up,0,0,0,Post Intervention,3 month post int follow up,NA,Baseline,Randomized controlled trial,NA,no,21,Mean,SD,131.86,15.28,23,Mean,SD,127.38,17.68,NA,NA,NA,NA,NA,NA,NA,NA,NA,NA,NA,NA,NA,NA,NA
Schellekens 2017,2,Mindfulness,Control,NA,NA,NA,1,NA,Mindfulness,FFMQ,U,Mindfulness,Baseline,Post Intervention,3 month post int follow up,0,0,0,Post Intervention,3 month post int follow up,NA,Postintervention,Randomized controlled trial,NA,no,16,Mean,SD,132.21,16.32,19,Mean,SD,133.44,15.53,NA,NA,NA,NA,NA,NA,NA,NA,NA,NA,NA,NA,NA,NA,NA
Schellekens 2017,2,Mindfulness,Control,NA,NA,NA,1,NA,Self-compassion,SCS-26 Dutch,U,Relationship with self,Baseline,Post intervention,3-month post intervention follow-up,0,0,0,Post intervention,3-month post intervention follow-up,NA,1-6months,Randomized controlled trial,NA,no,15,Mean,SD,108.69,17.53,16,Mean,SD,105.13,18.02,NA,NA,NA,NA,NA,NA,NA,NA,NA,NA,NA,NA,NA,NA,NA
Schellekens 2017,2,Mindfulness,Control,NA,NA,NA,1,NA,Self-compassion,SCS-26 Dutch,U,Relationship with self,Baseline,Post intervention,3-month post intervention follow-up,0,0,0,Post intervention,3-month post intervention follow-up,NA,Baseline,Randomized controlled trial,NA,no,21,Mean,SD,107.48,14.07,23,Mean,SD,103.39,20.13,NA,NA,NA,NA,NA,NA,NA,NA,NA,NA,NA,NA,NA,NA,NA
Schellekens 2017,2,Mindfulness,Control,NA,NA,NA,1,NA,Self-compassion,SCS-26 Dutch,U,Relationship with self,Baseline,Post intervention,3-month post intervention follow-up,0,0,0,Post intervention,3-month post intervention follow-up,NA,Postintervention,Randomized controlled trial,NA,no,16,Mean,SD,109.13,16.28,19,Mean,SD,105.22,24.07,NA,NA,NA,NA,NA,NA,NA,NA,NA,NA,NA,NA,NA,NA,NA
Schroeder 2018,2,Mindfulness,Control,NA,NA,NA,1,NA,Perceived stress,PSS-10,D,Distress,Baseline,Post Intervention (within 7 days of the weekend long MBI),3 month post int follow up,Baseline to 3-Month FU change,0,0,Post Intervention (within 7 days of the weekend long MBI),3 month post int follow up,NA,1-6months,Randomized controlled trial,NA,no,13,Mean,SD,13.23,5.19,13,Mean,SD,20.21,6.65,NA,NA,NA,NA,NA,NA,NA,NA,NA,NA,NA,NA,NA,NA,NA
Schroeder 2018,2,Mindfulness,Control,NA,NA,NA,1,NA,Perceived stress,PSS-10,D,Distress,Baseline,Post Intervention (within 7 days of the weekend long MBI),3 month post int follow up,Baseline to 3-Month FU change,0,0,Post Intervention (within 7 days of the weekend long MBI),3 month post int follow up,NA,Baseline,Randomized controlled trial,NA,no,16,Mean,SD,19.43,5.3,17,Mean,SD,21.64,4.52,NA,NA,NA,NA,NA,NA,NA,NA,NA,NA,NA,NA,NA,NA,NA
Schroeder 2018,2,Mindfulness,Control,NA,NA,NA,1,NA,Perceived stress,PSS-10,D,Distress,Baseline,Post Intervention (within 7 days of the weekend long MBI),3 month post int follow up,Baseline to 3-Month FU change,0,0,Post Intervention (within 7 days of the weekend long MBI),3 month post int follow up,NA,Change_16m,Randomized controlled trial,NA,no,13,Mean,95% CI,6.2,3.96 to 9.87,13,Mean,95% CI,1.43,-1.83 to 4.54,NA,NA,NA,NA,NA,NA,NA,NA,NA,NA,NA,NA,NA,NA,NA
Schroeder 2018,2,Mindfulness,Control,NA,NA,NA,1,NA,Perceived stress,PSS-10,D,Distress,Baseline,Post Intervention (within 7 days of the weekend long MBI),3 month post int follow up,Baseline to 3-Month FU change,0,0,Post Intervention (within 7 days of the weekend long MBI),3 month post int follow up,NA,Postintervention,Randomized controlled trial,NA,no,15,Mean,SD,17.93,5.27,14,Mean,SD,20.14,5.99,NA,NA,NA,NA,NA,NA,NA,NA,NA,NA,NA,NA,NA,NA,NA
Schroeder 2018,2,Mindfulness,Control,NA,NA,NA,1,NA,Mindfulness,MAAS,U,Mindfulness,Baseline,Post Intervention (within 7 days of the weekend long MBI),3 month post int follow up,Baseline to 3-Month FU change,0,0,Post Intervention (within 7 days of the weekend long MBI),3 month post int follow up,NA,1-6months,Randomized controlled trial,NA,no,13,Mean,SD,4.04,1.02,13,Mean,SD,3.18,0.58,NA,NA,NA,NA,NA,NA,NA,NA,NA,NA,NA,NA,NA,NA,NA
Schroeder 2018,2,Mindfulness,Control,NA,NA,NA,1,NA,Mindfulness,MAAS,U,Mindfulness,Baseline,Post Intervention (within 7 days of the weekend long MBI),3 month post int follow up,Baseline to 3-Month FU change,0,0,Post Intervention (within 7 days of the weekend long MBI),3 month post int follow up,NA,Baseline,Randomized controlled trial,NA,no,16,Mean,SD,3.42,0.96,17,Mean,SD,3.32,0.76,NA,NA,NA,NA,NA,NA,NA,NA,NA,NA,NA,NA,NA,NA,NA
Schroeder 2018,2,Mindfulness,Control,NA,NA,NA,1,NA,Mindfulness,MAAS,U,Mindfulness,Baseline,Post Intervention (within 7 days of the weekend long MBI),3 month post int follow up,Baseline to 3-Month FU change,0,0,Post Intervention (within 7 days of the weekend long MBI),3 month post int follow up,NA,Change_16m,Randomized controlled trial,NA,no,13,Mean,95% CI,-0.62,-1.18 to -0.47,13,Mean,95% CI,0.14,-0.30 to 0.41 ,NA,NA,NA,NA,NA,NA,NA,NA,NA,NA,NA,NA,NA,NA,NA
Schroeder 2018,2,Mindfulness,Control,NA,NA,NA,1,NA,Mindfulness,MAAS,U,Mindfulness,Baseline,Post Intervention (within 7 days of the weekend long MBI),3 month post int follow up,Baseline to 3-Month FU change,0,0,Post Intervention (within 7 days of the weekend long MBI),3 month post int follow up,NA,Postintervention,Randomized controlled trial,NA,no,15,Mean,SD,3.62,0.89,14,Mean,SD,3.08,0.76,NA,NA,NA,NA,NA,NA,NA,NA,NA,NA,NA,NA,NA,NA,NA
Schroeder 2018,2,Mindfulness,Control,NA,NA,NA,1,NA,Patient Self-Reported Satisfaction With Primary Care Physician,Routine survey,U,Real life functioning,Baseline,3 month post int follow up,0,0,0,0,NA,3 month post int follow up,NA,1-6months,Randomized controlled trial,NA,no,13,Mean,SD,9.19,1.44,13,Mean,SD,9.04,1.23,NA,NA,NA,NA,NA,NA,NA,NA,NA,NA,NA,NA,NA,NA,NA
Schroeder 2018,2,Mindfulness,Control,NA,NA,NA,1,NA,Patient Self-Reported Satisfaction With Primary Care Physician,Routine survey,U,Real life functioning,Baseline,3 month post int follow up,0,0,0,0,NA,3 month post int follow up,NA,Baseline,Randomized controlled trial,NA,no,16,Mean,SD,9.12,1.36,17,Mean,SD,9.01,1.29,NA,NA,NA,NA,NA,NA,NA,NA,NA,NA,NA,NA,NA,NA,NA
Schroeder 2018,2,Mindfulness,Control,NA,NA,NA,1,NA,Resilience,Brief Resilience Scale,U,Real life functioning,Baseline,Post-intervention (within 7 days of intervention end),3-month post intervention follow-up,baseline to 3-month follow-up change,0,0,Post-intervention (within 7 days of intervention end),3-month post intervention follow-up,NA,Change_16m,Randomized controlled trial,NA,no,13,Mean,95% CI,-2.53,-5.72 to 0.49,13,Mean,95% CI,0.42,-2.36 to 2.50,NA,NA,NA,NA,NA,NA,NA,NA,NA,NA,NA,NA,NA,NA,NA
Schroeder 2018,2,Mindfulness,Control,NA,NA,NA,1,NA,Resilience,Brief Resilience Scale,U,Real life functioning,Baseline,Post-intervention (within 7 days of intervention end),3-month post intervention follow-up,baseline to 3-month follow-up change,0,0,Post-intervention (within 7 days of intervention end),3-month post intervention follow-up,NA,Postintervention,Randomized controlled trial,NA,no,15,Mean,SD,22.33,4.74,14,Mean,SD,19.42,4.21,NA,NA,NA,NA,NA,NA,NA,NA,NA,NA,NA,NA,NA,NA,NA
Shapiro 1998,2,Mindfulness,Control,NA,NA,NA,1,NA,Anxiety,Spielberger Anxiety Scale State and Trait,D,Anxiety,Baseline,Post Intervention,0,0,0,0,Post Intervention,NA,NA,Baseline,Randomized controlled trial,NA,no,assume 36,NR,NR,NR,NR,assume 37,NR,NR,NR,NR,NA,NA,NA,NA,NA,NA,NA,NA,NA,NA,NA,NA,NA,NA,NA
Shapiro 1998,2,Mindfulness,Control,NA,NA,NA,1,NA,Anxiety,Spielberger Anxiety Scale State and Trait,D,Anxiety,Baseline,Post Intervention,0,0,0,0,Post Intervention,NA,NA,Postintervention,Randomized controlled trial,NA,no,36,p-value from t-test,dir,0.02,-1,37,p-value from t-test,dir,0.02,-1,NA,NA,NA,NA,NA,NA,NA,NA,NA,NA,NA,NA,NA,NA,NA
Shapiro 1998,2,Mindfulness,Control,NA,NA,NA,1,NA,Psychological distress,SCL-90,D,Distress,Baseline,Post Intervention,0,0,0,0,Post Intervention,NA,NA,Baseline,Randomized controlled trial,NA,no,assume 36,NR,NR,NR,NR,assume 37,NR,NR,NR,NR,NA,NA,NA,NA,NA,NA,NA,NA,NA,NA,NA,NA,NA,NA,NA
Shapiro 1998,2,Mindfulness,Control,NA,NA,NA,1,NA,Psychological distress,SCL-90,D,Distress,Baseline,Post Intervention,0,0,0,0,Post Intervention,NA,NA,Postintervention,Randomized controlled trial,NA,no,36,ANOVA F,dir,6.62,-1,37,ANOVA F,dir,6.62,-1,NA,NA,NA,NA,NA,NA,NA,NA,NA,NA,NA,NA,NA,NA,NA
Shapiro 2005,2,Mindfulness,Control,NA,NA,NA,1,NA,Perceived stress,PSS,D,Distress,Baseline,Post Intervention,0,0,0,0,Post Intervention,NA,NA,Baseline,Randomized controlled trial,NA,no,10,NR,NR,NR,NR,18,NR,NR,NR,NR,NA,NA,NA,NA,NA,NA,NA,NA,NA,NA,NA,NA,NA,NA,NA
Shapiro 2005,2,Mindfulness,Control,NA,NA,NA,1,NA,Perceived stress,PSS,D,Distress,Baseline,Post Intervention,0,0,0,0,Post Intervention,NA,NA,Postintervention,Randomized controlled trial,NA,no,10,ANOVA F,dir,4.4,-1,18,ANOVA F,dir,4.4,-1,NA,NA,NA,NA,NA,NA,NA,NA,NA,NA,NA,NA,NA,NA,NA
Shapiro 2005,2,Mindfulness,Control,NA,NA,NA,1,NA,Life satisfaction,SWLS,U,Mental wellbeing,Baseline,Post intervention,0,0,0,0,Post intervention,NA,NA,Baseline,Randomized controlled trial,NA,no,10,NR,NR,NR,NR,18,NR,NR,NR,NR,NA,NA,NA,NA,NA,NA,NA,NA,NA,NA,NA,NA,NA,NA,NA
Shapiro 2005,2,Mindfulness,Control,NA,NA,NA,1,NA,Life satisfaction,SWLS,U,Mental wellbeing,Baseline,Post intervention,0,0,0,0,Post intervention,NA,NA,Postintervention,Randomized controlled trial,NA,no,10,ANOVA F,dir,3.84,1,18,ANOVA F,dir,3.84,1,NA,NA,NA,NA,NA,NA,NA,NA,NA,NA,NA,NA,NA,NA,NA
Shapiro 2005,2,Mindfulness,Control,NA,NA,NA,1,NA,Burnout,MBI,D,Real life functioning,Baseline,Post Intervention,0,0,0,0,Post Intervention,NA,NA,Baseline,Randomized controlled trial,NA,no,10,NR,NR,NR,NR,18,NR,NR,NR,NR,NA,NA,NA,NA,NA,NA,NA,NA,NA,NA,NA,NA,NA,NA,NA
Shapiro 2005,2,Mindfulness,Control,NA,NA,NA,1,NA,Burnout,MBI,D,Real life functioning,Baseline,Post Intervention,0,0,0,0,Post Intervention,NA,NA,Postintervention,Randomized controlled trial,NA,no,10,ANOVA F,dir,1.69,-1,18,ANOVA F,dir,1.69,-1,NA,NA,NA,NA,NA,NA,NA,NA,NA,NA,NA,NA,NA,NA,NA
Shapiro 2005,2,Mindfulness,Control,NA,NA,NA,1,NA,Self-compassion,SCS 26,U,Relationship with self,Baseline,Post Intervention,0,0,0,0,Post Intervention,NA,NA,Baseline,Randomized controlled trial,NA,no,10,NR,NR,NR,NR,18,NR,NR,NR,NR,NA,NA,NA,NA,NA,NA,NA,NA,NA,NA,NA,NA,NA,NA,NA
Shapiro 2005,2,Mindfulness,Control,NA,NA,NA,1,NA,Self-compassion,SCS 26,U,Relationship with self,Baseline,Post Intervention,0,0,0,0,Post Intervention,NA,NA,Postintervention,Randomized controlled trial,NA,no,10,ANOVA F,dir,9.85,1,18,ANOVA F,dir,9.85,1,NA,NA,NA,NA,NA,NA,NA,NA,NA,NA,NA,NA,NA,NA,NA
Shapiro 2019,2,Mindfulness,Control,NA,NA,NA,1,NA,Depression,PHQ-8,D,Depression,Baseline,Post Intervention,0,0,0,0,Post Intervention,NA,NA,Baseline,Randomized controlled trial,NA,no,20,Mean,SD,7.6,4.85,21,Mean,SD,6.95,4.03,NA,NA,NA,NA,NA,NA,NA,NA,NA,NA,NA,NA,NA,NA,NA
Shapiro 2019,2,Mindfulness,Control,NA,NA,NA,1,NA,Depression,PHQ-8,D,Depression,Baseline,Post Intervention,0,0,0,0,Post Intervention,NA,NA,Change_pi,Randomized controlled trial,NA,no,15,b coefficient,NR,0.3887073,NR,13,b coefficient,NR,0.3887073,NR,NA,NA,NA,NA,NA,NA,NA,NA,NA,NA,NA,NA,NA,NA,NA
Shapiro 2019,2,Mindfulness,Control,NA,NA,NA,1,NA,Depression,PHQ-8,D,Depression,Baseline,Post Intervention,0,0,0,0,Post Intervention,NA,NA,Postintervention,Randomized controlled trial,NA,no,15,Mean,SD,5.87,4.97,13,Mean,SD,5.85,2.97,NA,NA,NA,NA,NA,NA,NA,NA,NA,NA,NA,NA,NA,NA,NA
Shapiro 2019,2,Mindfulness,Control,NA,NA,NA,1,NA,Perceived Stress,PSS,D,Distress,Baseline,Post Intervention,0,0,0,0,Post Intervention,NA,NA,Baseline,Randomized controlled trial,NA,no,20,Mean,SD,15.45,5.21,21,Mean,SD,16.95,3.73,NA,NA,NA,NA,NA,NA,NA,NA,NA,NA,NA,NA,NA,NA,NA
Shapiro 2019,2,Mindfulness,Control,NA,NA,NA,1,NA,Perceived Stress,PSS,D,Distress,Baseline,Post Intervention,0,0,0,0,Post Intervention,NA,NA,Change_pi,Randomized controlled trial,NA,no,14,b coefficient,NR,0.6886611,NR,13,b coefficient,NR,0.6886611,NR,NA,NA,NA,NA,NA,NA,NA,NA,NA,NA,NA,NA,NA,NA,NA
Shapiro 2019,2,Mindfulness,Control,NA,NA,NA,1,NA,Perceived Stress,PSS,D,Distress,Baseline,Post Intervention,0,0,0,0,Post Intervention,NA,NA,Postintervention,Randomized controlled trial,NA,no,14,Mean,SD,11.5,5.03,13,Mean,SD,13.31,6.07,NA,NA,NA,NA,NA,NA,NA,NA,NA,NA,NA,NA,NA,NA,NA
Shapiro 2019,2,Mindfulness,Control,NA,NA,NA,1,NA,Mindfulness,FFMQ,U,Mindfulness,Baseline,Post Intervention,0,0,0,0,Post Intervention,NA,NA,Baseline,Randomized controlled trial,NA,no,20,Mean,SD,112.15,23.23,20,Mean,SD,114.35,17.55,NA,NA,NA,NA,NA,NA,NA,NA,NA,NA,NA,NA,NA,NA,NA
Shapiro 2019,2,Mindfulness,Control,NA,NA,NA,1,NA,Mindfulness,FFMQ,U,Mindfulness,Baseline,Post Intervention,0,0,0,0,Post Intervention,NA,NA,Change_pi,Randomized controlled trial,NA,no,14,b coefficient,NR,0.6945517,NR,13,b coefficient,NR,0.6945517,NR,NA,NA,NA,NA,NA,NA,NA,NA,NA,NA,NA,NA,NA,NA,NA
Shapiro 2019,2,Mindfulness,Control,NA,NA,NA,1,NA,Mindfulness,FFMQ,U,Mindfulness,Baseline,Post Intervention,0,0,0,0,Post Intervention,NA,NA,Postintervention,Randomized controlled trial,NA,no,14,Mean,SD,128.5,19.81,13,Mean,SD,124,22.78,NA,NA,NA,NA,NA,NA,NA,NA,NA,NA,NA,NA,NA,NA,NA
?tefan 2018,2,Mindfulness,Control,NA,NA,NA,1,NA,Social anxiety,Liebowitz Social Anxiety Scale validated in Romanian,D,Anxiety,Baseline,Post Intervention,0,0,0,0,Post Intervention,NA,NA,Baseline,Randomized controlled trial,NA,no,22,Mean,SD,49.45,14.03,24,Mean,SD,47.04,10.13,NA,NA,NA,NA,NA,NA,NA,NA,NA,NA,NA,NA,NA,NA,NA
?tefan 2018,2,Mindfulness,Control,NA,NA,NA,1,NA,Social anxiety,Liebowitz Social Anxiety Scale validated in Romanian,D,Anxiety,Baseline,Post Intervention,0,0,0,0,Post Intervention,NA,NA,Postintervention,Randomized controlled trial,NA,no,22,Mean,SD,32.23,16.35,24,Mean,SD,46.21,13.37,NA,NA,NA,NA,NA,NA,NA,NA,NA,NA,NA,NA,NA,NA,NA
?tefan 2018,2,Mindfulness,Control,NA,NA,NA,1,NA,Depression,BDI-II validated in Romanian,D,Depression,Baseline,Post Intervention,0,0,0,0,Post Intervention,NA,NA,Baseline,Randomized controlled trial,NA,no,22,Mean,SD,10.68,6.36,24,Mean,SD,9.04,5.45,NA,NA,NA,NA,NA,NA,NA,NA,NA,NA,NA,NA,NA,NA,NA
?tefan 2018,2,Mindfulness,Control,NA,NA,NA,1,NA,Depression,BDI-II validated in Romanian,D,Depression,Baseline,Post Intervention,0,0,0,0,Post Intervention,NA,NA,Postintervention,Randomized controlled trial,NA,no,22,Mean,SD,6.82,5.2,24,Mean,SD,8.71,5.68,NA,NA,NA,NA,NA,NA,NA,NA,NA,NA,NA,NA,NA,NA,NA
?tefan 2018,2,Mindfulness,Control,NA,NA,NA,1,NA,Perceived stress,PSS-10 validated in Romanian,D,Distress,Baseline,Post Intervention,0,0,0,0,Post Intervention,NA,NA,Baseline,Randomized controlled trial,NA,no,22,Mean,SD,27.45,6.43,24,Mean,SD,26.75,6.6,NA,NA,NA,NA,NA,NA,NA,NA,NA,NA,NA,NA,NA,NA,NA
?tefan 2018,2,Mindfulness,Control,NA,NA,NA,1,NA,Perceived stress,PSS-10 validated in Romanian,D,Distress,Baseline,Post Intervention,0,0,0,0,Post Intervention,NA,NA,Postintervention,Randomized controlled trial,NA,no,22,Mean,SD,20.73,5.21,24,Mean,SD,25.7,8.1,NA,NA,NA,NA,NA,NA,NA,NA,NA,NA,NA,NA,NA,NA,NA
?tefan 2018,2,Mindfulness,Control,NA,NA,NA,1,NA,Self-compassion,SCS-12 validated in Romanian,U,Relationship with self,Baseline,Post Intervention,0,0,0,0,Post Intervention,NA,NA,Baseline,Randomized controlled trial,NA,no,22,Mean,SD,35.54,5.71,24,Mean,SD,37.62,5,NA,NA,NA,NA,NA,NA,NA,NA,NA,NA,NA,NA,NA,NA,NA
?tefan 2018,2,Mindfulness,Control,NA,NA,NA,1,NA,Self-compassion,SCS-12 validated in Romanian,U,Relationship with self,Baseline,Post Intervention,0,0,0,0,Post Intervention,NA,NA,Postintervention,Randomized controlled trial,NA,no,22,Mean,SD,42.91,8.66,24,Mean,SD,37.38,6.88,NA,NA,NA,NA,NA,NA,NA,NA,NA,NA,NA,NA,NA,NA,NA
Steinberg 2016,2,Mindfulness,Control,NA,NA,NA,1,NA,Perceived Stress,PSS,D,Distress,Baseline,Post Intervention,0,0,0,0,Post Intervention,NA,NA,Baseline,Randomized controlled trial,NA,no,16,NR,NR,NR,NR,16,NR,NR,NR,NR,NA,NA,NA,NA,NA,NA,NA,NA,NA,NA,NA,NA,NA,NA,NA
Steinberg 2016,2,Mindfulness,Control,NA,NA,NA,1,NA,Perceived Stress,PSS,D,Distress,Baseline,Post Intervention,0,0,0,0,Post Intervention,NA,NA,Postintervention,Randomized controlled trial,NA,no,16,NR ns,NR ns,NR,NR,16,NR ns,NR ns,NR,NR,NA,NA,NA,NA,NA,NA,NA,NA,NA,NA,NA,NA,NA,NA,NA
Steinberg 2016,2,Mindfulness,Control,NA,NA,NA,1,NA,Mindfulness -FFMQ,,U,Mindfulness,Baseline,Post Intervention,0,0,0,0,Post Intervention,NA,NA,Baseline,Randomized controlled trial,NA,no,16,NR,NR,NR,NR,16,NR,NR,NR,NR,NA,NA,NA,NA,NA,NA,NA,NA,NA,NA,NA,NA,NA,NA,NA
Steinberg 2016,2,Mindfulness,Control,NA,NA,NA,1,NA,Mindfulness -FFMQ,,U,Mindfulness,Baseline,Post Intervention,0,0,0,0,Post Intervention,NA,NA,Postintervention,Randomized controlled trial,NA,no,16,NR,NR,NR,NR,16,NR,NR,NR,NR,NA,NA,NA,NA,NA,NA,NA,NA,NA,NA,NA,NA,NA,NA,NA
Steinberg 2016,2,Mindfulness,Control,NA,NA,NA,1,NA,Burnout,MBI,D,Real life functioning,Baseline,Post intervention,0,0,0,0,Post intervention,NA,NA,Baseline,Randomized controlled trial,NA,no,16,NR,NR,NR,NR,16,NR,NR,NR,NR,NA,NA,NA,NA,NA,NA,NA,NA,NA,NA,NA,NA,NA,NA,NA
Steinberg 2016,2,Mindfulness,Control,NA,NA,NA,1,NA,Burnout,MBI,D,Real life functioning,Baseline,Post intervention,0,0,0,0,Post intervention,NA,NA,Postintervention,Randomized controlled trial,NA,no,16,NR ns,NR ns,NR,NR,16,NR ns,NR ns,NR,NR,NA,NA,NA,NA,NA,NA,NA,NA,NA,NA,NA,NA,NA,NA,NA
Strub 2013,2,Mindfulness,Control,NA,NA,NA,1,NA,Depression,BDI-13 validated in French- Include,D,Depression,Baseline,Post Intervention,0,0,0,0,Post Intervention,NA,NA,Baseline,Randomized controlled trial,NA,no,10,Mean,SD,4.701,2.75,10,Mean,SD,1.502,1.9,NA,NA,NA,NA,NA,NA,NA,NA,NA,NA,NA,NA,NA,NA,NA
Strub 2013,2,Mindfulness,Control,NA,NA,NA,1,NA,Depression,BDI-13 validated in French- Include,D,Depression,Baseline,Post Intervention,0,0,0,0,Post Intervention,NA,NA,Postintervention,Randomized controlled trial,NA,no,10,Mean,SD,2.7,1.7,10,Mean,SD,1.2,1.87,NA,NA,NA,NA,NA,NA,NA,NA,NA,NA,NA,NA,NA,NA,NA
Strub 2013,2,Mindfulness,Control,NA,NA,NA,1,NA,Perceived Stress,PSS validated in french,D,Distress,Baseline,Post Intervention,0,0,0,0,Post Intervention,NA,NA,Baseline,Randomized controlled trial,NA,no,10,Mean,SD,39.8,5.99,10,Mean,SD,31.4,7.94,NA,NA,NA,NA,NA,NA,NA,NA,NA,NA,NA,NA,NA,NA,NA
Strub 2013,2,Mindfulness,Control,NA,NA,NA,1,NA,Perceived Stress,PSS validated in french,D,Distress,Baseline,Post Intervention,0,0,0,0,Post Intervention,NA,NA,Postintervention,Randomized controlled trial,NA,no,10,Mean,SD,38.4,5.66,10,Mean,SD,27.9,8.42,NA,NA,NA,NA,NA,NA,NA,NA,NA,NA,NA,NA,NA,NA,NA
Strub 2013,2,Mindfulness,Control,NA,NA,NA,1,NA,Burnout,MBI subscales validated in French,D,Real life functioning,Baseline,Post Intervention,0,0,0,0,Post Intervention,NA,NA,Baseline,Randomized controlled trial,NA,no,10,Mean,SD,21.8,9.43,10,Mean,SD,9.302,9.15,NA,NA,NA,NA,NA,NA,NA,NA,NA,NA,NA,NA,NA,NA,NA
Strub 2013,2,Mindfulness,Control,NA,NA,NA,1,NA,Burnout,MBI subscales validated in French,D,Real life functioning,Baseline,Post Intervention,0,0,0,0,Post Intervention,NA,NA,Postintervention,Randomized controlled trial,NA,no,10,Mean,SD,15.3,7.31,10,Mean,SD,6.504,7.26,NA,NA,NA,NA,NA,NA,NA,NA,NA,NA,NA,NA,NA,NA,NA
Thomas 2016,2,Mindfulness,Control,NA,NA,NA,1,NA,Depression,BDI-II,D,Depression,Baseline,Post Intervention,0,0,0,0,Post Intervention,NA,NA,Baseline,Randomized controlled trial,NA,no,12,Mean,SD,9.8,5.41,12,Mean,SD,11.25,7.28,NA,NA,NA,NA,NA,NA,NA,NA,NA,NA,NA,NA,NA,NA,NA
Thomas 2016,2,Mindfulness,Control,NA,NA,NA,1,NA,Depression,BDI-II,D,Depression,Baseline,Post Intervention,0,0,0,0,Post Intervention,NA,NA,Postintervention,Randomized controlled trial,NA,no,assume 12,Mean,SD,3.88,3.14,assume 12,Mean,SD,9.18,8.38,NA,NA,NA,NA,NA,NA,NA,NA,NA,NA,NA,NA,NA,NA,NA
VanBerkel 2014,2,Mindfulness,Control,NA,NA,NA,1,NA,Mindfulness,MAAS Dutch,U,Mindfulness,Baseline,Post intervention,six-month post int follow up (assume),0,0,0,Post intervention,six-month post int follow up (assume),NA,1-6months,Randomized controlled trial,NA,no,115,Mean,SD,3.9,0.6,108,Mean,SD,4,0.7,NA,NA,NA,NA,NA,NA,NA,NA,NA,NA,NA,NA,NA,NA,NA
VanBerkel 2014,2,Mindfulness,Control,NA,NA,NA,1,NA,Mindfulness,MAAS Dutch,U,Mindfulness,Baseline,Post intervention,six-month post int follow up (assume),0,0,0,Post intervention,six-month post int follow up (assume),NA,Baseline,Randomized controlled trial,NA,no,129,Mean,SD,4,0.6,128,Mean,SD,4,0.7,NA,NA,NA,NA,NA,NA,NA,NA,NA,NA,NA,NA,NA,NA,NA
VanBerkel 2014,2,Mindfulness,Control,NA,NA,NA,1,NA,Mindfulness,MAAS Dutch,U,Mindfulness,Baseline,Post intervention,six-month post int follow up (assume),0,0,0,Post intervention,six-month post int follow up (assume),NA,Postintervention,Randomized controlled trial,NA,no,113,Mean,SD,4,0.6,110,Mean,SD,4,0.8,NA,NA,NA,NA,NA,NA,NA,NA,NA,NA,NA,NA,NA,NA,NA
VanBerkel 2014,2,Mindfulness,Control,NA,NA,NA,1,NA,Work engagement,Utrecht Work Engagement Scale (Dutch validated),U,Real life functioning,Baseline,Post intervention (assume),six-month post int follow up (assume),0,0,0,Post intervention (assume),six-month post int follow up (assume),NA,1-6months,Randomized controlled trial,NA,no,120,Mean,SD,3.9,0.9,110,Mean,SD,4,0.9,NA,NA,NA,NA,NA,NA,NA,NA,NA,NA,NA,NA,NA,NA,NA
VanBerkel 2014,2,Mindfulness,Control,NA,NA,NA,1,NA,Work engagement,Utrecht Work Engagement Scale (Dutch validated),U,Real life functioning,Baseline,Post intervention (assume),six-month post int follow up (assume),0,0,0,Post intervention (assume),six-month post int follow up (assume),NA,Baseline,Randomized controlled trial,NA,no,129,Mean,SD,4.1,0.8,126,Mean,SD,4,0.9,NA,NA,NA,NA,NA,NA,NA,NA,NA,NA,NA,NA,NA,NA,NA
VanBerkel 2014,2,Mindfulness,Control,NA,NA,NA,1,NA,Work engagement,Utrecht Work Engagement Scale (Dutch validated),U,Real life functioning,Baseline,Post intervention (assume),six-month post int follow up (assume),0,0,0,Post intervention (assume),six-month post int follow up (assume),NA,Postintervention,Randomized controlled trial,NA,no,115,Mean,SD,4,0.9,107,Mean,SD,4,0.9,NA,NA,NA,NA,NA,NA,NA,NA,NA,NA,NA,NA,NA,NA,NA
VanDam 2014,2,Mindfulness,Control,NA,NA,NA,1,NA,Anxiety,STICSA- Included,D,Anxiety,Baseline,1 month post int follow up,0,0,0,0,NA,1 month post int follow up,NA,1-6months,Randomized controlled trial,NA,no,21,Mean,SD,37.78,6.28,13,Mean,SD,47.38,8.22,NA,NA,NA,NA,NA,NA,NA,NA,NA,NA,NA,NA,NA,NA,NA
VanDam 2014,2,Mindfulness,Control,NA,NA,NA,1,NA,Anxiety,STICSA- Included,D,Anxiety,Baseline,1 month post int follow up,0,0,0,0,NA,1 month post int follow up,NA,Baseline,Randomized controlled trial,NA,no,21,Mean,SD,46.87,7.69,13,Mean,SD,48.85,10.19,NA,NA,NA,NA,NA,NA,NA,NA,NA,NA,NA,NA,NA,NA,NA
VanDam 2014,2,Mindfulness,Control,NA,NA,NA,1,NA,Depression,CES-D R,D,Depression,Baseline,1 month post int follow up,0,0,0,0,NA,1 month post int follow up,NA,1-6months,Randomized controlled trial,NA,no,21,Mean,SD,31.48,7.23,13,Mean,SD,42.77,11.23,NA,NA,NA,NA,NA,NA,NA,NA,NA,NA,NA,NA,NA,NA,NA
VanDam 2014,2,Mindfulness,Control,NA,NA,NA,1,NA,Depression,CES-D R,D,Depression,Baseline,1 month post int follow up,0,0,0,0,NA,1 month post int follow up,NA,Baseline,Randomized controlled trial,NA,no,21,Mean,SD,45.09,13.5,13,Mean,SD,44.69,16.93,NA,NA,NA,NA,NA,NA,NA,NA,NA,NA,NA,NA,NA,NA,NA
VanDam 2014,2,Mindfulness,Control,NA,NA,NA,1,NA,Perceived stress,PSS-10,D,Distress,Baseline,1 month post int follow up,0,0,0,0,NA,1 month post int follow up,NA,1-6months,Randomized controlled trial,NA,no,21,Mean,SD,30.7,2.34,13,Mean,SD,32.31,2.96,NA,NA,NA,NA,NA,NA,NA,NA,NA,NA,NA,NA,NA,NA,NA
VanDam 2014,2,Mindfulness,Control,NA,NA,NA,1,NA,Perceived stress,PSS-10,D,Distress,Baseline,1 month post int follow up,0,0,0,0,NA,1 month post int follow up,NA,Baseline,Randomized controlled trial,NA,no,21,Mean,SD,32.5,2.33,13,Mean,SD,32.46,3.18,NA,NA,NA,NA,NA,NA,NA,NA,NA,NA,NA,NA,NA,NA,NA
VanDam 2014,2,Mindfulness,Control,NA,NA,NA,1,NA,Mindfulness -FFMQ,,U,Mindfulness,Baseline,1 month post int follow up,0,0,0,0,NA,1 month post int follow up,NA,1-6months,Randomized controlled trial,NA,no,21,Mean,SD,120.78,16.59,13,Mean,SD,114.54,15.94,NA,NA,NA,NA,NA,NA,NA,NA,NA,NA,NA,NA,NA,NA,NA
VanDam 2014,2,Mindfulness,Control,NA,NA,NA,1,NA,Mindfulness -FFMQ,,U,Mindfulness,Baseline,1 month post int follow up,0,0,0,0,NA,1 month post int follow up,NA,Baseline,Randomized controlled trial,NA,no,21,Mean,SD,107.78,14.67,13,Mean,SD,114.08,21.9,NA,NA,NA,NA,NA,NA,NA,NA,NA,NA,NA,NA,NA,NA,NA
VanDam 2014,2,Mindfulness,Control,NA,NA,NA,1,NA,Self-compassion,SCS-26,U,Relationship with self,Baseline,1 month post int follow up,0,0,0,0,NA,1 month post int follow up,NA,1-6months,Randomized controlled trial,NA,no,21,Mean,SD,2.96,0.54,13,Mean,SD,2.61,0.65,NA,NA,NA,NA,NA,NA,NA,NA,NA,NA,NA,NA,NA,NA,NA
VanDam 2014,2,Mindfulness,Control,NA,NA,NA,1,NA,Self-compassion,SCS-26,U,Relationship with self,Baseline,1 month post int follow up,0,0,0,0,NA,1 month post int follow up,NA,Baseline,Randomized controlled trial,NA,no,21,Mean,SD,2.56,0.51,13,Mean,SD,2.49,0.77,NA,NA,NA,NA,NA,NA,NA,NA,NA,NA,NA,NA,NA,NA,NA
vanDijk 2017,2,Mindfulness,Control,NA,NA,NA,1,NA,Psychological Distress,Brief Symptom Inventory (BSI) Dutch validated,D,Distress,Baseline,Post Intervention,4 month post int follow up,9 month post int follow up,1 year post int follow up,17 month post int follow up,Post Intervention,4 month post int follow up,17 month post int follow up,1-6months,Cluster randomized controlled trial,NR,no,74,Mean,95% CI,0.3,0.24 to 0.35,57,Mean,95% CI,0.45,0.34 to 0.55,NA,NA,NA,NA,NA,NA,NA,NA,NA,NA,NA,NA,NA,NA,NA
vanDijk 2017,2,Mindfulness,Control,NA,NA,NA,1,NA,Psychological Distress,Brief Symptom Inventory (BSI) Dutch validated,D,Distress,Baseline,Post Intervention,4 month post int follow up,9 month post int follow up,1 year post int follow up,17 month post int follow up,Post Intervention,4 month post int follow up,17 month post int follow up,6+months,Cluster randomized controlled trial,NR,no,67,Mean,95% CI,0.3,0.24 to 0.35,58,Mean,95% CI,0.37,0.29 to 0.46,NA,NA,NA,NA,NA,NA,NA,NA,NA,NA,NA,NA,NA,NA,NA
vanDijk 2017,2,Mindfulness,Control,NA,NA,NA,1,NA,Psychological Distress,Brief Symptom Inventory (BSI) Dutch validated,D,Distress,Baseline,Post Intervention,4 month post int follow up,9 month post int follow up,1 year post int follow up,17 month post int follow up,Post Intervention,4 month post int follow up,17 month post int follow up,Baseline,Cluster randomized controlled trial,NR,no,83,Mean,95% CI,0.38,0.32 to 0.44,84,Mean,95% CI,0.42,0.35 to 0.48,NA,NA,NA,NA,NA,NA,NA,NA,NA,NA,NA,NA,NA,NA,NA
vanDijk 2017,2,Mindfulness,Control,NA,NA,NA,1,NA,Psychological Distress,Brief Symptom Inventory (BSI) Dutch validated,D,Distress,Baseline,Post Intervention,4 month post int follow up,9 month post int follow up,1 year post int follow up,17 month post int follow up,Post Intervention,4 month post int follow up,17 month post int follow up,Postintervention,Cluster randomized controlled trial,NR,no,73,Mean,95% CI,0.31,0.25 to 0.37,68,Mean,95% CI,0.36,0.29 to 0.43,NA,NA,NA,NA,NA,NA,NA,NA,NA,NA,NA,NA,NA,NA,NA
vanDijk 2017,2,Mindfulness,Control,NA,NA,NA,1,NA,Wellbeing,Mental Health Continuum,U,Mental wellbeing,Baseline,Post Intervention,4 month post int follow up,9 month post int follow up,1 year post int follow up,17 month post int follow up,Post Intervention,4 month post int follow up,17 month post int follow up,1-6months,Cluster randomized controlled trial,NR,no,74,Mean,95% CI,49.5,47.4 to 51.5,57,Mean,95% CI,44.4,41.4 to 47.4,NA,NA,NA,NA,NA,NA,NA,NA,NA,NA,NA,NA,NA,NA,NA
vanDijk 2017,2,Mindfulness,Control,NA,NA,NA,1,NA,Wellbeing,Mental Health Continuum,U,Mental wellbeing,Baseline,Post Intervention,4 month post int follow up,9 month post int follow up,1 year post int follow up,17 month post int follow up,Post Intervention,4 month post int follow up,17 month post int follow up,6+months,Cluster randomized controlled trial,NR,no,67,Mean,95% CI,51.4,48.5 to 54.3,58,Mean,95% CI,46.2,43.4 to 49.0,NA,NA,NA,NA,NA,NA,NA,NA,NA,NA,NA,NA,NA,NA,NA
vanDijk 2017,2,Mindfulness,Control,NA,NA,NA,1,NA,Wellbeing,Mental Health Continuum,U,Mental wellbeing,Baseline,Post Intervention,4 month post int follow up,9 month post int follow up,1 year post int follow up,17 month post int follow up,Post Intervention,4 month post int follow up,17 month post int follow up,Baseline,Cluster randomized controlled trial,NR,no,83,Mean,95% CI,44.9,42.6 to 47.2,84,Mean,95% CI,45.2,43.3 to 47.2,NA,NA,NA,NA,NA,NA,NA,NA,NA,NA,NA,NA,NA,NA,NA
vanDijk 2017,2,Mindfulness,Control,NA,NA,NA,1,NA,Wellbeing,Mental Health Continuum,U,Mental wellbeing,Baseline,Post Intervention,4 month post int follow up,9 month post int follow up,1 year post int follow up,17 month post int follow up,Post Intervention,4 month post int follow up,17 month post int follow up,Postintervention,Cluster randomized controlled trial,NR,no,73,Mean,95% CI,46.7,44.3 to 49.1,68,Mean,95% CI,46.1,43.8 to 48.3,NA,NA,NA,NA,NA,NA,NA,NA,NA,NA,NA,NA,NA,NA,NA
vanDijk 2017,2,Mindfulness,Control,NA,NA,NA,1,NA,Mindfulness,FFMQ Dutch validation,U,Mindfulness,Baseline,Post Intervention,4 month post int follow up,9 month post int follow up,1 year post int follow up,17 month post int follow up,Post Intervention,4 month post int follow up,17 month post int follow up,1-6months,Cluster randomized controlled trial,NR,no,74,Mean,95% CI,135,131.7 to 138.3,57,Mean,95% CI,125.9,121.7 to 130.0,NA,NA,NA,NA,NA,NA,NA,NA,NA,NA,NA,NA,NA,NA,NA
vanDijk 2017,2,Mindfulness,Control,NA,NA,NA,1,NA,Mindfulness,FFMQ Dutch validation,U,Mindfulness,Baseline,Post Intervention,4 month post int follow up,9 month post int follow up,1 year post int follow up,17 month post int follow up,Post Intervention,4 month post int follow up,17 month post int follow up,6+months,Cluster randomized controlled trial,NR,no,67,Mean,95% CI,135.6,131.1 to 140.0,58,Mean,95% CI,127.7,123.3 to 132.1,NA,NA,NA,NA,NA,NA,NA,NA,NA,NA,NA,NA,NA,NA,NA
vanDijk 2017,2,Mindfulness,Control,NA,NA,NA,1,NA,Mindfulness,FFMQ Dutch validation,U,Mindfulness,Baseline,Post Intervention,4 month post int follow up,9 month post int follow up,1 year post int follow up,17 month post int follow up,Post Intervention,4 month post int follow up,17 month post int follow up,Baseline,Cluster randomized controlled trial,NR,no,83,Mean,95% CI,131.3,128.1 to 134.5,84,Mean,95% CI,128.5,125.4 to 131.5,NA,NA,NA,NA,NA,NA,NA,NA,NA,NA,NA,NA,NA,NA,NA
vanDijk 2017,2,Mindfulness,Control,NA,NA,NA,1,NA,Mindfulness,FFMQ Dutch validation,U,Mindfulness,Baseline,Post Intervention,4 month post int follow up,9 month post int follow up,1 year post int follow up,17 month post int follow up,Post Intervention,4 month post int follow up,17 month post int follow up,Postintervention,Cluster randomized controlled trial,NR,no,73,Mean,95% CI,134,130.8 to 137.3,68,Mean,95% CI,127.7,124.3 to 131.1,NA,NA,NA,NA,NA,NA,NA,NA,NA,NA,NA,NA,NA,NA,NA
vanDijk 2017,2,Mindfulness,Control,NA,NA,NA,1,NA,Professionalism,clinical performance in simulation patients (only mentioned in protocol),?(mentioned in protocol only),Real life functioning,Baseline,Postintervention,4-month post-int follow-up,9 month post int follow up,1 year follow up,17 month post int follow up,Postintervention,4-month post-int follow-up,17 month post int follow up,1-6months,Cluster randomized controlled trial,NR,no,NR,NR,NR,NR,NR,NR,NR,NR,NR,NR,NA,NA,NA,NA,NA,NA,NA,NA,NA,NA,NA,NA,NA,NA,NA
vanDijk 2017,2,Mindfulness,Control,NA,NA,NA,1,NA,Professionalism,clinical performance in simulation patients (only mentioned in protocol),?(mentioned in protocol only),Real life functioning,Baseline,Postintervention,4-month post-int follow-up,9 month post int follow up,1 year follow up,17 month post int follow up,Postintervention,4-month post-int follow-up,17 month post int follow up,6+months,Cluster randomized controlled trial,NR,no,NR,NR,NR,NR,NR,NR,NR,NR,NR,NR,NA,NA,NA,NA,NA,NA,NA,NA,NA,NA,NA,NA,NA,NA,NA
vanDijk 2017,2,Mindfulness,Control,NA,NA,NA,1,NA,Professionalism,clinical performance in simulation patients (only mentioned in protocol),?(mentioned in protocol only),Real life functioning,Baseline,Postintervention,4-month post-int follow-up,9 month post int follow up,1 year follow up,17 month post int follow up,Postintervention,4-month post-int follow-up,17 month post int follow up,Baseline,Cluster randomized controlled trial,NR,no,NR,NR,NR,NR,NR,NR,NR,NR,NR,NR,NA,NA,NA,NA,NA,NA,NA,NA,NA,NA,NA,NA,NA,NA,NA
vanDijk 2017,2,Mindfulness,Control,NA,NA,NA,1,NA,Professionalism,clinical performance in simulation patients (only mentioned in protocol),?(mentioned in protocol only),Real life functioning,Baseline,Postintervention,4-month post-int follow-up,9 month post int follow up,1 year follow up,17 month post int follow up,Postintervention,4-month post-int follow-up,17 month post int follow up,Postintervention,Cluster randomized controlled trial,NR,no,NR,NR,NR,NR,NR,NR,NR,NR,NR,NR,NA,NA,NA,NA,NA,NA,NA,NA,NA,NA,NA,NA,NA,NA,NA
Verweij 2018,2,Mindfulness,Control,NA,NA,NA,1,NA,Wellbeing,Mental Health Continuum,U,Mental wellbeing,Baseline,Post Intervention,0,0,0,0,Post Intervention,NA,NA,Baseline,Randomized controlled trial,NA,no,80,Mean,SD,3,0.8,68,Mean,SD,3,0.7,NA,NA,NA,NA,NA,NA,NA,NA,NA,NA,NA,NA,NA,NA,NA
Verweij 2018,2,Mindfulness,Control,NA,NA,NA,1,NA,Wellbeing,Mental Health Continuum,U,Mental wellbeing,Baseline,Post Intervention,0,0,0,0,Post Intervention,NA,NA,Postintervention,Randomized controlled trial,NA,no,71,Mean,SD,3.3,0.6,67,Mean,SD,3.1,0.9,NA,NA,NA,NA,NA,NA,NA,NA,NA,NA,NA,NA,NA,NA,NA
Verweij 2018,2,Mindfulness,Control,NA,NA,NA,1,NA,Mindfulness,FFMQ Dutch validation,U,Mindfulness,Baseline,Post intervention,0,0,0,0,Post intervention,NA,NA,Baseline,Randomized controlled trial,NA,no,80,Mean,SD,74.5,11.3,68,Mean,SD,74.7,10.9,NA,NA,NA,NA,NA,NA,NA,NA,NA,NA,NA,NA,NA,NA,NA
Verweij 2018,2,Mindfulness,Control,NA,NA,NA,1,NA,Mindfulness,FFMQ Dutch validation,U,Mindfulness,Baseline,Post intervention,0,0,0,0,Post intervention,NA,NA,Postintervention,Randomized controlled trial,NA,no,71,Mean,SD,79.3,10.3,67,Mean,SD,76.2,10.8,NA,NA,NA,NA,NA,NA,NA,NA,NA,NA,NA,NA,NA,NA,NA
Verweij 2018,2,Mindfulness,Control,NA,NA,NA,1,NA,Burnout,MBI Dutch validated subscales,D,Real life functioning,Baseline,Post intervention,0,0,0,0,Post intervention,NA,NA,Baseline,Randomized controlled trial,NA,no,80,Mean,SD,16.5,7.8,68,Mean,SD,14.5,7.1,NA,NA,NA,NA,NA,NA,NA,NA,NA,NA,NA,NA,NA,NA,NA
Verweij 2018,2,Mindfulness,Control,NA,NA,NA,1,NA,Burnout,MBI Dutch validated subscales,D,Real life functioning,Baseline,Post intervention,0,0,0,0,Post intervention,NA,NA,Postintervention,Randomized controlled trial,NA,no,71,Mean,SD,15,5.7,67,Mean,SD,13.7,7.8,NA,NA,NA,NA,NA,NA,NA,NA,NA,NA,NA,NA,NA,NA,NA
Verweij 2018,2,Mindfulness,Control,NA,NA,NA,1,NA,Self-compassion,SCS-SF 12 item Dutch validated,U,Relationship with self,Baseline,Post Intervention,0,0,0,0,Post Intervention,NA,NA,Baseline,Randomized controlled trial,NA,no,80,Mean,SD,3.9,1,68,Mean,SD,3.8,1.1,NA,NA,NA,NA,NA,NA,NA,NA,NA,NA,NA,NA,NA,NA,NA
Verweij 2018,2,Mindfulness,Control,NA,NA,NA,1,NA,Self-compassion,SCS-SF 12 item Dutch validated,U,Relationship with self,Baseline,Post Intervention,0,0,0,0,Post Intervention,NA,NA,Postintervention,Randomized controlled trial,NA,no,71,Mean,SD,4.3,1,67,Mean,SD,3.9,1.1,NA,NA,NA,NA,NA,NA,NA,NA,NA,NA,NA,NA,NA,NA,NA
Vieten 2008,2,Mindfulness,Control,NA,NA,NA,1,NA,Depression,CES-D,D,Depression,Baseline,Post Intervention,change values,1 month post int follow up,0,0,Post Intervention,1 month post int follow up,NA,1-6months,Randomized controlled trial,NA,no,assume 13,Cohen's d,NR,0.581443928,NR,assume 18,Cohen's d,NR,0.581443928,NR,NA,NA,NA,NA,NA,NA,NA,NA,NA,NA,NA,NA,NA,NA,NA
Vieten 2008,2,Mindfulness,Control,NA,NA,NA,1,NA,Depression,CES-D,D,Depression,Baseline,Post Intervention,change values,1 month post int follow up,0,0,Post Intervention,1 month post int follow up,NA,Baseline,Randomized controlled trial,NA,no,13,Mean,SD,20.4,8.4,18,Mean,SD,14.2,5.4,NA,NA,NA,NA,NA,NA,NA,NA,NA,NA,NA,NA,NA,NA,NA
Vieten 2008,2,Mindfulness,Control,NA,NA,NA,1,NA,Depression,CES-D,D,Depression,Baseline,Post Intervention,change values,1 month post int follow up,0,0,Post Intervention,1 month post int follow up,NA,Change_pi,Randomized controlled trial,NA,no,13,Mean,SD,3.6,5.2,18,Mean,SD,-4.6,7.3,NA,NA,NA,NA,NA,NA,NA,NA,NA,NA,NA,NA,NA,NA,NA
Vieten 2008,2,Mindfulness,Control,NA,NA,NA,1,NA,Depression,CES-D,D,Depression,Baseline,Post Intervention,change values,1 month post int follow up,0,0,Post Intervention,1 month post int follow up,NA,Postintervention,Randomized controlled trial,NA,no,13,Mean,SD,16.2,7.3,18,Mean,SD,17.2,7.4,NA,NA,NA,NA,NA,NA,NA,NA,NA,NA,NA,NA,NA,NA,NA
Vieten 2008,2,Mindfulness,Control,NA,NA,NA,1,NA,Perceived stress,PSS,D,Distress,Baseline,Post Intervention,change values,1 month post int follow up,0,0,Post Intervention,1 month post int follow up,NA,1-6months,Randomized controlled trial,NA,no,assume 13,Cohen's d,NR,0.595046844,NR,assume 18,Cohen's d,NR,0.595046844,NR,NA,NA,NA,NA,NA,NA,NA,NA,NA,NA,NA,NA,NA,NA,NA
Vieten 2008,2,Mindfulness,Control,NA,NA,NA,1,NA,Perceived stress,PSS,D,Distress,Baseline,Post Intervention,change values,1 month post int follow up,0,0,Post Intervention,1 month post int follow up,NA,Baseline,Randomized controlled trial,NA,no,13,Mean,SD,20.1,5.1,18,Mean,SD,17.1,5,NA,NA,NA,NA,NA,NA,NA,NA,NA,NA,NA,NA,NA,NA,NA
Vieten 2008,2,Mindfulness,Control,NA,NA,NA,1,NA,Perceived stress,PSS,D,Distress,Baseline,Post Intervention,change values,1 month post int follow up,0,0,Post Intervention,1 month post int follow up,NA,Change_pi,Randomized controlled trial,NA,no,13,Mean,SD,3.5,5.7,18,Mean,SD,-0.71,6.2,NA,NA,NA,NA,NA,NA,NA,NA,NA,NA,NA,NA,NA,NA,NA
Vieten 2008,2,Mindfulness,Control,NA,NA,NA,1,NA,Perceived stress,PSS,D,Distress,Baseline,Post Intervention,change values,1 month post int follow up,0,0,Post Intervention,1 month post int follow up,NA,Postintervention,Randomized controlled trial,NA,no,13,Mean,SD,15.9,5.7,18,Mean,SD,16.9,4.6,NA,NA,NA,NA,NA,NA,NA,NA,NA,NA,NA,NA,NA,NA,NA
Vieten 2008,2,Mindfulness,Control,NA,NA,NA,1,NA,Mindfulness,MAAS,U,Mindfulness,Baseline,Post Intervention,change values,1 month post int follow up,0,0,Post Intervention,1 month post int follow up,NA,1-6months,Randomized controlled trial,NA,no,assume 13,Cohen's d,NR,0.18921586,NR,assume 18,Cohen's d,NR,0.18921586,NR,NA,NA,NA,NA,NA,NA,NA,NA,NA,NA,NA,NA,NA,NA,NA
Vieten 2008,2,Mindfulness,Control,NA,NA,NA,1,NA,Mindfulness,MAAS,U,Mindfulness,Baseline,Post Intervention,change values,1 month post int follow up,0,0,Post Intervention,1 month post int follow up,NA,Baseline,Randomized controlled trial,NA,no,13,Mean,SD,3.6,0.76,18,Mean,SD,3.8,0.57,NA,NA,NA,NA,NA,NA,NA,NA,NA,NA,NA,NA,NA,NA,NA
Vieten 2008,2,Mindfulness,Control,NA,NA,NA,1,NA,Mindfulness,MAAS,U,Mindfulness,Baseline,Post Intervention,change values,1 month post int follow up,0,0,Post Intervention,1 month post int follow up,NA,Change_pi,Randomized controlled trial,NA,no,13,Mean,SD,0.19,0.45,18,Mean,SD,-0.23,0.64,NA,NA,NA,NA,NA,NA,NA,NA,NA,NA,NA,NA,NA,NA,NA
Vieten 2008,2,Mindfulness,Control,NA,NA,NA,1,NA,Mindfulness,MAAS,U,Mindfulness,Baseline,Post Intervention,change values,1 month post int follow up,0,0,Post Intervention,1 month post int follow up,NA,Postintervention,Randomized controlled trial,NA,no,13,Mean,SD,3.8,0.82,18,Mean,SD,3.6,0.72,NA,NA,NA,NA,NA,NA,NA,NA,NA,NA,NA,NA,NA,NA,NA
Wang 2012,2,Mindfulness,Control,NA,NA,NA,1,NA,Attention,Stroop task congruent and incongruent RT,D,Cognitive functioning,Baseline,Post Intervention,0,0,0,0,Post Intervention,NA,NA,Baseline,Randomized controlled trial,NA,no,15,Mean,SE,700,24,16,Mean,SE,736,24,NA,NA,NA,NA,NA,NA,NA,NA,NA,NA,NA,NA,NA,NA,NA
Wang 2012,2,Mindfulness,Control,NA,NA,NA,1,NA,Attention,Stroop task congruent and incongruent RT,D,Cognitive functioning,Baseline,Post Intervention,0,0,0,0,Post Intervention,NA,NA,Postintervention,Randomized controlled trial,NA,no,15,Mean,SE,649,26,16,Mean,SE,738,25,NA,NA,NA,NA,NA,NA,NA,NA,NA,NA,NA,NA,NA,NA,NA
Woolhouse 2014,2,Mindfulness,Control,NA,NA,NA,1,NA,Anxiety,DASS-21,D,Anxiety,Baseline,Post Intervention,change values,0,0,0,Post Intervention,NA,NA,Baseline,Randomized controlled trial,NA,no,13,Mean,SD,8.62,7.72,10,Mean,SD,7,8.34,NA,NA,NA,NA,NA,NA,NA,NA,NA,NA,NA,NA,NA,NA,NA
Woolhouse 2014,2,Mindfulness,Control,NA,NA,NA,1,NA,Anxiety,DASS-21,D,Anxiety,Baseline,Post Intervention,change values,0,0,0,Post Intervention,NA,NA,Change_pi,Randomized controlled trial,NA,no,13,Mean,95% CI,4,0.69 to 7.31,10,Mean,95% CI,2.2,-0.92 to 5.32,NA,NA,NA,NA,NA,NA,NA,NA,NA,NA,NA,NA,NA,NA,NA
Woolhouse 2014,2,Mindfulness,Control,NA,NA,NA,1,NA,Anxiety,DASS-21,D,Anxiety,Baseline,Post Intervention,change values,0,0,0,Post Intervention,NA,NA,Postintervention,Randomized controlled trial,NA,no,13,Mean,SD,4.62,3.95,10,Mean,SD,4.8,5.9,NA,NA,NA,NA,NA,NA,NA,NA,NA,NA,NA,NA,NA,NA,NA
Woolhouse 2014,2,Mindfulness,Control,NA,NA,NA,1,NA,Depression,CES-D,D,Depression,Baseline,Post Intervention,change values,0,0,0,Post Intervention,NA,NA,Baseline,Randomized controlled trial,NA,no,13,Mean,SD,14.42,10.05,10,Mean,SD,13.7,8,NA,NA,NA,NA,NA,NA,NA,NA,NA,NA,NA,NA,NA,NA,NA
Woolhouse 2014,2,Mindfulness,Control,NA,NA,NA,1,NA,Depression,CES-D,D,Depression,Baseline,Post Intervention,change values,0,0,0,Post Intervention,NA,NA,Change_pi,Randomized controlled trial,NA,no,13,Mean,95% CI,2.33,-4.60 to 9.27,10,Mean,95% CI,3.6,-1.40 to 8.60,NA,NA,NA,NA,NA,NA,NA,NA,NA,NA,NA,NA,NA,NA,NA
Woolhouse 2014,2,Mindfulness,Control,NA,NA,NA,1,NA,Depression,CES-D,D,Depression,Baseline,Post Intervention,change values,0,0,0,Post Intervention,NA,NA,Postintervention,Randomized controlled trial,NA,no,13,Mean,SD,12.08,4.17,10,Mean,SD,10.1,8.72,NA,NA,NA,NA,NA,NA,NA,NA,NA,NA,NA,NA,NA,NA,NA
Woolhouse 2014,2,Mindfulness,Control,NA,NA,NA,1,NA,Perceived stress,PSS-10,D,Distress,Baseline,Post Intervention,change values,0,0,0,Post Intervention,NA,NA,Baseline,Randomized controlled trial,NA,no,13,Mean,SD,17.92,7.14,10,Mean,SD,16.9,7.08,NA,NA,NA,NA,NA,NA,NA,NA,NA,NA,NA,NA,NA,NA,NA
Woolhouse 2014,2,Mindfulness,Control,NA,NA,NA,1,NA,Perceived stress,PSS-10,D,Distress,Baseline,Post Intervention,change values,0,0,0,Post Intervention,NA,NA,Change_pi,Randomized controlled trial,NA,no,13,Mean,95% CI,1.38,-4.16 to 6.93,10,Mean,95% CI,2.5,-1.38 to 6.38,NA,NA,NA,NA,NA,NA,NA,NA,NA,NA,NA,NA,NA,NA,NA
Woolhouse 2014,2,Mindfulness,Control,NA,NA,NA,1,NA,Perceived stress,PSS-10,D,Distress,Baseline,Post Intervention,change values,0,0,0,Post Intervention,NA,NA,Postintervention,Randomized controlled trial,NA,no,13,Mean,SD,16.54,6.12,10,Mean,SD,14.4,8.41,NA,NA,NA,NA,NA,NA,NA,NA,NA,NA,NA,NA,NA,NA,NA
Woolhouse 2014,2,Mindfulness,Control,NA,NA,NA,1,NA,Mindfulness,FFMQ,U,Mindfulness,Baseline,Post Intervention,change values,0,0,0,Post Intervention,NA,NA,Baseline,Randomized controlled trial,NA,no,13,Mean,SD,121.55,23.65,10,Mean,SD,126.5,15.77,NA,NA,NA,NA,NA,NA,NA,NA,NA,NA,NA,NA,NA,NA,NA
Woolhouse 2014,2,Mindfulness,Control,NA,NA,NA,1,NA,Mindfulness,FFMQ,U,Mindfulness,Baseline,Post Intervention,change values,0,0,0,Post Intervention,NA,NA,Change_pi,Randomized controlled trial,NA,no,13,Mean,95% CI,-13,-27.79 to 1.79,10,Mean,95% CI,-7,-15.53 to 1.53,NA,NA,NA,NA,NA,NA,NA,NA,NA,NA,NA,NA,NA,NA,NA
Woolhouse 2014,2,Mindfulness,Control,NA,NA,NA,1,NA,Mindfulness,FFMQ,U,Mindfulness,Baseline,Post Intervention,change values,0,0,0,Post Intervention,NA,NA,Postintervention,Randomized controlled trial,NA,no,13,Mean,SD,134.55,20.55,10,Mean,SD,133.5,12.43,NA,NA,NA,NA,NA,NA,NA,NA,NA,NA,NA,NA,NA,NA,NA
Xu 2015,2,Mindfulness,Control,NA,NA,NA,1,NA,Mood,Brief Profile of Mood State (POMS) in the last week,D,Distress,Baseline,Post Intervention,change values,0,0,0,Post Intervention,NA,NA,Baseline,Randomized controlled trial,NA,no,45,Mean,SD,33.9,18,45,Mean,SD,33.7,19.6,NA,NA,NA,NA,NA,NA,NA,NA,NA,NA,NA,NA,NA,NA,NA
Xu 2015,2,Mindfulness,Control,NA,NA,NA,1,NA,Mood,Brief Profile of Mood State (POMS) in the last week,D,Distress,Baseline,Post Intervention,change values,0,0,0,Post Intervention,NA,NA,Change_pi,Randomized controlled trial,NA,no,38,Mean,SD,-4.57,9.13,41,Mean,SD,0.22,7.96,NA,NA,NA,NA,NA,NA,NA,NA,NA,NA,NA,NA,NA,NA,NA
Xu 2015,2,Mindfulness,Control,NA,NA,NA,1,NA,Mood,Brief Profile of Mood State (POMS) in the last week,D,Distress,Baseline,Post Intervention,change values,0,0,0,Post Intervention,NA,NA,Postintervention,Randomized controlled trial,NA,no,38,Mean,SD,29.3,14.8,41,Mean,SD,33.9,19,NA,NA,NA,NA,NA,NA,NA,NA,NA,NA,NA,NA,NA,NA,NA
Xu 2015,2,Mindfulness,Control,NA,NA,NA,1,NA,Mindfulness,Five Facet Mindfulness Questionnaire (FFMQ),U,Mindfulness,Baseline,Post Intervention,change values,0,0,0,Post Intervention,NA,NA,Baseline,Randomized controlled trial,NA,no,45,Mean,SD,121.2,12.5,45,Mean,SD,118.2,14.6,NA,NA,NA,NA,NA,NA,NA,NA,NA,NA,NA,NA,NA,NA,NA
Xu 2015,2,Mindfulness,Control,NA,NA,NA,1,NA,Mindfulness,Five Facet Mindfulness Questionnaire (FFMQ),U,Mindfulness,Baseline,Post Intervention,change values,0,0,0,Post Intervention,NA,NA,Change_pi,Randomized controlled trial,NA,no,38,Mean,SD,4.61,9.34,41,Mean,SD,-0.59,5.32,NA,NA,NA,NA,NA,NA,NA,NA,NA,NA,NA,NA,NA,NA,NA
Xu 2015,2,Mindfulness,Control,NA,NA,NA,1,NA,Mindfulness,Five Facet Mindfulness Questionnaire (FFMQ),U,Mindfulness,Baseline,Post Intervention,change values,0,0,0,Post Intervention,NA,NA,Postintervention,Randomized controlled trial,NA,no,38,Mean,SD,125.9,11.9,41,Mean,SD,117.7,15.9,NA,NA,NA,NA,NA,NA,NA,NA,NA,NA,NA,NA,NA,NA,NA
Yazdanimehr 2016,2,Mindfulness,Control,NA,NA,NA,1,NA,Anxiety,BAI,D,Anxiety,Baseline,Post Intervention,1 month post int follow up,0,0,0,Post Intervention,1 month post int follow up,NA,1-6months,Randomized controlled trial,NA,no,30,Mean,SD,10.8,6.8,33,Mean,SD,20.78,6.18,NA,NA,NA,NA,NA,NA,NA,NA,NA,NA,NA,NA,NA,NA,NA
Yazdanimehr 2016,2,Mindfulness,Control,NA,NA,NA,1,NA,Anxiety,BAI,D,Anxiety,Baseline,Post Intervention,1 month post int follow up,0,0,0,Post Intervention,1 month post int follow up,NA,Baseline,Randomized controlled trial,NA,no,30,Mean,SD,19.76,6.33,33,Mean,SD,20.24,6.11,NA,NA,NA,NA,NA,NA,NA,NA,NA,NA,NA,NA,NA,NA,NA
Yazdanimehr 2016,2,Mindfulness,Control,NA,NA,NA,1,NA,Anxiety,BAI,D,Anxiety,Baseline,Post Intervention,1 month post int follow up,0,0,0,Post Intervention,1 month post int follow up,NA,Postintervention,Randomized controlled trial,NA,no,30,Mean,SD,10.86,4.48,33,Mean,SD,20.54,6.75,NA,NA,NA,NA,NA,NA,NA,NA,NA,NA,NA,NA,NA,NA,NA
Yazdanimehr 2016,2,Mindfulness,Control,NA,NA,NA,1,NA,Depression,Edinburgh Postnatal Depression Scale,D,Depression,Baseline,Post Intervention,1 month post int follow up,0,0,0,Post Intervention,1 month post int follow up,NA,1-6months,Randomized controlled trial,NA,no,30,Mean,SD,9.03,2.95,33,Mean,SD,16.03,2.45,NA,NA,NA,NA,NA,NA,NA,NA,NA,NA,NA,NA,NA,NA,NA
Yazdanimehr 2016,2,Mindfulness,Control,NA,NA,NA,1,NA,Depression,Edinburgh Postnatal Depression Scale,D,Depression,Baseline,Post Intervention,1 month post int follow up,0,0,0,Post Intervention,1 month post int follow up,NA,Baseline,Randomized controlled trial,NA,no,30,Mean,SD,16.83,2.7,33,Mean,SD,16.63,2.64,NA,NA,NA,NA,NA,NA,NA,NA,NA,NA,NA,NA,NA,NA,NA
Yazdanimehr 2016,2,Mindfulness,Control,NA,NA,NA,1,NA,Depression,Edinburgh Postnatal Depression Scale,D,Depression,Baseline,Post Intervention,1 month post int follow up,0,0,0,Post Intervention,1 month post int follow up,NA,Postintervention,Randomized controlled trial,NA,no,30,Mean,SD,9.93,2.81,33,Mean,SD,15.84,2.77,NA,NA,NA,NA,NA,NA,NA,NA,NA,NA,NA,NA,NA,NA,NA
Yazdanimehr 2016,2,Mindfulness,Control,NA,NA,NA,1,NA,Mental health,short form of Health Survey (SF-36) mental health subscale,U,Distress,Baseline,Post-intervention,1-month post intervention follow-up,0,0,0,Post-intervention,1-month post intervention follow-up,NA,1-6months,Randomized controlled trial,NA,no,30,Mean,SD,51.53,6.54,33,Mean,SD,45.63,6.54,NA,NA,NA,NA,NA,NA,NA,NA,NA,NA,NA,NA,NA,NA,NA
Yazdanimehr 2016,2,Mindfulness,Control,NA,NA,NA,1,NA,Mental health,short form of Health Survey (SF-36) mental health subscale,U,Distress,Baseline,Post-intervention,1-month post intervention follow-up,0,0,0,Post-intervention,1-month post intervention follow-up,NA,Baseline,Randomized controlled trial,NA,no,30,Mean,SD,45.43,9.39,33,Mean,SD,47.84,6.94,NA,NA,NA,NA,NA,NA,NA,NA,NA,NA,NA,NA,NA,NA,NA
Yazdanimehr 2016,2,Mindfulness,Control,NA,NA,NA,1,NA,Mental health,short form of Health Survey (SF-36) mental health subscale,U,Distress,Baseline,Post-intervention,1-month post intervention follow-up,0,0,0,Post-intervention,1-month post intervention follow-up,NA,Postintervention,Randomized controlled trial,NA,no,30,Mean,SD,50.86,8.55,33,Mean,SD,45.48,6.91,NA,NA,NA,NA,NA,NA,NA,NA,NA,NA,NA,NA,NA,NA,NA
Zhang 2018,2,Mindfulness,Control,NA,NA,NA,1,NA,Anxiety,Spielberger Anxiety Scale State and Trait,D,Anxiety,Baseline,Post Intervention,0,0,0,0,Post Intervention,NA,NA,Baseline,Randomized controlled trial,NA,no,28,Mean,SD,34.19,3.91,30,Mean,SD,34.97,4.16,NA,NA,NA,NA,NA,NA,NA,NA,NA,NA,NA,NA,NA,NA,NA
Zhang 2018,2,Mindfulness,Control,NA,NA,NA,1,NA,Anxiety,Spielberger Anxiety Scale State and Trait,D,Anxiety,Baseline,Post Intervention,0,0,0,0,Post Intervention,NA,NA,Postintervention,Randomized controlled trial,NA,no,28,Mean,SD,31.72,4.78,30,Mean,SD,35.78,4.84,NA,NA,NA,NA,NA,NA,NA,NA,NA,NA,NA,NA,NA,NA,NA
Zhang 2018,2,Mindfulness,Control,NA,NA,NA,1,NA,depression,Self-rating Depression Scale,D,Depression,Baseline,Post Intervention,0,0,0,0,Post Intervention,NA,NA,Baseline,Randomized controlled trial,NA,no,28,Mean,SD,51.75,7.39,30,Mean,SD,52.06,6.33,NA,NA,NA,NA,NA,NA,NA,NA,NA,NA,NA,NA,NA,NA,NA
Zhang 2018,2,Mindfulness,Control,NA,NA,NA,1,NA,depression,Self-rating Depression Scale,D,Depression,Baseline,Post Intervention,0,0,0,0,Post Intervention,NA,NA,Postintervention,Randomized controlled trial,NA,no,28,Mean,SD,51.38,7.66,30,Mean,SD,51.97,6.7,NA,NA,NA,NA,NA,NA,NA,NA,NA,NA,NA,NA,NA,NA,NA
Allen 2012,2,Mindfulness,Active Control,NA,NA,NA,2,NA,Cognitive control,Affective Stroop task,D,Cognitive functioning,Baseline,Post Intervention,0,0,0,0,Post Intervention,NA,NA,Baseline,Randomized controlled trial,NA,no,assume 30,NR,NR,NR,NR,assume 31,NR,NR,NR,NR,NA,NA,NA,NA,NA,NA,NA,NA,NA,NA,NA,NA,NA,NA,NA
Allen 2012,2,Mindfulness,Active Control,NA,NA,NA,2,NA,Cognitive control,Affective Stroop task,D,Cognitive functioning,Baseline,Post Intervention,0,0,0,0,Post Intervention,NA,NA,Postintervention,Randomized controlled trial,NA,no,19,ANOVA F,dir,5.59,-1,19,ANOVA F,dir,5.59,-1,NA,NA,NA,NA,NA,NA,NA,NA,NA,NA,NA,NA,NA,NA,NA
DamiaoNeto 2019,2,Mindfulness,Control,NA,NA,NA,2,NA,Anxiety,DASS-21 subscale,D,Anxiety,Baseline,Post Intervention,change values,0,0,0,Post Intervention,NA,NA,Baseline,Randomized controlled trial,NA,no,70,Mean,SD,4.37,3.5,71,Mean,SD,3.87,3.57,NA,NA,NA,NA,NA,NA,NA,NA,NA,NA,NA,NA,NA,NA,NA
DamiaoNeto 2019,2,Mindfulness,Control,NA,NA,NA,2,NA,Anxiety,DASS-21 subscale,D,Anxiety,Baseline,Post Intervention,change values,0,0,0,Post Intervention,NA,NA,Change_pi,Randomized controlled trial,NA,no,70,Mean,SD,-0.57,3.05,71,Mean,SD,-0.29,3.04,NA,NA,NA,NA,NA,NA,NA,NA,NA,NA,NA,NA,NA,NA,NA
DamiaoNeto 2019,2,Mindfulness,Control,NA,NA,NA,2,NA,Anxiety,DASS-21 subscale,D,Anxiety,Baseline,Post Intervention,change values,0,0,0,Post Intervention,NA,NA,Postintervention,Randomized controlled trial,NA,no,70,Mean,SD,3.74,3.47,71,Mean,SD,3.57,3.45,NA,NA,NA,NA,NA,NA,NA,NA,NA,NA,NA,NA,NA,NA,NA
DamiaoNeto 2019,2,Mindfulness,Control,NA,NA,NA,2,NA,Depression,DASS-21 subscale,D,Depression,Baseline,Post Intervention,change values,0,0,0,Post Intervention,NA,NA,Baseline,Randomized controlled trial,NA,no,70,Mean,SD,4.47,4.24,71,Mean,SD,3.82,3.77,NA,NA,NA,NA,NA,NA,NA,NA,NA,NA,NA,NA,NA,NA,NA
DamiaoNeto 2019,2,Mindfulness,Control,NA,NA,NA,2,NA,Depression,DASS-21 subscale,D,Depression,Baseline,Post Intervention,change values,0,0,0,Post Intervention,NA,NA,Change_pi,Randomized controlled trial,NA,no,70,Mean,SD,-0.55,4.05,71,Mean,SD,0.17,3.62,NA,NA,NA,NA,NA,NA,NA,NA,NA,NA,NA,NA,NA,NA,NA
DamiaoNeto 2019,2,Mindfulness,Control,NA,NA,NA,2,NA,Depression,DASS-21 subscale,D,Depression,Baseline,Post Intervention,change values,0,0,0,Post Intervention,NA,NA,Postintervention,Randomized controlled trial,NA,no,70,Mean,SD,3.91,3.34,71,Mean,SD,3.97,3.28,NA,NA,NA,NA,NA,NA,NA,NA,NA,NA,NA,NA,NA,NA,NA
DamiaoNeto 2019,2,Mindfulness,Control,NA,NA,NA,2,NA,Stress,DASS-21 subscale,D,Distress,Baseline,Post Intervention,change values,0,0,0,Post Intervention,NA,NA,Baseline,Randomized controlled trial,NA,no,70,Mean,SD,8.68,4.16,71,Mean,SD,7.54,3.98,NA,NA,NA,NA,NA,NA,NA,NA,NA,NA,NA,NA,NA,NA,NA
DamiaoNeto 2019,2,Mindfulness,Control,NA,NA,NA,2,NA,Stress,DASS-21 subscale,D,Distress,Baseline,Post Intervention,change values,0,0,0,Post Intervention,NA,NA,Change_pi,Randomized controlled trial,NA,no,70,Mean,SD,-0.4,4.09,71,Mean,SD,0.05,3.41,NA,NA,NA,NA,NA,NA,NA,NA,NA,NA,NA,NA,NA,NA,NA
DamiaoNeto 2019,2,Mindfulness,Control,NA,NA,NA,2,NA,Stress,DASS-21 subscale,D,Distress,Baseline,Post Intervention,change values,0,0,0,Post Intervention,NA,NA,Postintervention,Randomized controlled trial,NA,no,70,Mean,SD,8.18,4.03,71,Mean,SD,7.76,4.4,NA,NA,NA,NA,NA,NA,NA,NA,NA,NA,NA,NA,NA,NA,NA
DamiaoNeto 2019,2,Mindfulness,Control,NA,NA,NA,2,NA,Mindfulness,FFMQ,U,Mindfulness,Baseline,Post Intervention,change values,0,0,0,Post Intervention,NA,NA,Baseline,Randomized controlled trial,NA,no,70,Mean,SD,114.09,17.99,71,Mean,SD,119.9,15.73,NA,NA,NA,NA,NA,NA,NA,NA,NA,NA,NA,NA,NA,NA,NA
DamiaoNeto 2019,2,Mindfulness,Control,NA,NA,NA,2,NA,Mindfulness,FFMQ,U,Mindfulness,Baseline,Post Intervention,change values,0,0,0,Post Intervention,NA,NA,Change_pi,Randomized controlled trial,NA,no,70,Mean,SD,0.88,13.71,71,Mean,SD,-3.36,11.68,NA,NA,NA,NA,NA,NA,NA,NA,NA,NA,NA,NA,NA,NA,NA
DamiaoNeto 2019,2,Mindfulness,Control,NA,NA,NA,2,NA,Mindfulness,FFMQ,U,Mindfulness,Baseline,Post Intervention,change values,0,0,0,Post Intervention,NA,NA,Postintervention,Randomized controlled trial,NA,no,70,Mean,SD,115.76,20.38,71,Mean,SD,116.3,17.04,NA,NA,NA,NA,NA,NA,NA,NA,NA,NA,NA,NA,NA,NA,NA
Ferraioli 2013,2,Mindfulness,Control,NA,NA,NA,2,NA,Global health,General Health Questionnaire (GHQ 28),D,Distress,Baseline,Post Intervention,3 month post int follow up,change values from 2 timepoints to baseline,0,0,Post Intervention,3 month post int follow up,NA,1-6months,Randomized controlled trial,NA,no,6,Mean,impute SD,23.1,NR,9,Mean,impute SD,17.1,NR,NA,NA,NA,NA,NA,NA,NA,NA,NA,NA,NA,NA,NA,NA,NA
Ferraioli 2013,2,Mindfulness,Control,NA,NA,NA,2,NA,Global health,General Health Questionnaire (GHQ 28),D,Distress,Baseline,Post Intervention,3 month post int follow up,change values from 2 timepoints to baseline,0,0,Post Intervention,3 month post int follow up,NA,Baseline,Randomized controlled trial,NA,no,6,Mean,impute SD,47.7,NR,9,Mean,impute SD,22.4,NR,NA,NA,NA,NA,NA,NA,NA,NA,NA,NA,NA,NA,NA,NA,NA
Ferraioli 2013,2,Mindfulness,Control,NA,NA,NA,2,NA,Global health,General Health Questionnaire (GHQ 28),D,Distress,Baseline,Post Intervention,3 month post int follow up,change values from 2 timepoints to baseline,0,0,Post Intervention,3 month post int follow up,NA,Change_16m,Randomized controlled trial,NA,no,6,NR,NR,NR,NR,9,NR,NR,NR,NR,NA,NA,NA,NA,NA,NA,NA,NA,NA,NA,NA,NA,NA,NA,NA
Ferraioli 2013,2,Mindfulness,Control,NA,NA,NA,2,NA,Global health,General Health Questionnaire (GHQ 28),D,Distress,Baseline,Post Intervention,3 month post int follow up,change values from 2 timepoints to baseline,0,0,Post Intervention,3 month post int follow up,NA,Change_pi,Randomized controlled trial,NA,no,6,NR,NR,NR,NR,9,NR,NR,NR,NR,NA,NA,NA,NA,NA,NA,NA,NA,NA,NA,NA,NA,NA,NA,NA
Ferraioli 2013,2,Mindfulness,Control,NA,NA,NA,2,NA,Global health,General Health Questionnaire (GHQ 28),D,Distress,Baseline,Post Intervention,3 month post int follow up,change values from 2 timepoints to baseline,0,0,Post Intervention,3 month post int follow up,NA,Postintervention,Randomized controlled trial,NA,no,6,Mean,impute SD,17,NR,9,Mean,impute SD,17.1,NR,NA,NA,NA,NA,NA,NA,NA,NA,NA,NA,NA,NA,NA,NA,NA
Ferraioli 2013,2,Mindfulness,Control,NA,NA,NA,2,NA,Mindfulness,MAAS,U,Mindfulness,Baseline,Post Intervention,0,0,0,0,Post Intervention,NA,NA,Baseline,Randomized controlled trial,NA,no,6,NR,NR,NR,NR,9,NR,NR,NR,NR,NR,NA,NA,NA,NA,NA,NA,NA,NA,NA,NA,NA,NA,NA,NA
Ferraioli 2013,2,Mindfulness,Control,NA,NA,NA,2,NA,Mindfulness,MAAS,U,Mindfulness,Baseline,Post Intervention,0,0,0,0,Post Intervention,NA,NA,Postintervention,Randomized controlled trial,NA,no,6,p-value from t-test,dir,0.003,-1,9,p-value from t-test,dir,0.003,-1,NA,NA,NA,NA,NA,NA,NA,NA,NA,NA,NA,NA,NA,NA,NA
Ireland 2017,2,Mindfulness,Control,NA,NA,NA,2,NA,Perceived Stress,PSS,D,Distress,Baseline,mid intervention,post intervention,0,0,0,post intervention,NA,NA,Baseline,Randomized controlled trial,NA,no,23,Mean,SD,2.78,0.55,21,Mean,SD,2.55,0.62,NA,NA,NA,NA,NA,NA,NA,NA,NA,NA,NA,NA,NA,NA,NA
Ireland 2017,2,Mindfulness,Control,NA,NA,NA,2,NA,Perceived Stress,PSS,D,Distress,Baseline,mid intervention,post intervention,0,0,0,post intervention,NA,NA,Postintervention,Randomized controlled trial,NA,no,assume 23,Mean,SD,2.42,0.43,assume 21,Mean,SD,2.61,0.62,NA,NA,NA,NA,NA,NA,NA,NA,NA,NA,NA,NA,NA,NA,NA
Ireland 2017,2,Mindfulness,Control,NA,NA,NA,2,NA,Psychological burnout,Copenhagen Burnout Inventory (CBI),D,Real life functioning,Baseline,mid intervention,post intervention,0,0,0,post intervention,NA,NA,Baseline,Randomized controlled trial,NA,no,23,Mean,SD,2.55,0.52,21,Mean,SD,2.65,0.75,NA,NA,NA,NA,NA,NA,NA,NA,NA,NA,NA,NA,NA,NA,NA
Ireland 2017,2,Mindfulness,Control,NA,NA,NA,2,NA,Psychological burnout,Copenhagen Burnout Inventory (CBI),D,Real life functioning,Baseline,mid intervention,post intervention,0,0,0,post intervention,NA,NA,Postintervention,Randomized controlled trial,NA,no,assume 23,Mean,SD,2.35,0.49,assume 21,Mean,SD,2.81,0.87,NA,NA,NA,NA,NA,NA,NA,NA,NA,NA,NA,NA,NA,NA,NA
Mrazek 2013,2,Mindfulness,Control,NA,NA,NA,2,NA,Working memory,operation span task (OSPAN),U,Cognitive functioning,Baseline,Post Intervention,0,0,0,0,Post Intervention,NA,NA,Baseline,Randomized controlled trial,NA,no,assume 26,NR,NR,NR,NR,assume 22,NR,NR,NR,NR,NA,NA,NA,NA,NA,NA,NA,NA,NA,NA,NA,NA,NA,NA,NA
Mrazek 2013,2,Mindfulness,Control,NA,NA,NA,2,NA,Working memory,operation span task (OSPAN),U,Cognitive functioning,Baseline,Post Intervention,0,0,0,0,Post Intervention,NA,NA,Postintervention,Randomized controlled trial,NA,no,assume 26,ANOVA F,dir,3.954,-1,assume 22,ANOVA F,dir,3.954,-1,NA,NA,NA,NA,NA,NA,NA,NA,NA,NA,NA,NA,NA,NA,NA
Mrazek 2013,2,Mindfulness,Control,NA,NA,NA,2,NA,Reading comprehension,GRE,U,Real life functioning,Baseline,Post intervention,0,0,0,0,Post intervention,NA,NA,Baseline,Randomized controlled trial,NA,no,assume 26,NR,NR,NR,NR,assume 22,NR,NR,NR,NR,NA,NA,NA,NA,NA,NA,NA,NA,NA,NA,NA,NA,NA,NA,NA
Mrazek 2013,2,Mindfulness,Control,NA,NA,NA,2,NA,Reading comprehension,GRE,U,Real life functioning,Baseline,Post intervention,0,0,0,0,Post intervention,NA,NA,Postintervention,Randomized controlled trial,NA,no,assume 26,ANOVA F,dir,5.609,-1,assume 22,ANOVA F,dir,5.609,-1,NA,NA,NA,NA,NA,NA,NA,NA,NA,NA,NA,NA,NA,NA,NA
Norouzi 2020,2,Mindfulness,Control,NA,NA,NA,2,NA,Anxiety,BAI,D,Anxiety,Baseline,Post Intervention,1 month post int follow up,0,0,0,Post Intervention,1 month post int follow up,NA,1-6months,Randomized controlled trial,NA,no,20,Mean,SD,16.4,5.8,20,Mean,SD,26.7,5.8,NA,NA,NA,NA,NA,NA,NA,NA,NA,NA,NA,NA,NA,NA,NA
Norouzi 2020,2,Mindfulness,Control,NA,NA,NA,2,NA,Anxiety,BAI,D,Anxiety,Baseline,Post Intervention,1 month post int follow up,0,0,0,Post Intervention,1 month post int follow up,NA,Baseline,Randomized controlled trial,NA,no,20,Mean,SD,27.7,9.8,20,Mean,SD,26.2,6.1,NA,NA,NA,NA,NA,NA,NA,NA,NA,NA,NA,NA,NA,NA,NA
Norouzi 2020,2,Mindfulness,Control,NA,NA,NA,2,NA,Anxiety,BAI,D,Anxiety,Baseline,Post Intervention,1 month post int follow up,0,0,0,Post Intervention,1 month post int follow up,NA,Postintervention,Randomized controlled trial,NA,no,20,Mean,SD,11.9,3.4,20,Mean,SD,27,6.4,NA,NA,NA,NA,NA,NA,NA,NA,NA,NA,NA,NA,NA,NA,NA
Norouzi 2020,2,Mindfulness,Control,NA,NA,NA,2,NA,Depression,Montgomery-Asberg Depression Rating Scale (MADRS),D,Depression,Baseline,Post Intervention,1 month post int follow up,0,0,0,Post Intervention,1 month post int follow up,NA,1-6months,Randomized controlled trial,NA,no,20,Mean,SD,12.4,3.2,20,Mean,SD,16.4,4.8,NA,NA,NA,NA,NA,NA,NA,NA,NA,NA,NA,NA,NA,NA,NA
Norouzi 2020,2,Mindfulness,Control,NA,NA,NA,2,NA,Depression,Montgomery-Asberg Depression Rating Scale (MADRS),D,Depression,Baseline,Post Intervention,1 month post int follow up,0,0,0,Post Intervention,1 month post int follow up,NA,Baseline,Randomized controlled trial,NA,no,20,Mean,SD,22.9,8,20,Mean,SD,17.4,5.2,NA,NA,NA,NA,NA,NA,NA,NA,NA,NA,NA,NA,NA,NA,NA
Norouzi 2020,2,Mindfulness,Control,NA,NA,NA,2,NA,Depression,Montgomery-Asberg Depression Rating Scale (MADRS),D,Depression,Baseline,Post Intervention,1 month post int follow up,0,0,0,Post Intervention,1 month post int follow up,NA,Postintervention,Randomized controlled trial,NA,no,20,Mean,SD,9.4,2.5,20,Mean,SD,17.1,5.2,NA,NA,NA,NA,NA,NA,NA,NA,NA,NA,NA,NA,NA,NA,NA
Norouzi 2020,2,Mindfulness,Control,NA,NA,NA,2,NA,Perceived Stress,PSS-14,D,Distress,Baseline,Post Intervention,1 month post int follow up,0,0,0,Post Intervention,1 month post int follow up,NA,1-6months,Randomized controlled trial,NA,no,20,Mean,SD,22.8,9.2,20,Mean,SD,30.5,12.2,NA,NA,NA,NA,NA,NA,NA,NA,NA,NA,NA,NA,NA,NA,NA
Norouzi 2020,2,Mindfulness,Control,NA,NA,NA,2,NA,Perceived Stress,PSS-14,D,Distress,Baseline,Post Intervention,1 month post int follow up,0,0,0,Post Intervention,1 month post int follow up,NA,Baseline,Randomized controlled trial,NA,no,20,Mean,SD,30.2,12,20,Mean,SD,29.5,12,NA,NA,NA,NA,NA,NA,NA,NA,NA,NA,NA,NA,NA,NA,NA
Norouzi 2020,2,Mindfulness,Control,NA,NA,NA,2,NA,Perceived Stress,PSS-14,D,Distress,Baseline,Post Intervention,1 month post int follow up,0,0,0,Post Intervention,1 month post int follow up,NA,Postintervention,Randomized controlled trial,NA,no,20,Mean,SD,12.6,4.8,20,Mean,SD,30.3,12.1,NA,NA,NA,NA,NA,NA,NA,NA,NA,NA,NA,NA,NA,NA,NA
Norouzi 2020,2,Mindfulness,Control,NA,NA,NA,2,NA,Wellbeing,Ryff Scales of Psychological Well-being Scale,U,Mental wellbeing,Baseline,Post Intervention,1 month post int follow up,0,0,0,Post Intervention,1 month post int follow up,NA,1-6months,Randomized controlled trial,NA,no,20,Mean,SD,320.7,46.1,20,Mean,SD,297.3,43,NA,NA,NA,NA,NA,NA,NA,NA,NA,NA,NA,NA,NA,NA,NA
Norouzi 2020,2,Mindfulness,Control,NA,NA,NA,2,NA,Wellbeing,Ryff Scales of Psychological Well-being Scale,U,Mental wellbeing,Baseline,Post Intervention,1 month post int follow up,0,0,0,Post Intervention,1 month post int follow up,NA,Baseline,Randomized controlled trial,NA,no,20,Mean,SD,255,52.3,20,Mean,SD,281.5,40.4,NA,NA,NA,NA,NA,NA,NA,NA,NA,NA,NA,NA,NA,NA,NA
Norouzi 2020,2,Mindfulness,Control,NA,NA,NA,2,NA,Wellbeing,Ryff Scales of Psychological Well-being Scale,U,Mental wellbeing,Baseline,Post Intervention,1 month post int follow up,0,0,0,Post Intervention,1 month post int follow up,NA,Postintervention,Randomized controlled trial,NA,no,20,Mean,SD,386.5,37.9,20,Mean,SD,277.6,38.3,NA,NA,NA,NA,NA,NA,NA,NA,NA,NA,NA,NA,NA,NA,NA
Moritz 2006,3,Mindfulness,Control,Spirituality,NA,NA,1,3,Mood Disturbance,POMS time frame NR,D,Distress,Baseline,Post Intervention,1 month post int follow up,0,0,0,Post Intervention,1 month post int follow up,NA,1-6months,Randomized controlled trial,NA,no,54,Mean,SE,63.7,4.9,55,Mean,SE,79.9,4.9,56,Mean,SE,63,4.8,NA,NA,NA,NA,NA,NA,NA,NA,NA,NA
Moritz 2006,3,Mindfulness,Control,Spirituality,NA,NA,1,3,Mood Disturbance,POMS time frame NR,D,Distress,Baseline,Post Intervention,1 month post int follow up,0,0,0,Post Intervention,1 month post int follow up,NA,Baseline,Randomized controlled trial,NA,no,54,Mean,SE,85.8,4.5,55,Mean,SE,91.1,4.4,56,Mean,SE,94.4,4.4,NA,NA,NA,NA,NA,NA,NA,NA,NA,NA
Moritz 2006,3,Mindfulness,Control,Spirituality,NA,NA,1,3,Mood Disturbance,POMS time frame NR,D,Distress,Baseline,Post Intervention,1 month post int follow up,0,0,0,Post Intervention,1 month post int follow up,NA,Change_pi,Randomized controlled trial,NA,no,54,Mean,SE,-22.6,4,55,Mean,SE,-10.3,4,56,Mean,SE,-43.1,3.9,NA,NA,NA,NA,NA,NA,NA,NA,NA,NA
Moritz 2006,3,Mindfulness,Control,Spirituality,NA,NA,1,3,Mood Disturbance,POMS time frame NR,D,Distress,Baseline,Post Intervention,1 month post int follow up,0,0,0,Post Intervention,1 month post int follow up,NA,Postintervention,Randomized controlled trial,NA,no,54,Mean,SE,63.1,4.4,55,Mean,SE,80.8,4.4,56,Mean,SE,51.3,4.3,NA,NA,NA,NA,NA,NA,NA,NA,NA,NA
Agee 2009,2,Mindfulness,Control,NA,NA,NA,3,NA,Psychological Distress,Brief Symptom Inventory (BSI),D,Distress,Baseline,Post Intervention,0,0,0,0,Post Intervention,NA,NA,Baseline,Randomized controlled trial,NA,no,19,Mean,SD,0.83,0.54,24,Mean,SD,0.61,0.28,NA,NA,NA,NA,NA,NA,NA,NA,NA,NA,NA,NA,NA,NA,NA
Agee 2009,2,Mindfulness,Control,NA,NA,NA,3,NA,Psychological Distress,Brief Symptom Inventory (BSI),D,Distress,Baseline,Post Intervention,0,0,0,0,Post Intervention,NA,NA,Postintervention,Randomized controlled trial,NA,no,18,Mean,SD,0.6,0.51,18,Mean,SD,0.43,0.26,NA,NA,NA,NA,NA,NA,NA,NA,NA,NA,NA,NA,NA,NA,NA
Agee 2009,2,Mindfulness,Control,NA,NA,NA,3,NA,Mindfulness (trait),MAAS,U,Mindfulness,Baseline,Post Intervention,one-month post int follow up,3 month post int follow up,0,0,Post Intervention,3 month post int follow up,NA,1-6months,Randomized controlled trial,NA,no,assume 18,NR ns,NR ns,NR,NR,assume 18,NR ns,NR ns,NR,NR,NA,NA,NA,NA,NA,NA,NA,NA,NA,NA,NA,NA,NA,NA,NA
Agee 2009,2,Mindfulness,Control,NA,NA,NA,3,NA,Mindfulness (trait),MAAS,U,Mindfulness,Baseline,Post Intervention,one-month post int follow up,3 month post int follow up,0,0,Post Intervention,3 month post int follow up,NA,Baseline,Randomized controlled trial,NA,no,19,Mean,SD,3.5,0.83,24,Mean,SD,3.58,0.85,NA,NA,NA,NA,NA,NA,NA,NA,NA,NA,NA,NA,NA,NA,NA
Agee 2009,2,Mindfulness,Control,NA,NA,NA,3,NA,Mindfulness (trait),MAAS,U,Mindfulness,Baseline,Post Intervention,one-month post int follow up,3 month post int follow up,0,0,Post Intervention,3 month post int follow up,NA,Postintervention,Randomized controlled trial,NA,no,18,Mean,SD,3.84,0.65,18,Mean,SD,3.98,0.59,NA,NA,NA,NA,NA,NA,NA,NA,NA,NA,NA,NA,NA,NA,NA
Anclair 2018,2,Mindfulness,Control,NA,NA,NA,3,NA,Stress,PSS,D,Distress,Baseline,Post intervention,0,0,0,0,Post intervention,NA,NA,Baseline,Randomized controlled trial,NA,no,11,Mean,SD,35.44,5.1,10,Mean,SD,34.5,5.01,NA,NA,NA,NA,NA,NA,NA,NA,NA,NA,NA,NA,NA,NA,NA
Anclair 2018,2,Mindfulness,Control,NA,NA,NA,3,NA,Stress,PSS,D,Distress,Baseline,Post intervention,0,0,0,0,Post intervention,NA,NA,Postintervention,Randomized controlled trial,NA,no,9,Mean,SD,24,4.79,10,Mean,SD,24.2,6.82,NA,NA,NA,NA,NA,NA,NA,NA,NA,NA,NA,NA,NA,NA,NA
Anclair 2018,2,Mindfulness,Control,NA,NA,NA,3,NA,Burnout,Shirom-Melamed  Burnout  Questionnaire,D,Real life functioning,Baseline,Post intervention,0,0,0,0,Post intervention,NA,NA,Baseline,Randomized controlled trial,NA,no,11,Mean,SD,4.91,0.8,10,Mean,SD,4.62,0.75,NA,NA,NA,NA,NA,NA,NA,NA,NA,NA,NA,NA,NA,NA,NA
Anclair 2018,2,Mindfulness,Control,NA,NA,NA,3,NA,Burnout,Shirom-Melamed  Burnout  Questionnaire,D,Real life functioning,Baseline,Post intervention,0,0,0,0,Post intervention,NA,NA,Postintervention,Randomized controlled trial,NA,no,9,Mean,SD,3.79,0.9,10,Mean,SD,3.44,1,NA,NA,NA,NA,NA,NA,NA,NA,NA,NA,NA,NA,NA,NA,NA
Beattie 2017,2,Mindfulness,Control,NA,NA,NA,3,NA,Depression,EDPS,D,Depression,Baseline,Post-program,6 weeks post-program,0,0,0,Post-program,6 weeks post-program,NA,1-6months,Randomized controlled trial,NA,no,8,Mean,SD,5.1,4.26,10,Mean,SD,5.4,5.01,NA,NA,NA,NA,NA,NA,NA,NA,NA,NA,NA,NA,NA,NA,NA
Beattie 2017,2,Mindfulness,Control,NA,NA,NA,3,NA,Depression,EDPS,D,Depression,Baseline,Post-program,6 weeks post-program,0,0,0,Post-program,6 weeks post-program,NA,Baseline,Randomized controlled trial,NA,no,11,Mean,SD,5.3,3.09,11,Mean,SD,5.6,3.54,NA,NA,NA,NA,NA,NA,NA,NA,NA,NA,NA,NA,NA,NA,NA
Beattie 2017,2,Mindfulness,Control,NA,NA,NA,3,NA,Depression,EDPS,D,Depression,Baseline,Post-program,6 weeks post-program,0,0,0,Post-program,6 weeks post-program,NA,Postintervention,Randomized controlled trial,NA,no,9,Mean,SD,4.1,2.8,11,Mean,SD,5.5,3.7,NA,NA,NA,NA,NA,NA,NA,NA,NA,NA,NA,NA,NA,NA,NA
Beattie 2017,2,Mindfulness,Control,NA,NA,NA,3,NA,Stress,PSS,D,Distress,Baseline,Post-program,6 weeks post-program,0,0,0,Post-program,6 weeks post-program,NA,1-6months,Randomized controlled trial,NA,no,8,Mean,SD,11.4,8.26,10,Mean,SD,10.3,6.63,NA,NA,NA,NA,NA,NA,NA,NA,NA,NA,NA,NA,NA,NA,NA
Beattie 2017,2,Mindfulness,Control,NA,NA,NA,3,NA,Stress,PSS,D,Distress,Baseline,Post-program,6 weeks post-program,0,0,0,Post-program,6 weeks post-program,NA,Baseline,Randomized controlled trial,NA,no,11,Mean,SD,14,3.65,11,Mean,SD,14.1,4.26,NA,NA,NA,NA,NA,NA,NA,NA,NA,NA,NA,NA,NA,NA,NA
Beattie 2017,2,Mindfulness,Control,NA,NA,NA,3,NA,Stress,PSS,D,Distress,Baseline,Post-program,6 weeks post-program,0,0,0,Post-program,6 weeks post-program,NA,Postintervention,Randomized controlled trial,NA,no,9,Mean,SD,10.6,4.65,11,Mean,SD,9.9,6.98,NA,NA,NA,NA,NA,NA,NA,NA,NA,NA,NA,NA,NA,NA,NA
Beattie 2017,2,Mindfulness,Control,NA,NA,NA,3,NA,Mindfulness,MAAS,U,Mindfulness,Baseline,Post-program,6 weeks post-program,0,0,0,Post-program,6 weeks post-program,NA,1-6months,Randomized controlled trial,NA,no,8,Mean,SD,5,0.5,10,Mean,SD,4.6,1.2,NA,NA,NA,NA,NA,NA,NA,NA,NA,NA,NA,NA,NA,NA,NA
Beattie 2017,2,Mindfulness,Control,NA,NA,NA,3,NA,Mindfulness,MAAS,U,Mindfulness,Baseline,Post-program,6 weeks post-program,0,0,0,Post-program,6 weeks post-program,NA,Baseline,Randomized controlled trial,NA,no,11,Mean,SD,4.2,0.59,11,Mean,SD,4.2,0.99,NA,NA,NA,NA,NA,NA,NA,NA,NA,NA,NA,NA,NA,NA,NA
Beattie 2017,2,Mindfulness,Control,NA,NA,NA,3,NA,Mindfulness,MAAS,U,Mindfulness,Baseline,Post-program,6 weeks post-program,0,0,0,Post-program,6 weeks post-program,NA,Postintervention,Randomized controlled trial,NA,no,9,Mean,SD,4.82,0.98,11,Mean,SD,4.5,0.87,NA,NA,NA,NA,NA,NA,NA,NA,NA,NA,NA,NA,NA,NA,NA
Black 2015,2,Mindfulness,Control,NA,NA,NA,3,NA,Anxiety,BAI,D,Anxiety,Baseline,Post Intervention,0,0,0,0,Post Intervention,NA,NA,Baseline,Randomized controlled trial,NA,no,24,Mean,SD,13.5,4.5,25,Mean,SD,13.4,4.5,NA,NA,NA,NA,NA,NA,NA,NA,NA,NA,NA,NA,NA,NA,NA
Black 2015,2,Mindfulness,Control,NA,NA,NA,3,NA,Anxiety,BAI,D,Anxiety,Baseline,Post Intervention,0,0,0,0,Post Intervention,NA,NA,Postintervention,Randomized controlled trial,NA,no,assume 23,Mean,SD,10.6,4.9,assume 20,Mean,SD,10.8,5.2,NA,NA,NA,NA,NA,NA,NA,NA,NA,NA,NA,NA,NA,NA,NA
Black 2015,2,Mindfulness,Control,NA,NA,NA,3,NA,Depression,BDI-II,D,Depression,Baseline,Post Intervention,0,0,0,0,Post Intervention,NA,NA,Baseline,Randomized controlled trial,NA,no,24,Mean,SD,10.9,4.9,25,Mean,SD,11,4.9,NA,NA,NA,NA,NA,NA,NA,NA,NA,NA,NA,NA,NA,NA,NA
Black 2015,2,Mindfulness,Control,NA,NA,NA,3,NA,Depression,BDI-II,D,Depression,Baseline,Post Intervention,0,0,0,0,Post Intervention,NA,NA,Postintervention,Randomized controlled trial,NA,no,assume 23,Mean,SD,7,5.4,assume 20,Mean,SD,10.9,5.6,NA,NA,NA,NA,NA,NA,NA,NA,NA,NA,NA,NA,NA,NA,NA
Black 2015,2,Mindfulness,Control,NA,NA,NA,3,NA,Perceived stress,PSS,D,Distress,Baseline,Post Intervention,0,0,0,0,Post Intervention,NA,NA,Baseline,Randomized controlled trial,NA,no,24,Mean,SD,22,3.7,25,Mean,SD,22.1,3.7,NA,NA,NA,NA,NA,NA,NA,NA,NA,NA,NA,NA,NA,NA,NA
Black 2015,2,Mindfulness,Control,NA,NA,NA,3,NA,Perceived stress,PSS,D,Distress,Baseline,Post Intervention,0,0,0,0,Post Intervention,NA,NA,Postintervention,Randomized controlled trial,NA,no,assume 23,Mean,SD,16.9,4.1,assume 20,Mean,SD,18.3,4.3,NA,NA,NA,NA,NA,NA,NA,NA,NA,NA,NA,NA,NA,NA,NA
Black 2015,2,Mindfulness,Control,NA,NA,NA,3,NA,Mindfulness,FFMQ short form,U,Mindfulness,Baseline,Post intervention,0,0,0,0,Post intervention,NA,NA,Baseline,Randomized controlled trial,NA,no,24,Mean,SD,3.4,0.2,25,Mean,SD,3.3,0.3,NA,NA,NA,NA,NA,NA,NA,NA,NA,NA,NA,NA,NA,NA,NA
Black 2015,2,Mindfulness,Control,NA,NA,NA,3,NA,Mindfulness,FFMQ short form,U,Mindfulness,Baseline,Post intervention,0,0,0,0,Post intervention,NA,NA,Postintervention,Randomized controlled trial,NA,no,assume 23,Mean,SD,3.6,0.2,assume 20,Mean,SD,3.4,0.3,NA,NA,NA,NA,NA,NA,NA,NA,NA,NA,NA,NA,NA,NA,NA
Black 2015,2,Mindfulness,Control,NA,NA,NA,3,NA,Sleep,PSQI,D,Psychosomatic outcomes,Baseline,Post Intervention,0,0,0,0,Post Intervention,NA,NA,Baseline,Randomized controlled trial,NA,no,24,Mean,SD,10.2,1.7,25,Mean,SD,10.2,1.8,NA,NA,NA,NA,NA,NA,NA,NA,NA,NA,NA,NA,NA,NA,NA
Black 2015,2,Mindfulness,Control,NA,NA,NA,3,NA,Sleep,PSQI,D,Psychosomatic outcomes,Baseline,Post Intervention,0,0,0,0,Post Intervention,NA,NA,Postintervention,Randomized controlled trial,NA,no,assume 23,Mean,SD,7.4,1.9,assume 20,Mean,SD,9.1,2,NA,NA,NA,NA,NA,NA,NA,NA,NA,NA,NA,NA,NA,NA,NA
Corsica 2014,3,Mindfulness,Control,Mindfulness+Control,NA,NA,3,NA,Stress,PSS 10,D,Distress,Baseline,post intervention,6 weeks follow up,0,0,0,post intervention,6 weeks follow up,NA,1-6months,Randomized controlled trial,NA,merge A1 with A3,10,NR ns,NR ns,NR,NR,12,NR ns,NR ns,NR,NR,11,NR ns,NR ns,NR,NR,NA,NA,NA,NA,NA,NA,NA,NA,NA,NA
Corsica 2014,3,Mindfulness,Control,Mindfulness+Control,NA,NA,3,NA,Stress,PSS 10,D,Distress,Baseline,post intervention,6 weeks follow up,0,0,0,post intervention,6 weeks follow up,NA,Baseline,Randomized controlled trial,NA,merge A1 with A3,19,NR,NR,NR,NR,20,NR,NR,NR,NR,14,NR,NR,NR,NR,NA,NA,NA,NA,NA,NA,NA,NA,NA,NA
Corsica 2014,3,Mindfulness,Control,Mindfulness+Control,NA,NA,3,NA,Stress,PSS 10,D,Distress,Baseline,post intervention,6 weeks follow up,0,0,0,post intervention,6 weeks follow up,NA,Postintervention,Randomized controlled trial,NA,merge A1 with A3,10,NR ns,NR ns,NR,NR,12,NR ns,NR ns,NR,NR,11,NR ns,NR ns,NR,NR,NA,NA,NA,NA,NA,NA,NA,NA,NA,NA
Corsica 2014,3,Mindfulness,Control,Mindfulness+Control,NA,NA,3,NA,Emotion/stress eating,EADES,U,Real life functioning,Baseline,Post Intervention,6 week follow-up,0,0,0,Post Intervention,6 week follow-up,NA,1-6months,Randomized controlled trial,NA,merge A1 with A3,10,NR ns,NR ns,NR,NR,12,NR ns,NR ns,NR,NR,11,NR ns,NR ns,NR,NR,NA,NA,NA,NA,NA,NA,NA,NA,NA,NA
Corsica 2014,3,Mindfulness,Control,Mindfulness+Control,NA,NA,3,NA,Emotion/stress eating,EADES,U,Real life functioning,Baseline,Post Intervention,6 week follow-up,0,0,0,Post Intervention,6 week follow-up,NA,Baseline,Randomized controlled trial,NA,merge A1 with A3,19,NR,NR,NR,NR,20,NR,NR,NR,NR,14,NR,NR,NR,NR,NA,NA,NA,NA,NA,NA,NA,NA,NA,NA
Corsica 2014,3,Mindfulness,Control,Mindfulness+Control,NA,NA,3,NA,Emotion/stress eating,EADES,U,Real life functioning,Baseline,Post Intervention,6 week follow-up,0,0,0,Post Intervention,6 week follow-up,NA,Postintervention,Randomized controlled trial,NA,merge A1 with A3,10,NR ns,NR ns,NR,NR,12,NR ns,NR ns,NR,NR,11,NR ns,NR ns,NR,NR,NA,NA,NA,NA,NA,NA,NA,NA,NA,NA
Delgado 2010,2,Mindfulness,Control,NA,NA,NA,3,NA,Anxiety trait,STAI,D,Anxiety,Baseline,post-intervention,0,0,0,0,post-intervention,NA,NA,Baseline,Randomized controlled trial,NA,no,18,Mean,SD,29.7,10.7,18,Mean,SD,31.6,11.6,NA,NA,NA,NA,NA,NA,NA,NA,NA,NA,NA,NA,NA,NA,NA
Delgado 2010,2,Mindfulness,Control,NA,NA,NA,3,NA,Anxiety trait,STAI,D,Anxiety,Baseline,post-intervention,0,0,0,0,post-intervention,NA,NA,Postintervention,Randomized controlled trial,NA,no,assume 15,Mean,SD,26.3,11.2,assume 17,Mean,SD,26.9,10.9,NA,NA,NA,NA,NA,NA,NA,NA,NA,NA,NA,NA,NA,NA,NA
Delgado 2010,2,Mindfulness,Control,NA,NA,NA,3,NA,Depression,BDI,D,Depression,Baseline,Post-intervention,0,0,0,0,Post-intervention,NA,NA,Baseline,Randomized controlled trial,NA,no,18,Mean,SD,9,6.2,18,Mean,SD,9.8,8.6,NA,NA,NA,NA,NA,NA,NA,NA,NA,NA,NA,NA,NA,NA,NA
Delgado 2010,2,Mindfulness,Control,NA,NA,NA,3,NA,Depression,BDI,D,Depression,Baseline,Post-intervention,0,0,0,0,Post-intervention,NA,NA,Postintervention,Randomized controlled trial,NA,no,assume 15,Mean,SD,4.9,6.5,assume 17,Mean,SD,6.9,7.3,NA,NA,NA,NA,NA,NA,NA,NA,NA,NA,NA,NA,NA,NA,NA
Delgado 2010,2,Mindfulness,Control,NA,NA,NA,3,NA,Negative affect,PANAS-N time frame past week,D,Distress,Baseline,Post-intervention,0,0,0,0,Post-intervention,NA,NA,Baseline,Randomized controlled trial,NA,no,18,Mean,SD,23.2,6.5,18,Mean,SD,23.4,9,NA,NA,NA,NA,NA,NA,NA,NA,NA,NA,NA,NA,NA,NA,NA
Delgado 2010,2,Mindfulness,Control,NA,NA,NA,3,NA,Negative affect,PANAS-N time frame past week,D,Distress,Baseline,Post-intervention,0,0,0,0,Post-intervention,NA,NA,Postintervention,Randomized controlled trial,NA,no,assume 15,Mean,SD,22.7,6.8,assume 17,Mean,SD,21.7,7.4,NA,NA,NA,NA,NA,NA,NA,NA,NA,NA,NA,NA,NA,NA,NA
Delgado 2010,2,Mindfulness,Control,NA,NA,NA,3,NA,Positive affect,PANAS-P time frame past week,U,Mental wellbeing,Baseline,post intervention,0,0,0,0,post intervention,NA,NA,Baseline,Randomized controlled trial,NA,no,18,Mean,SD,30.2,4.8,18,Mean,SD,28.5,7.9,NA,NA,NA,NA,NA,NA,NA,NA,NA,NA,NA,NA,NA,NA,NA
Delgado 2010,2,Mindfulness,Control,NA,NA,NA,3,NA,Positive affect,PANAS-P time frame past week,U,Mental wellbeing,Baseline,post intervention,0,0,0,0,post intervention,NA,NA,Postintervention,Randomized controlled trial,NA,no,assume 15,Mean,SD,31.6,5.3,assume 17,Mean,SD,29.9,6.6,NA,NA,NA,NA,NA,NA,NA,NA,NA,NA,NA,NA,NA,NA,NA
Dykens 2014,2,Mindfulness,Control,NA,NA,NA,3,NA,Anxiety,BAI,D,Anxiety,Baseline,Post-intervention,6 month follow-up,mid treatment,1 month follow up,3 month follow up,Post-intervention,6 month follow-up,NA,1-6months,Randomized controlled trial,NA,no,38,Cohen's d,NR,-0.1869,NR,56,Cohen's d,NR,-0.1869,NR,NA,NA,NA,NA,NA,NA,NA,NA,NA,NA,NA,NA,NA,NA,NA
Dykens 2014,2,Mindfulness,Control,NA,NA,NA,3,NA,Anxiety,BAI,D,Anxiety,Baseline,Post-intervention,6 month follow-up,mid treatment,1 month follow up,3 month follow up,Post-intervention,6 month follow-up,NA,Baseline,Randomized controlled trial,NA,no,94,NR,NR,NR,NR,108,NR,NR,NR,NR,NA,NA,NA,NA,NA,NA,NA,NA,NA,NA,NA,NA,NA,NA,NA
Dykens 2014,2,Mindfulness,Control,NA,NA,NA,3,NA,Anxiety,BAI,D,Anxiety,Baseline,Post-intervention,6 month follow-up,mid treatment,1 month follow up,3 month follow up,Post-intervention,6 month follow-up,NA,Postintervention,Randomized controlled trial,NA,no,51,Cohen's d,Cohen's d SE,-0.264,0.1056,87,Cohen's d,Cohen's d SE,-0.264,0.1056,NA,NA,NA,NA,NA,NA,NA,NA,NA,NA,NA,NA,NA,NA,NA
Dykens 2014,2,Mindfulness,Control,NA,NA,NA,3,NA,Depression,BDI,D,Depression,Baseline,Post-intervention,6 month follow-up,mid treatment,1 month follow up,3 month follow up,Post-intervention,6 month follow-up,NA,1-6months,Randomized controlled trial,NA,no,38,Cohen's d,NR,-0.0348,NR,56,Cohen's d,NR,-0.0348,NR,NA,NA,NA,NA,NA,NA,NA,NA,NA,NA,NA,NA,NA,NA,NA
Dykens 2014,2,Mindfulness,Control,NA,NA,NA,3,NA,Depression,BDI,D,Depression,Baseline,Post-intervention,6 month follow-up,mid treatment,1 month follow up,3 month follow up,Post-intervention,6 month follow-up,NA,Baseline,Randomized controlled trial,NA,no,94,NR,NR,NR,NR,108,NR,NR,NR,NR,NA,NA,NA,NA,NA,NA,NA,NA,NA,NA,NA,NA,NA,NA,NA
Dykens 2014,2,Mindfulness,Control,NA,NA,NA,3,NA,Depression,BDI,D,Depression,Baseline,Post-intervention,6 month follow-up,mid treatment,1 month follow up,3 month follow up,Post-intervention,6 month follow-up,NA,Postintervention,Randomized controlled trial,NA,no,51,Cohen's d,Cohen's d SE,-0.3432,0.1056,87,Cohen's d,Cohen's d SE,-0.3432,0.1056,NA,NA,NA,NA,NA,NA,NA,NA,NA,NA,NA,NA,NA,NA,NA
Dykens 2014,2,Mindfulness,Control,NA,NA,NA,3,NA,Parental distress,PSI,D,Distress,Baseline,Post-intervention,6 month follow-up,mid treatment,1 month follow up,3 month follow up,Post-intervention,6 month follow-up,NA,1-6months,Randomized controlled trial,NA,no,38,Cohen's d,NR,-0.0132,NR,56,Cohen's d,NR,-0.0132,NR,NA,NA,NA,NA,NA,NA,NA,NA,NA,NA,NA,NA,NA,NA,NA
Dykens 2014,2,Mindfulness,Control,NA,NA,NA,3,NA,Parental distress,PSI,D,Distress,Baseline,Post-intervention,6 month follow-up,mid treatment,1 month follow up,3 month follow up,Post-intervention,6 month follow-up,NA,Baseline,Randomized controlled trial,NA,no,94,NR,NR,NR,NR,108,NR,NR,NR,NR,NA,NA,NA,NA,NA,NA,NA,NA,NA,NA,NA,NA,NA,NA,NA
Dykens 2014,2,Mindfulness,Control,NA,NA,NA,3,NA,Parental distress,PSI,D,Distress,Baseline,Post-intervention,6 month follow-up,mid treatment,1 month follow up,3 month follow up,Post-intervention,6 month follow-up,NA,Postintervention,Randomized controlled trial,NA,no,51,Cohen's d,Cohen's d SE,-0.0132,0.1056,87,Cohen's d,Cohen's d SE,-0.0132,0.1056,NA,NA,NA,NA,NA,NA,NA,NA,NA,NA,NA,NA,NA,NA,NA
Dykens 2014,2,Mindfulness,Control,NA,NA,NA,3,NA,Life satisfaction,The Satisfaction With Life Scale,U,Mental wellbeing,Baseline,Post intervention,6-month follow-up,mid treatment,1-month follow-up,3-month follow-up,Post intervention,6-month follow-up,NA,1-6months,Randomized controlled trial,NA,no,38,Cohen's d,NR,-0.0069,NR,56,Cohen's d,NR,-0.0069,NR,NA,NA,NA,NA,NA,NA,NA,NA,NA,NA,NA,NA,NA,NA,NA
Dykens 2014,2,Mindfulness,Control,NA,NA,NA,3,NA,Life satisfaction,The Satisfaction With Life Scale,U,Mental wellbeing,Baseline,Post intervention,6-month follow-up,mid treatment,1-month follow-up,3-month follow-up,Post intervention,6-month follow-up,NA,Baseline,Randomized controlled trial,NA,no,94,NR,NR,NR,NR,108,NR,NR,NR,NR,NA,NA,NA,NA,NA,NA,NA,NA,NA,NA,NA,NA,NA,NA,NA
Dykens 2014,2,Mindfulness,Control,NA,NA,NA,3,NA,Life satisfaction,The Satisfaction With Life Scale,U,Mental wellbeing,Baseline,Post intervention,6-month follow-up,mid treatment,1-month follow-up,3-month follow-up,Post intervention,6-month follow-up,NA,Postintervention,Randomized controlled trial,NA,no,51,Cohen's d,Cohen's d SE,0.2244,0.0924,87,Cohen's d,Cohen's d SE,0.2244,0.0924,NA,NA,NA,NA,NA,NA,NA,NA,NA,NA,NA,NA,NA,NA,NA
Dykens 2014,2,Mindfulness,Control,NA,NA,NA,3,NA,Sleep,Insomnia severity index,D,Psychosomatic outcomes,Baseline,Post Intervention,6 month follow up,mid treatment,1 month follow up,3 month follow up,Post Intervention,6 month follow up,NA,1-6months,Randomized controlled trial,NA,no,38,Cohen's d,NR,-0.0987,NR,56,Cohen's d,NR,-0.0987,NR,NA,NA,NA,NA,NA,NA,NA,NA,NA,NA,NA,NA,NA,NA,NA
Dykens 2014,2,Mindfulness,Control,NA,NA,NA,3,NA,Sleep,Insomnia severity index,D,Psychosomatic outcomes,Baseline,Post Intervention,6 month follow up,mid treatment,1 month follow up,3 month follow up,Post Intervention,6 month follow up,NA,Baseline,Randomized controlled trial,NA,no,94,NR,NR,NR,NR,108,NR,NR,NR,NR,NA,NA,NA,NA,NA,NA,NA,NA,NA,NA,NA,NA,NA,NA,NA
Dykens 2014,2,Mindfulness,Control,NA,NA,NA,3,NA,Sleep,Insomnia severity index,D,Psychosomatic outcomes,Baseline,Post Intervention,6 month follow up,mid treatment,1 month follow up,3 month follow up,Post Intervention,6 month follow up,NA,Postintervention,Randomized controlled trial,NA,no,51,Cohen's d,Cohen's d SE,-0.33,0.1056,87,Cohen's d,Cohen's d SE,-0.33,0.1056,NA,NA,NA,NA,NA,NA,NA,NA,NA,NA,NA,NA,NA,NA,NA
Fiocco 2018,2,Mindfulness,Control,NA,NA,NA,3,NA,Stress Profile,The Stress Assessment Inventory subscales,?mixed direction depending on subscales,Distress,Baseline,Post Intervention,0,0,0,0,Post Intervention,NA,NA,Baseline,Randomized controlled trial,NA,no,53,NR,NR,NR,NR,34,NR,NR,NR,NR,NA,NA,NA,NA,NA,NA,NA,NA,NA,NA,NA,NA,NA,NA,NA
Fiocco 2018,2,Mindfulness,Control,NA,NA,NA,3,NA,Stress Profile,The Stress Assessment Inventory subscales,?mixed direction depending on subscales,Distress,Baseline,Post Intervention,0,0,0,0,Post Intervention,NA,NA,Postintervention,Randomized controlled trial,NA,no,53,NR,NR,NR,NR,34,NR,NR,NR,NR,NA,NA,NA,NA,NA,NA,NA,NA,NA,NA,NA,NA,NA,NA,NA
Isbel 2019,2,Mindfulness,Control,NA,NA,NA,3,NA,Sustained attention,Sustained Attention to Response Task RT,D,Cognitive functioning,Baseline,Post intervention,0,0,0,0,Post intervention,NA,NA,Baseline,Randomized controlled trial,NA,no,41,Mean,SD,503.12,56.29,26,Mean,SD,472.06,62.05,NA,NA,NA,NA,NA,NA,NA,NA,NA,NA,NA,NA,NA,NA,NA
Isbel 2019,2,Mindfulness,Control,NA,NA,NA,3,NA,Sustained attention,Sustained Attention to Response Task RT,D,Cognitive functioning,Baseline,Post intervention,0,0,0,0,Post intervention,NA,NA,Postintervention,Randomized controlled trial,NA,no,41,Mean,SD,506.1,65.59,26,Mean,SD,466.89,74.98,NA,NA,NA,NA,NA,NA,NA,NA,NA,NA,NA,NA,NA,NA,NA
Isbel 2019,2,Mindfulness,Control,NA,NA,NA,3,NA,Negative affect,PANAS timeframe NR,D,Distress,Baseline,Post intervention,0,0,0,0,Post intervention,NA,NA,Baseline,Randomized controlled trial,NA,no,41,Mean,SD,15.12,4.64,26,Mean,SD,13.5,2.92,NA,NA,NA,NA,NA,NA,NA,NA,NA,NA,NA,NA,NA,NA,NA
Isbel 2019,2,Mindfulness,Control,NA,NA,NA,3,NA,Negative affect,PANAS timeframe NR,D,Distress,Baseline,Post intervention,0,0,0,0,Post intervention,NA,NA,Postintervention,Randomized controlled trial,NA,no,41,Mean,SD,14.88,5.24,26,Mean,SD,15.62,7.38,NA,NA,NA,NA,NA,NA,NA,NA,NA,NA,NA,NA,NA,NA,NA
Isbel 2019,2,Mindfulness,Control,NA,NA,NA,3,NA,Positive affect,PANAS time frame NR,U,Mental wellbeing,Baseline,Post intervention,0,0,0,0,Post intervention,NA,NA,Baseline,Randomized controlled trial,NA,no,41,Mean,SD,37.32,6.42,26,Mean,SD,38.54,7.2,NA,NA,NA,NA,NA,NA,NA,NA,NA,NA,NA,NA,NA,NA,NA
Isbel 2019,2,Mindfulness,Control,NA,NA,NA,3,NA,Positive affect,PANAS time frame NR,U,Mental wellbeing,Baseline,Post intervention,0,0,0,0,Post intervention,NA,NA,Postintervention,Randomized controlled trial,NA,no,41,Mean,SD,40.56,4.99,26,Mean,SD,39.04,7.3,NA,NA,NA,NA,NA,NA,NA,NA,NA,NA,NA,NA,NA,NA,NA
Josefsson 2014,2,Mindfulness,Relaxation,NA,NA,NA,3,NA,Anxiety,Hospital Anxiety and Depression Scale,D,Anxiety,Baseline,Post Intervention,0,0,0,0,Post Intervention,NA,NA,Baseline,Randomized controlled trial,NA,no,38,Mean,SD,8.22,4.5,35,Mean,SD,7.42,4.2,NA,NA,NA,NA,NA,NA,NA,NA,NA,NA,NA,NA,NA,NA,NA
Josefsson 2014,2,Mindfulness,Relaxation,NA,NA,NA,3,NA,Anxiety,Hospital Anxiety and Depression Scale,D,Anxiety,Baseline,Post Intervention,0,0,0,0,Post Intervention,NA,NA,Postintervention,Randomized controlled trial,NA,no,38,Mean,SD,5.92,3.6,35,Mean,SD,5.2,3.6,NA,NA,NA,NA,NA,NA,NA,NA,NA,NA,NA,NA,NA,NA,NA
Josefsson 2014,2,Mindfulness,Relaxation,NA,NA,NA,3,NA,Stroop RT,,D,Cognitive functioning,Baseline,Post Intervention,0,0,0,0,Post Intervention,NA,NA,Baseline,Randomized controlled trial,NA,no,21,Mean,SD,1178,619.4,24,Mean,SD,1201.7,360.3,NA,NA,NA,NA,NA,NA,NA,NA,NA,NA,NA,NA,NA,NA,NA
Josefsson 2014,2,Mindfulness,Relaxation,NA,NA,NA,3,NA,Stroop RT,,D,Cognitive functioning,Baseline,Post Intervention,0,0,0,0,Post Intervention,NA,NA,Postintervention,Randomized controlled trial,NA,no,21,Mean,SD,890.2,178.5,24,Mean,SD,983.8,259.6,NA,NA,NA,NA,NA,NA,NA,NA,NA,NA,NA,NA,NA,NA,NA
Josefsson 2014,2,Mindfulness,Relaxation,NA,NA,NA,3,NA,Depression,Hospital Anxiety and Depression Scale,D,Depression,Baseline,Post intervention,0,0,0,0,Post intervention,NA,NA,Baseline,Randomized controlled trial,NA,no,38,Mean,SD,3.72,2.8,35,Mean,SD,3.35,2,NA,NA,NA,NA,NA,NA,NA,NA,NA,NA,NA,NA,NA,NA,NA
Josefsson 2014,2,Mindfulness,Relaxation,NA,NA,NA,3,NA,Depression,Hospital Anxiety and Depression Scale,D,Depression,Baseline,Post intervention,0,0,0,0,Post intervention,NA,NA,Postintervention,Randomized controlled trial,NA,no,38,Mean,SD,2.9,2.6,35,Mean,SD,2.46,2.2,NA,NA,NA,NA,NA,NA,NA,NA,NA,NA,NA,NA,NA,NA,NA
Josefsson 2014,2,Mindfulness,Relaxation,NA,NA,NA,3,NA,Psychological Well-being,short form of Ryff’s PWB scale,U,Mental wellbeing,Baseline,Post intervention,0,0,0,0,Post intervention,NA,NA,Baseline,Randomized controlled trial,NA,no,38,Mean,SD,4.46,0.6,35,Mean,SD,4.6,0.5,NA,NA,NA,NA,NA,NA,NA,NA,NA,NA,NA,NA,NA,NA,NA
Josefsson 2014,2,Mindfulness,Relaxation,NA,NA,NA,3,NA,Psychological Well-being,short form of Ryff’s PWB scale,U,Mental wellbeing,Baseline,Post intervention,0,0,0,0,Post intervention,NA,NA,Postintervention,Randomized controlled trial,NA,no,38,Mean,SD,4.72,0.6,35,Mean,SD,4.74,0.5,NA,NA,NA,NA,NA,NA,NA,NA,NA,NA,NA,NA,NA,NA,NA
Josefsson 2014,2,Mindfulness,Relaxation,NA,NA,NA,3,NA,Five-Facet Mindfulness Questionnaire,,U,Mindfulness,Baseline,Post intervention,0,0,0,0,Post intervention,NA,NA,Baseline,Randomized controlled trial,NA,no,38,Mean,SD,94.08,13.1,35,Mean,SD,92.6,11.2,NA,NA,NA,NA,NA,NA,NA,NA,NA,NA,NA,NA,NA,NA,NA
Josefsson 2014,2,Mindfulness,Relaxation,NA,NA,NA,3,NA,Five-Facet Mindfulness Questionnaire,,U,Mindfulness,Baseline,Post intervention,0,0,0,0,Post intervention,NA,NA,Postintervention,Randomized controlled trial,NA,no,38,Mean,SD,100.58,9.4,35,Mean,SD,97.71,10.2,NA,NA,NA,NA,NA,NA,NA,NA,NA,NA,NA,NA,NA,NA,NA
Kirk 2016,2,Mindfulness,Control,NA,NA,NA,3,NA,Negative affect,I-PANAS-SF,D,Distress,Baseline,Post Intervention,0,0,0,0,Post Intervention,NA,NA,Baseline,Randomized controlled trial,NA,no,assume 27,NR,NR,NR,NR,assume 24,NR,NR,NR,NR,NA,NA,NA,NA,NA,NA,NA,NA,NA,NA,NA,NA,NA,NA,NA
Kirk 2016,2,Mindfulness,Control,NA,NA,NA,3,NA,Negative affect,I-PANAS-SF,D,Distress,Baseline,Post Intervention,0,0,0,0,Post Intervention,NA,NA,Postintervention,Randomized controlled trial,NA,no,assume 27,NR,NR,NR,NR,assume 24,NR,NR,NR,NR,NA,NA,NA,NA,NA,NA,NA,NA,NA,NA,NA,NA,NA,NA,NA
Kirk 2016,2,Mindfulness,Control,NA,NA,NA,3,NA,Positive affect,I-PANAS-SF,U,Mental wellbeing,Baseline,Post intervention,0,0,0,0,Post intervention,NA,NA,Baseline,Randomized controlled trial,NA,no,assume 27,NR,NR,NR,NR,assume 24,NR,NR,NR,NR,NA,NA,NA,NA,NA,NA,NA,NA,NA,NA,NA,NA,NA,NA,NA
Kirk 2016,2,Mindfulness,Control,NA,NA,NA,3,NA,Positive affect,I-PANAS-SF,U,Mental wellbeing,Baseline,Post intervention,0,0,0,0,Post intervention,NA,NA,Postintervention,Randomized controlled trial,NA,no,assume 27,NR,NR,NR,NR,assume 24,NR,NR,NR,NR,NA,NA,NA,NA,NA,NA,NA,NA,NA,NA,NA,NA,NA,NA,NA
Kirk 2016,2,Mindfulness,Control,NA,NA,NA,3,NA,Mindfulness,FFMQ total score,U,Mindfulness,Baseline,Post Intervention,0,0,0,0,Post Intervention,NA,NA,Baseline,Randomized controlled trial,NA,no,assume 27,NR,NR,NR,NR,assume 24,NR,NR,NR,NR,NA,NA,NA,NA,NA,NA,NA,NA,NA,NA,NA,NA,NA,NA,NA
Kirk 2016,2,Mindfulness,Control,NA,NA,NA,3,NA,Mindfulness,FFMQ total score,U,Mindfulness,Baseline,Post Intervention,0,0,0,0,Post Intervention,NA,NA,Postintervention,Randomized controlled trial,NA,no,assume 27,NR,NR,NR,NR,assume 24,NR,NR,NR,NR,NA,NA,NA,NA,NA,NA,NA,NA,NA,NA,NA,NA,NA,NA,NA
Lebares 2019,2,Mindfulness,Control,NA,NA,NA,3,NA,Executive composite,NIH-EXAMINER task,U,Cognitive functioning,Baseline,Post intervention,12 months after baseline,change values from 2 timepoints to baseline,0,0,Post intervention,NA,12 months after baseline,6+months,Randomized controlled trial,NA,no,12,Mean,SD,2.04,0.34,9,Mean,SD,1.64,0.48,NA,NA,NA,NA,NA,NA,NA,NA,NA,NA,NA,NA,NA,NA,NA
Lebares 2019,2,Mindfulness,Control,NA,NA,NA,3,NA,Executive composite,NIH-EXAMINER task,U,Cognitive functioning,Baseline,Post intervention,12 months after baseline,change values from 2 timepoints to baseline,0,0,Post intervention,NA,12 months after baseline,Baseline,Randomized controlled trial,NA,no,12,Mean,SD,1.74,0.42,9,Mean,SD,1.46,0.63,NA,NA,NA,NA,NA,NA,NA,NA,NA,NA,NA,NA,NA,NA,NA
Lebares 2019,2,Mindfulness,Control,NA,NA,NA,3,NA,Executive composite,NIH-EXAMINER task,U,Cognitive functioning,Baseline,Post intervention,12 months after baseline,change values from 2 timepoints to baseline,0,0,Post intervention,NA,12 months after baseline,Change_6m,Randomized controlled trial,NA,no,12,Mean,SD,0.3,0.51,9,Mean,SD,0.07,0.52,NA,NA,NA,NA,NA,NA,NA,NA,NA,NA,NA,NA,NA,NA,NA
Lebares 2019,2,Mindfulness,Control,NA,NA,NA,3,NA,Executive composite,NIH-EXAMINER task,U,Cognitive functioning,Baseline,Post intervention,12 months after baseline,change values from 2 timepoints to baseline,0,0,Post intervention,NA,12 months after baseline,Change_pi,Randomized controlled trial,NA,no,12,Mean,SD,0.12,0.41,9,Mean,SD,0.15,0.39,NA,NA,NA,NA,NA,NA,NA,NA,NA,NA,NA,NA,NA,NA,NA
Lebares 2019,2,Mindfulness,Control,NA,NA,NA,3,NA,Executive composite,NIH-EXAMINER task,U,Cognitive functioning,Baseline,Post intervention,12 months after baseline,change values from 2 timepoints to baseline,0,0,Post intervention,NA,12 months after baseline,Postintervention,Randomized controlled trial,NA,no,12,Mean,SD,1.86,0.43,9,Mean,SD,1.61,0.51,NA,NA,NA,NA,NA,NA,NA,NA,NA,NA,NA,NA,NA,NA,NA
Lebares 2019,2,Mindfulness,Control,NA,NA,NA,3,NA,Depression,PHQ-9,D,Depression,Baseline,Post intervention,12 months after baseline,change values from 2 timepoints to baseline,0,0,Post intervention,NA,12 months after baseline,6+months,Randomized controlled trial,NA,no,12,Mean,SD,2.25,2.34,9,Mean,SD,2.56,2.13,NA,NA,NA,NA,NA,NA,NA,NA,NA,NA,NA,NA,NA,NA,NA
Lebares 2019,2,Mindfulness,Control,NA,NA,NA,3,NA,Depression,PHQ-9,D,Depression,Baseline,Post intervention,12 months after baseline,change values from 2 timepoints to baseline,0,0,Post intervention,NA,12 months after baseline,Baseline,Randomized controlled trial,NA,no,12,Mean,SD,1.67,1.56,9,Mean,SD,0.89,0.93,NA,NA,NA,NA,NA,NA,NA,NA,NA,NA,NA,NA,NA,NA,NA
Lebares 2019,2,Mindfulness,Control,NA,NA,NA,3,NA,Depression,PHQ-9,D,Depression,Baseline,Post intervention,12 months after baseline,change values from 2 timepoints to baseline,0,0,Post intervention,NA,12 months after baseline,Change_6m,Randomized controlled trial,NA,no,12,Mean,SD,0.58,3.15,9,Mean,SD,1.67,2,NA,NA,NA,NA,NA,NA,NA,NA,NA,NA,NA,NA,NA,NA,NA
Lebares 2019,2,Mindfulness,Control,NA,NA,NA,3,NA,Depression,PHQ-9,D,Depression,Baseline,Post intervention,12 months after baseline,change values from 2 timepoints to baseline,0,0,Post intervention,NA,12 months after baseline,Change_pi,Randomized controlled trial,NA,no,12,Mean,SD,0.92,3.03,9,Mean,SD,2.44,3.84,NA,NA,NA,NA,NA,NA,NA,NA,NA,NA,NA,NA,NA,NA,NA
Lebares 2019,2,Mindfulness,Control,NA,NA,NA,3,NA,Depression,PHQ-9,D,Depression,Baseline,Post intervention,12 months after baseline,change values from 2 timepoints to baseline,0,0,Post intervention,NA,12 months after baseline,Postintervention,Randomized controlled trial,NA,no,12,Mean,SD,2.58,2.61,9,Mean,SD,3.33,3.61,NA,NA,NA,NA,NA,NA,NA,NA,NA,NA,NA,NA,NA,NA,NA
Lebares 2019,2,Mindfulness,Control,NA,NA,NA,3,NA,Perceived Stress,PSS-10,D,Distress,Baseline,Post intervention,12 months after baseline,change values from 2 timepoints to baseline,0,0,Post intervention,NA,12 months after baseline,6+months,Randomized controlled trial,NA,no,12,Mean,SD,11.17,3.69,9,Mean,SD,14.56,4.13,NA,NA,NA,NA,NA,NA,NA,NA,NA,NA,NA,NA,NA,NA,NA
Lebares 2019,2,Mindfulness,Control,NA,NA,NA,3,NA,Perceived Stress,PSS-10,D,Distress,Baseline,Post intervention,12 months after baseline,change values from 2 timepoints to baseline,0,0,Post intervention,NA,12 months after baseline,Baseline,Randomized controlled trial,NA,no,12,Mean,SD,10.17,4.41,9,Mean,SD,13.22,5.56,NA,NA,NA,NA,NA,NA,NA,NA,NA,NA,NA,NA,NA,NA,NA
Lebares 2019,2,Mindfulness,Control,NA,NA,NA,3,NA,Perceived Stress,PSS-10,D,Distress,Baseline,Post intervention,12 months after baseline,change values from 2 timepoints to baseline,0,0,Post intervention,NA,12 months after baseline,Change_6m,Randomized controlled trial,NA,no,12,Mean,SD,1,4.18,9,Mean,SD,1.33,4.69,NA,NA,NA,NA,NA,NA,NA,NA,NA,NA,NA,NA,NA,NA,NA
Lebares 2019,2,Mindfulness,Control,NA,NA,NA,3,NA,Perceived Stress,PSS-10,D,Distress,Baseline,Post intervention,12 months after baseline,change values from 2 timepoints to baseline,0,0,Post intervention,NA,12 months after baseline,Change_pi,Randomized controlled trial,NA,no,12,Mean,SD,1.42,5.74,9,Mean,SD,3.44,6.71,NA,NA,NA,NA,NA,NA,NA,NA,NA,NA,NA,NA,NA,NA,NA
Lebares 2019,2,Mindfulness,Control,NA,NA,NA,3,NA,Perceived Stress,PSS-10,D,Distress,Baseline,Post intervention,12 months after baseline,change values from 2 timepoints to baseline,0,0,Post intervention,NA,12 months after baseline,Postintervention,Randomized controlled trial,NA,no,12,Mean,SD,11.58,5.44,9,Mean,SD,16.67,7.78,NA,NA,NA,NA,NA,NA,NA,NA,NA,NA,NA,NA,NA,NA,NA
Lebares 2019,2,Mindfulness,Control,NA,NA,NA,3,NA,Mindfulness,Cognitive and Affective Mindfulness Scale-Revised (CAMS-R),U,Mindfulness,Baseline,Post intervention,12 months after baseline,change values from 2 timepoints to baseline,0,0,Post intervention,NA,12 months after baseline,6+months,Randomized controlled trial,NA,no,12,Mean,SD,30.17,4.59,9,Mean,SD,25.78,4.49,NA,NA,NA,NA,NA,NA,NA,NA,NA,NA,NA,NA,NA,NA,NA
Lebares 2019,2,Mindfulness,Control,NA,NA,NA,3,NA,Mindfulness,Cognitive and Affective Mindfulness Scale-Revised (CAMS-R),U,Mindfulness,Baseline,Post intervention,12 months after baseline,change values from 2 timepoints to baseline,0,0,Post intervention,NA,12 months after baseline,Baseline,Randomized controlled trial,NA,no,12,Mean,SD,28,4.09,9,Mean,SD,25.89,4.4,NA,NA,NA,NA,NA,NA,NA,NA,NA,NA,NA,NA,NA,NA,NA
Lebares 2019,2,Mindfulness,Control,NA,NA,NA,3,NA,Mindfulness,Cognitive and Affective Mindfulness Scale-Revised (CAMS-R),U,Mindfulness,Baseline,Post intervention,12 months after baseline,change values from 2 timepoints to baseline,0,0,Post intervention,NA,12 months after baseline,Change_6m,Randomized controlled trial,NA,no,12,Mean,SD,2.17,3.66,9,Mean,SD,-0.11,6.19,NA,NA,NA,NA,NA,NA,NA,NA,NA,NA,NA,NA,NA,NA,NA
Lebares 2019,2,Mindfulness,Control,NA,NA,NA,3,NA,Mindfulness,Cognitive and Affective Mindfulness Scale-Revised (CAMS-R),U,Mindfulness,Baseline,Post intervention,12 months after baseline,change values from 2 timepoints to baseline,0,0,Post intervention,NA,12 months after baseline,Change_pi,Randomized controlled trial,NA,no,12,Mean,SD,3.08,3.63,9,Mean,SD,1.56,4.28,NA,NA,NA,NA,NA,NA,NA,NA,NA,NA,NA,NA,NA,NA,NA
Lebares 2019,2,Mindfulness,Control,NA,NA,NA,3,NA,Mindfulness,Cognitive and Affective Mindfulness Scale-Revised (CAMS-R),U,Mindfulness,Baseline,Post intervention,12 months after baseline,change values from 2 timepoints to baseline,0,0,Post intervention,NA,12 months after baseline,Postintervention,Randomized controlled trial,NA,no,12,Mean,SD,31.08,3.61,9,Mean,SD,27.44,4.33,NA,NA,NA,NA,NA,NA,NA,NA,NA,NA,NA,NA,NA,NA,NA
Lebares 2019,2,Mindfulness,Control,NA,NA,NA,3,NA,Burnout,abbreviated Maslach Burnout Inventory validated?,D,Real life functioning,Baseline,Post intervention,12 months after baseline,change values from 2 timepoints to baseline,0,0,Post intervention,NA,12 months after baseline,6+months,Randomized controlled trial,NA,no,12,Mean,SD,29.42,8.48,9,Mean,SD,30.89,8.57,NA,NA,NA,NA,NA,NA,NA,NA,NA,NA,NA,NA,NA,NA,NA
Lebares 2019,2,Mindfulness,Control,NA,NA,NA,3,NA,Burnout,abbreviated Maslach Burnout Inventory validated?,D,Real life functioning,Baseline,Post intervention,12 months after baseline,change values from 2 timepoints to baseline,0,0,Post intervention,NA,12 months after baseline,Baseline,Randomized controlled trial,NA,no,12,Mean,SD,23.92,6.83,9,Mean,SD,25.33,7.62,NA,NA,NA,NA,NA,NA,NA,NA,NA,NA,NA,NA,NA,NA,NA
Lebares 2019,2,Mindfulness,Control,NA,NA,NA,3,NA,Burnout,abbreviated Maslach Burnout Inventory validated?,D,Real life functioning,Baseline,Post intervention,12 months after baseline,change values from 2 timepoints to baseline,0,0,Post intervention,NA,12 months after baseline,Change_6m,Randomized controlled trial,NA,no,12,Mean,SD,5.5,9.96,9,Mean,SD,5.56,9.69,NA,NA,NA,NA,NA,NA,NA,NA,NA,NA,NA,NA,NA,NA,NA
Lebares 2019,2,Mindfulness,Control,NA,NA,NA,3,NA,Burnout,abbreviated Maslach Burnout Inventory validated?,D,Real life functioning,Baseline,Post intervention,12 months after baseline,change values from 2 timepoints to baseline,0,0,Post intervention,NA,12 months after baseline,Change_pi,Randomized controlled trial,NA,no,12,Mean,SD,4.5,9.08,9,Mean,SD,4.33,7.78,NA,NA,NA,NA,NA,NA,NA,NA,NA,NA,NA,NA,NA,NA,NA
Lebares 2019,2,Mindfulness,Control,NA,NA,NA,3,NA,Burnout,abbreviated Maslach Burnout Inventory validated?,D,Real life functioning,Baseline,Post intervention,12 months after baseline,change values from 2 timepoints to baseline,0,0,Post intervention,NA,12 months after baseline,Postintervention,Randomized controlled trial,NA,no,12,Mean,SD,28.42,7.65,9,Mean,SD,29.67,5.9,NA,NA,NA,NA,NA,NA,NA,NA,NA,NA,NA,NA,NA,NA,NA
Lonnberg 2020,2,Mindfulness,Control,NA,NA,NA,3,NA,Depression,EDPS,D,Depression,Baseline,Post intervention,0,0,0,0,Post intervention,NA,NA,Baseline,Randomized controlled trial,NA,no,96,Mean,SD,9.92,4.83,97,Mean,SD,10.1,5.1,NA,NA,NA,NA,NA,NA,NA,NA,NA,NA,NA,NA,NA,NA,NA
Lonnberg 2020,2,Mindfulness,Control,NA,NA,NA,3,NA,Depression,EDPS,D,Depression,Baseline,Post intervention,0,0,0,0,Post intervention,NA,NA,Postintervention,Randomized controlled trial,NA,no,96,Mean,SD,6.37,4.1,97,Mean,SD,8.42,5.48,NA,NA,NA,NA,NA,NA,NA,NA,NA,NA,NA,NA,NA,NA,NA
Lonnberg 2020,2,Mindfulness,Control,NA,NA,NA,3,NA,Perceived Stress,PSS-14,D,Distress,Baseline,Post Intervention,0,0,0,0,Post Intervention,NA,NA,Baseline,Randomized controlled trial,NA,no,96,Mean,SD,26.85,7.17,97,Mean,SD,26.97,7.52,NA,NA,NA,NA,NA,NA,NA,NA,NA,NA,NA,NA,NA,NA,NA
Lonnberg 2020,2,Mindfulness,Control,NA,NA,NA,3,NA,Perceived Stress,PSS-14,D,Distress,Baseline,Post Intervention,0,0,0,0,Post Intervention,NA,NA,Postintervention,Randomized controlled trial,NA,no,96,Mean,SD,20.76,6.54,97,Mean,SD,23.33,7.85,NA,NA,NA,NA,NA,NA,NA,NA,NA,NA,NA,NA,NA,NA,NA
Lonnberg 2020,2,Mindfulness,Control,NA,NA,NA,3,NA,Mindfulness,FFMQ,U,Mindfulness,Baseline,Post intervention,0,0,0,0,Post intervention,NA,NA,Baseline,Randomized controlled trial,NA,no,96,Mean,SD,90.65,12.41,97,Mean,SD,90.24,13.29,NA,NA,NA,NA,NA,NA,NA,NA,NA,NA,NA,NA,NA,NA,NA
Lonnberg 2020,2,Mindfulness,Control,NA,NA,NA,3,NA,Mindfulness,FFMQ,U,Mindfulness,Baseline,Post intervention,0,0,0,0,Post intervention,NA,NA,Postintervention,Randomized controlled trial,NA,no,96,Mean,SD,100.15,12.6,97,Mean,SD,96.22,13.56,NA,NA,NA,NA,NA,NA,NA,NA,NA,NA,NA,NA,NA,NA,NA
Lonnberg 2020,2,Mindfulness,Control,NA,NA,NA,3,NA,Depression,EDPS,D,Depression,Baseline,Post intervention,3 months post-partum follow-up,0,0,0,Post intervention,3 months post-partum follow-up,NA,1-6months,Randomized controlled trial,NA,no,69,Mean,SD,6.65,4.68,84,Mean,SD,7.71,5.76,NA,NA,NA,NA,NA,NA,NA,NA,NA,NA,NA,NA,NA,NA,NA
Lonnberg 2020,2,Mindfulness,Control,NA,NA,NA,3,NA,Perceived Stress,PSS-14,D,Distress,Baseline,Post Intervention,3 months post-partum follow-up,0,0,0,Post intervention,3 months post-partum follow-up,NA,1-6months,Randomized controlled trial,NA,no,69,Mean,SD,21.3,8.1,84,Mean,SD,21.9,8.98,NA,NA,NA,NA,NA,NA,NA,NA,NA,NA,NA,NA,NA,NA,NA
Lopez-Maya 2019,2,Mindfulness,Control,NA,NA,NA,3,NA,Depression,BDI,D,Depression,Baseline,Post Intervention,0,0,0,0,Post Intervention,NA,NA,Baseline,Randomized controlled trial,NA,no,38,Mean,SE,16.6,0.8,38,Mean,SE,16.3,0.8,NA,NA,NA,NA,NA,NA,NA,NA,NA,NA,NA,NA,NA,NA,NA
Lopez-Maya 2019,2,Mindfulness,Control,NA,NA,NA,3,NA,Depression,BDI,D,Depression,Baseline,Post Intervention,0,0,0,0,Post Intervention,NA,NA,Change_pi,Randomized controlled trial,NA,no,38,b coefficient,NR,0.4044671,NR,38,b coefficient,NR,0.4044671,NR,NA,NA,NA,NA,NA,NA,NA,NA,NA,NA,NA,NA,NA,NA,NA
Lopez-Maya 2019,2,Mindfulness,Control,NA,NA,NA,3,NA,Depression,BDI,D,Depression,Baseline,Post Intervention,0,0,0,0,Post Intervention,NA,NA,Postintervention,Randomized controlled trial,NA,no,38,Mean,SE,6.5,0.8,38,Mean,SE,8.7,0.8,NA,NA,NA,NA,NA,NA,NA,NA,NA,NA,NA,NA,NA,NA,NA
Lopez-Maya 2019,2,Mindfulness,Control,NA,NA,NA,3,NA,Perceived Stress,PSS,D,Distress,Baseline,Post intervention,0,0,0,0,Post intervention,NA,NA,Baseline,Randomized controlled trial,NA,no,38,Mean,SE,23.6,0.7,38,Mean,SE,24,0.7,NA,NA,NA,NA,NA,NA,NA,NA,NA,NA,NA,NA,NA,NA,NA
Lopez-Maya 2019,2,Mindfulness,Control,NA,NA,NA,3,NA,Perceived Stress,PSS,D,Distress,Baseline,Post intervention,0,0,0,0,Post intervention,NA,NA,Change_pi,Randomized controlled trial,NA,no,38,b coefficient,NR,0.0249407,NR,38,b coefficient,NR,0.0249407,NR,NA,NA,NA,NA,NA,NA,NA,NA,NA,NA,NA,NA,NA,NA,NA
Lopez-Maya 2019,2,Mindfulness,Control,NA,NA,NA,3,NA,Perceived Stress,PSS,D,Distress,Baseline,Post intervention,0,0,0,0,Post intervention,NA,NA,Postintervention,Randomized controlled trial,NA,no,38,Mean,SE,16.3,0.7,38,Mean,SE,17.6,0.7,NA,NA,NA,NA,NA,NA,NA,NA,NA,NA,NA,NA,NA,NA,NA
Lopez-Maya 2019,2,Mindfulness,Control,NA,NA,NA,3,NA,Mindfulness,FFMQ,U,Mindfulness,Baseline,Post intervention,0,0,0,0,Post intervention,NA,NA,Baseline,Randomized controlled trial,NA,no,38,Mean,SE,116.3,2.2,38,Mean,SE,117.6,2.2,NA,NA,NA,NA,NA,NA,NA,NA,NA,NA,NA,NA,NA,NA,NA
Lopez-Maya 2019,2,Mindfulness,Control,NA,NA,NA,3,NA,Mindfulness,FFMQ,U,Mindfulness,Baseline,Post intervention,0,0,0,0,Post intervention,NA,NA,Change_pi,Randomized controlled trial,NA,no,38,b coefficient,NR,0.411555,NR,38,b coefficient,NR,0.411555,NR,NA,NA,NA,NA,NA,NA,NA,NA,NA,NA,NA,NA,NA,NA,NA
Lopez-Maya 2019,2,Mindfulness,Control,NA,NA,NA,3,NA,Mindfulness,FFMQ,U,Mindfulness,Baseline,Post intervention,0,0,0,0,Post intervention,NA,NA,Postintervention,Randomized controlled trial,NA,no,38,Mean,SE,140.8,2.2,38,Mean,SE,130.1,2.2,NA,NA,NA,NA,NA,NA,NA,NA,NA,NA,NA,NA,NA,NA,NA
Lopez-Maya 2019,2,Mindfulness,Control,NA,NA,NA,3,NA,Self-compassion,SCS,U,Relationship with self,Baseline,Post intervention,0,0,0,0,Post intervention,NA,NA,Baseline,Randomized controlled trial,NA,no,38,Mean,SD,68.759474,20.085319,38,Mean,SD,70.964737,16.308867,NA,NA,NA,NA,NA,NA,NA,NA,NA,NA,NA,NA,NA,NA,NA
Lopez-Maya 2019,2,Mindfulness,Control,NA,NA,NA,3,NA,Self-compassion,SCS,U,Relationship with self,Baseline,Post intervention,0,0,0,0,Post intervention,NA,NA,Change_pi,Randomized controlled trial,NA,no,38,b coefficient,NR,0.2271881,NR,38,b coefficient,NR,0.2271881,NR,NA,NA,NA,NA,NA,NA,NA,NA,NA,NA,NA,NA,NA,NA,NA
Lopez-Maya 2019,2,Mindfulness,Control,NA,NA,NA,3,NA,Self-compassion,SCS,U,Relationship with self,Baseline,Post intervention,0,0,0,0,Post intervention,NA,NA,Postintervention,Randomized controlled trial,NA,no,38,Mean,SD,88.609999,15.400212,38,Mean,SD,85.566842,16.745309,NA,NA,NA,NA,NA,NA,NA,NA,NA,NA,NA,NA,NA,NA,NA
Ma 2019,2,Mindfulness,Control,NA,NA,NA,3,NA,Anxiety,BAI,D,Anxiety,Baseline,Post Intervention,2 months follow-up,0,0,0,Post Intervention,2 months follow-up,NA,1-6months,Randomized controlled trial,NA,no,22,Mean,SD,10.82,7.3,19,Mean,SD,8.79,5.96,NA,NA,NA,NA,NA,NA,NA,NA,NA,NA,NA,NA,NA,NA,NA
Ma 2019,2,Mindfulness,Control,NA,NA,NA,3,NA,Anxiety,BAI,D,Anxiety,Baseline,Post Intervention,2 months follow-up,0,0,0,Post Intervention,2 months follow-up,NA,Baseline,Randomized controlled trial,NA,no,22,Mean,SD,15.68,5.76,21,Mean,SD,13.84,5.28,NA,NA,NA,NA,NA,NA,NA,NA,NA,NA,NA,NA,NA,NA,NA
Ma 2019,2,Mindfulness,Control,NA,NA,NA,3,NA,Anxiety,BAI,D,Anxiety,Baseline,Post Intervention,2 months follow-up,0,0,0,Post Intervention,2 months follow-up,NA,Postintervention,Randomized controlled trial,NA,no,22,Mean,SD,7.55,4.59,19,Mean,SD,9.32,5.91,NA,NA,NA,NA,NA,NA,NA,NA,NA,NA,NA,NA,NA,NA,NA
Ma 2019,2,Mindfulness,Control,NA,NA,NA,3,NA,Attention,Internal switching task (switching cost),D,Cognitive functioning,Baseline,Post Intervention,0,0,0,0,Post Intervention,NA,NA,Baseline,Randomized controlled trial,NA,no,22,Mean,SD,0.44,0.4,19,Mean,SD,0.42,0.27,NA,NA,NA,NA,NA,NA,NA,NA,NA,NA,NA,NA,NA,NA,NA
Ma 2019,2,Mindfulness,Control,NA,NA,NA,3,NA,Attention,Internal switching task (switching cost),D,Cognitive functioning,Baseline,Post Intervention,0,0,0,0,Post Intervention,NA,NA,Postintervention,Randomized controlled trial,NA,no,22,Mean,SD,0.39,0.28,19,Mean,SD,0.42,0.19,NA,NA,NA,NA,NA,NA,NA,NA,NA,NA,NA,NA,NA,NA,NA
Ma 2019,2,Mindfulness,Control,NA,NA,NA,3,NA,Depression,HADS D Chinese,D,Depression,Baseline,Post Intervention,2 months follow-up,0,0,0,Post Intervention,2 months follow-up,NA,1-6months,Randomized controlled trial,NA,no,22,Mean,SD,3.82,2.54,19,Mean,SD,4.79,3.41,NA,NA,NA,NA,NA,NA,NA,NA,NA,NA,NA,NA,NA,NA,NA
Ma 2019,2,Mindfulness,Control,NA,NA,NA,3,NA,Depression,HADS D Chinese,D,Depression,Baseline,Post Intervention,2 months follow-up,0,0,0,Post Intervention,2 months follow-up,NA,Baseline,Randomized controlled trial,NA,no,22,Mean,SD,7.55,3.05,21,Mean,SD,5.21,2.84,NA,NA,NA,NA,NA,NA,NA,NA,NA,NA,NA,NA,NA,NA,NA
Ma 2019,2,Mindfulness,Control,NA,NA,NA,3,NA,Depression,HADS D Chinese,D,Depression,Baseline,Post Intervention,2 months follow-up,0,0,0,Post Intervention,2 months follow-up,NA,Postintervention,Randomized controlled trial,NA,no,22,Mean,SD,4.14,3.04,19,Mean,SD,4.32,2.77,NA,NA,NA,NA,NA,NA,NA,NA,NA,NA,NA,NA,NA,NA,NA
Ma 2019,2,Mindfulness,Control,NA,NA,NA,3,NA,Psychological Symptoms,Revised Clinical Interview Schedule (CIS-R) Chinese,D,Distress,Baseline,Post Intervention,2 months follow-up,0,0,0,Post Intervention,2 months follow-up,NA,1-6months,Randomized controlled trial,NA,no,22,Mean,SD,10.36,7.44,19,Mean,SD,8.37,5.93,NA,NA,NA,NA,NA,NA,NA,NA,NA,NA,NA,NA,NA,NA,NA
Ma 2019,2,Mindfulness,Control,NA,NA,NA,3,NA,Psychological Symptoms,Revised Clinical Interview Schedule (CIS-R) Chinese,D,Distress,Baseline,Post Intervention,2 months follow-up,0,0,0,Post Intervention,2 months follow-up,NA,Baseline,Randomized controlled trial,NA,no,22,Mean,SD,17.68,7.17,21,Mean,SD,12.16,6.19,NA,NA,NA,NA,NA,NA,NA,NA,NA,NA,NA,NA,NA,NA,NA
Ma 2019,2,Mindfulness,Control,NA,NA,NA,3,NA,Psychological Symptoms,Revised Clinical Interview Schedule (CIS-R) Chinese,D,Distress,Baseline,Post Intervention,2 months follow-up,0,0,0,Post Intervention,2 months follow-up,NA,Postintervention,Randomized controlled trial,NA,no,22,Mean,SD,7.91,6.52,19,Mean,SD,9.11,5.97,NA,NA,NA,NA,NA,NA,NA,NA,NA,NA,NA,NA,NA,NA,NA
Ma 2019,2,Mindfulness,Control,NA,NA,NA,3,NA,Mindfulness,MAAS,U,Mindfulness,Baseline,Post Intervention,2 months follow-up,0,0,0,Post Intervention,2 months follow-up,NA,1-6months,Randomized controlled trial,NA,no,22,Mean,SD,4.35,0.56,19,Mean,SD,4.46,0.79,NA,NA,NA,NA,NA,NA,NA,NA,NA,NA,NA,NA,NA,NA,NA
Ma 2019,2,Mindfulness,Control,NA,NA,NA,3,NA,Mindfulness,MAAS,U,Mindfulness,Baseline,Post Intervention,2 months follow-up,0,0,0,Post Intervention,2 months follow-up,NA,Baseline,Randomized controlled trial,NA,no,22,Mean,SD,4.02,0.61,21,Mean,SD,4.06,0.64,NA,NA,NA,NA,NA,NA,NA,NA,NA,NA,NA,NA,NA,NA,NA
Ma 2019,2,Mindfulness,Control,NA,NA,NA,3,NA,Mindfulness,MAAS,U,Mindfulness,Baseline,Post Intervention,2 months follow-up,0,0,0,Post Intervention,2 months follow-up,NA,Postintervention,Randomized controlled trial,NA,no,22,Mean,SD,4.4,0.59,19,Mean,SD,4.33,0.61,NA,NA,NA,NA,NA,NA,NA,NA,NA,NA,NA,NA,NA,NA,NA
Malinowski 2017,2,Mindfulness,Control,NA,NA,NA,3,NA,Executive functioning,counting and emotional Stroop (RT intended outcome),D,Cognitive functioning,Baseline,Post Intervention,0,0,0,0,Post Intervention,NA,NA,Baseline,Randomized controlled trial,NA,no,22,NR,NR,NR,NR,22,NR,NR,NR,NR,NA,NA,NA,NA,NA,NA,NA,NA,NA,NA,NA,NA,NA,NA,NA
Malinowski 2017,2,Mindfulness,Control,NA,NA,NA,3,NA,Executive functioning,counting and emotional Stroop (RT intended outcome),D,Cognitive functioning,Baseline,Post Intervention,0,0,0,0,Post Intervention,NA,NA,Postintervention,Randomized controlled trial,NA,no,22,ANOVA F,dir,6.263,1,22,ANOVA F,dir,6.263,1,NA,NA,NA,NA,NA,NA,NA,NA,NA,NA,NA,NA,NA,NA,NA
Malinowski 2017,2,Mindfulness,Control,NA,NA,NA,3,NA,Wellbeing,WEMWBS,U,Mental wellbeing,Baseline,Post Intervention,0,0,0,0,Post Intervention,NA,NA,Baseline,Randomized controlled trial,NA,no,25,Mean,SD,54.1,7,25,Mean,SD,54.6,9.8,NA,NA,NA,NA,NA,NA,NA,NA,NA,NA,NA,NA,NA,NA,NA
Malinowski 2017,2,Mindfulness,Control,NA,NA,NA,3,NA,Wellbeing,WEMWBS,U,Mental wellbeing,Baseline,Post Intervention,0,0,0,0,Post Intervention,NA,NA,Postintervention,Randomized controlled trial,NA,no,25,Mean,SD,55.2,6.6,25,Mean,SD,54.3,7.4,NA,NA,NA,NA,NA,NA,NA,NA,NA,NA,NA,NA,NA,NA,NA
Malinowski 2017,2,Mindfulness,Control,NA,NA,NA,3,NA,Mindfulness,FFMQ,U,Mindfulness,Baseline,Post intervention,0,0,0,0,Post intervention,NA,NA,Baseline,Randomized controlled trial,NA,no,25,Mean,SD,134.8,17.6,25,Mean,SD,137.6,18.6,NA,NA,NA,NA,NA,NA,NA,NA,NA,NA,NA,NA,NA,NA,NA
Malinowski 2017,2,Mindfulness,Control,NA,NA,NA,3,NA,Mindfulness,FFMQ,U,Mindfulness,Baseline,Post intervention,0,0,0,0,Post intervention,NA,NA,Postintervention,Randomized controlled trial,NA,no,25,Mean,SD,138.1,16.6,25,Mean,SD,135.2,15.1,NA,NA,NA,NA,NA,NA,NA,NA,NA,NA,NA,NA,NA,NA,NA
Malinowski 2017,2,Mindfulness,Control,NA,NA,NA,3,NA,Self-efficacy,Generalised Self-Efficacy Scale,U,Relationship with self,Baseline,Post Intervention,0,0,0,0,Post Intervention,NA,NA,Baseline,Randomized controlled trial,NA,no,25,Mean,SD,31.1,4.2,25,Mean,SD,33.2,4,NA,NA,NA,NA,NA,NA,NA,NA,NA,NA,NA,NA,NA,NA,NA
Malinowski 2017,2,Mindfulness,Control,NA,NA,NA,3,NA,Self-efficacy,Generalised Self-Efficacy Scale,U,Relationship with self,Baseline,Post Intervention,0,0,0,0,Post Intervention,NA,NA,Postintervention,Randomized controlled trial,NA,no,25,Mean,SD,32.2,3.1,25,Mean,SD,34.1,4.1,NA,NA,NA,NA,NA,NA,NA,NA,NA,NA,NA,NA,NA,NA,NA
ODonnell 2017,2,Mindfulness,Control,NA,NA,NA,3,NA,Depression,Geriatric Depression Scale,D,Depression,Baseline,Post Intervention,2 month post int follow up,6 month post int follow up,1 year follow up (unclear if post intervention),0,Post Intervention,6 month post int follow up,1 year follow up (unclear if post intervention),1-6months,Randomized controlled trial,NA,no,11,ANOVA F,dir,4.43,-1,13,ANOVA F,dir,4.43,-1,NA,NA,NA,NA,NA,NA,NA,NA,NA,NA,NA,NA,NA,NA,NA
ODonnell 2017,2,Mindfulness,Control,NA,NA,NA,3,NA,Depression,Geriatric Depression Scale,D,Depression,Baseline,Post Intervention,2 month post int follow up,6 month post int follow up,1 year follow up (unclear if post intervention),0,Post Intervention,6 month post int follow up,1 year follow up (unclear if post intervention),6+months,Randomized controlled trial,NA,no,11,NR ns,NR ns,NR,NR,13,NR ns,NR ns,NR,NR,NA,NA,NA,NA,NA,NA,NA,NA,NA,NA,NA,NA,NA,NA,NA
ODonnell 2017,2,Mindfulness,Control,NA,NA,NA,3,NA,Depression,Geriatric Depression Scale,D,Depression,Baseline,Post Intervention,2 month post int follow up,6 month post int follow up,1 year follow up (unclear if post intervention),0,Post Intervention,6 month post int follow up,1 year follow up (unclear if post intervention),Baseline,Randomized controlled trial,NA,no,11,NR,NR,NR,NR,13,NR,NR,NR,NR,NA,NA,NA,NA,NA,NA,NA,NA,NA,NA,NA,NA,NA,NA,NA
ODonnell 2017,2,Mindfulness,Control,NA,NA,NA,3,NA,Depression,Geriatric Depression Scale,D,Depression,Baseline,Post Intervention,2 month post int follow up,6 month post int follow up,1 year follow up (unclear if post intervention),0,Post Intervention,6 month post int follow up,1 year follow up (unclear if post intervention),Postintervention,Randomized controlled trial,NA,no,11,ANOVA F,dir,6.24,-1,13,ANOVA F,dir,6.24,-1,NA,NA,NA,NA,NA,NA,NA,NA,NA,NA,NA,NA,NA,NA,NA
ODonnell 2017,2,Mindfulness,Control,NA,NA,NA,3,NA,Perceived Stress,PSS-14,D,Distress,Baseline,Post Intervention,2 month post int FU,6 month post int FU,1 year follow up (unclear if post intervention),0,Post Intervention,6 month post int FU,1 year follow up (unclear if post intervention),1-6months,Randomized controlled trial,NA,no,11,NR,NR,NR,NR,13,NR,NR,NR,NR,NA,NA,NA,NA,NA,NA,NA,NA,NA,NA,NA,NA,NA,NA,NA
ODonnell 2017,2,Mindfulness,Control,NA,NA,NA,3,NA,Perceived Stress,PSS-14,D,Distress,Baseline,Post Intervention,2 month post int FU,6 month post int FU,1 year follow up (unclear if post intervention),0,Post Intervention,6 month post int FU,1 year follow up (unclear if post intervention),6+months,Randomized controlled trial,NA,no,11,ANOVA F,dir,2.83,1,13,ANOVA F,dir,2.83,1,NA,NA,NA,NA,NA,NA,NA,NA,NA,NA,NA,NA,NA,NA,NA
ODonnell 2017,2,Mindfulness,Control,NA,NA,NA,3,NA,Perceived Stress,PSS-14,D,Distress,Baseline,Post Intervention,2 month post int FU,6 month post int FU,1 year follow up (unclear if post intervention),0,Post Intervention,6 month post int FU,1 year follow up (unclear if post intervention),Baseline,Randomized controlled trial,NA,no,11,NR,NR,NR,NR,13,NR,NR,NR,NR,NA,NA,NA,NA,NA,NA,NA,NA,NA,NA,NA,NA,NA,NA,NA
ODonnell 2017,2,Mindfulness,Control,NA,NA,NA,3,NA,Perceived Stress,PSS-14,D,Distress,Baseline,Post Intervention,2 month post int FU,6 month post int FU,1 year follow up (unclear if post intervention),0,Post Intervention,6 month post int FU,1 year follow up (unclear if post intervention),Postintervention,Randomized controlled trial,NA,no,11,NR,NR,NR,NR,13,NR,NR,NR,NR,NA,NA,NA,NA,NA,NA,NA,NA,NA,NA,NA,NA,NA,NA,NA
ODonnell 2017,2,Mindfulness,Control,NA,NA,NA,3,NA,Mindfulness,MAAS,U,Mindfulness,Baseline,Post Intervention,2 month post int FU,6 month post int FU,1 year follow up (unclear if post intervention),0,Post Intervention,6 month post int FU,1 year follow up (unclear if post intervention),1-6months,Randomized controlled trial,NA,no,11,NR,NR,NR,NR,13,Cohen's d,NR,NR,NR,NA,NA,NA,NA,NA,NA,NA,NA,NA,NA,NA,NA,NA,NA,NA
ODonnell 2017,2,Mindfulness,Control,NA,NA,NA,3,NA,Mindfulness,MAAS,U,Mindfulness,Baseline,Post Intervention,2 month post int FU,6 month post int FU,1 year follow up (unclear if post intervention),0,Post Intervention,6 month post int FU,1 year follow up (unclear if post intervention),6+months,Randomized controlled trial,NA,no,11,NR ns,NR ns,NR,NR,13,NR ns,NR ns,NR,NR,NA,NA,NA,NA,NA,NA,NA,NA,NA,NA,NA,NA,NA,NA,NA
ODonnell 2017,2,Mindfulness,Control,NA,NA,NA,3,NA,Mindfulness,MAAS,U,Mindfulness,Baseline,Post Intervention,2 month post int FU,6 month post int FU,1 year follow up (unclear if post intervention),0,Post Intervention,6 month post int FU,1 year follow up (unclear if post intervention),Baseline,Randomized controlled trial,NA,no,11,NR,NR,NR,NR,13,NR,NR,NR,NR,NA,NA,NA,NA,NA,NA,NA,NA,NA,NA,NA,NA,NA,NA,NA
ODonnell 2017,2,Mindfulness,Control,NA,NA,NA,3,NA,Mindfulness,MAAS,U,Mindfulness,Baseline,Post Intervention,2 month post int FU,6 month post int FU,1 year follow up (unclear if post intervention),0,Post Intervention,6 month post int FU,1 year follow up (unclear if post intervention),Postintervention,Randomized controlled trial,NA,no,11,NR ns,NR ns,NR,NR,13,NR ns,NR ns,NR,NR,NA,NA,NA,NA,NA,NA,NA,NA,NA,NA,NA,NA,NA,NA,NA
ODonnell 2017,2,Mindfulness,Control,NA,NA,NA,3,NA,Sleep,PSQI,D,Psychosomatic outcomes,Baseline,Post Intervention,2 month post int FU,6 month post int FU,1 year follow up (unclear if post intervention),0,Post Intervention,6 month post int FU,1 year follow up (unclear if post intervention),1-6months,Randomized controlled trial,NA,no,11,NR,NR,NR,NR,13,Cohen's d,NR,NR,NR,NA,NA,NA,NA,NA,NA,NA,NA,NA,NA,NA,NA,NA,NA,NA
ODonnell 2017,2,Mindfulness,Control,NA,NA,NA,3,NA,Sleep,PSQI,D,Psychosomatic outcomes,Baseline,Post Intervention,2 month post int FU,6 month post int FU,1 year follow up (unclear if post intervention),0,Post Intervention,6 month post int FU,1 year follow up (unclear if post intervention),6+months,Randomized controlled trial,NA,no,11,NR ns,NR ns,NR,NR,13,NR ns,NR ns,NR,NR,NA,NA,NA,NA,NA,NA,NA,NA,NA,NA,NA,NA,NA,NA,NA
ODonnell 2017,2,Mindfulness,Control,NA,NA,NA,3,NA,Sleep,PSQI,D,Psychosomatic outcomes,Baseline,Post Intervention,2 month post int FU,6 month post int FU,1 year follow up (unclear if post intervention),0,Post Intervention,6 month post int FU,1 year follow up (unclear if post intervention),Baseline,Randomized controlled trial,NA,no,11,NR,NR,NR,NR,13,NR,NR,NR,NR,NA,NA,NA,NA,NA,NA,NA,NA,NA,NA,NA,NA,NA,NA,NA
ODonnell 2017,2,Mindfulness,Control,NA,NA,NA,3,NA,Sleep,PSQI,D,Psychosomatic outcomes,Baseline,Post Intervention,2 month post int FU,6 month post int FU,1 year follow up (unclear if post intervention),0,Post Intervention,6 month post int FU,1 year follow up (unclear if post intervention),Postintervention,Randomized controlled trial,NA,no,11,NR ns,NR ns,NR,NR,13,NR ns,NR ns,NR,NR,NA,NA,NA,NA,NA,NA,NA,NA,NA,NA,NA,NA,NA,NA,NA
ODonnell 2017,2,Mindfulness,Control,NA,NA,NA,3,NA,Caregiver burden,Zarit Burden Interview,D,Real life functioning,Baseline,Post-intervention,8-weeks post-intervention,6-month post-intervention,1 year follow up (unclear if post intervention),0,Post-intervention,6-month post-intervention,1 year follow up (unclear if post intervention),1-6months,Randomized controlled trial,NA,no,11,NR,NR,NR,NR,13,NR,NR,NR,NR,NA,NA,NA,NA,NA,NA,NA,NA,NA,NA,NA,NA,NA,NA,NA
ODonnell 2017,2,Mindfulness,Control,NA,NA,NA,3,NA,Caregiver burden,Zarit Burden Interview,D,Real life functioning,Baseline,Post-intervention,8-weeks post-intervention,6-month post-intervention,1 year follow up (unclear if post intervention),0,Post-intervention,6-month post-intervention,1 year follow up (unclear if post intervention),6+months,Randomized controlled trial,NA,no,11,ANOVA F,dir,0.43,-1,13,ANOVA F,dir,0.43,-1,NA,NA,NA,NA,NA,NA,NA,NA,NA,NA,NA,NA,NA,NA,NA
ODonnell 2017,2,Mindfulness,Control,NA,NA,NA,3,NA,Caregiver burden,Zarit Burden Interview,D,Real life functioning,Baseline,Post-intervention,8-weeks post-intervention,6-month post-intervention,1 year follow up (unclear if post intervention),0,Post-intervention,6-month post-intervention,1 year follow up (unclear if post intervention),Baseline,Randomized controlled trial,NA,no,11,NR,NR,NR,NR,13,NR,NR,NR,NR,NA,NA,NA,NA,NA,NA,NA,NA,NA,NA,NA,NA,NA,NA,NA
ODonnell 2017,2,Mindfulness,Control,NA,NA,NA,3,NA,Caregiver burden,Zarit Burden Interview,D,Real life functioning,Baseline,Post-intervention,8-weeks post-intervention,6-month post-intervention,1 year follow up (unclear if post intervention),0,Post-intervention,6-month post-intervention,1 year follow up (unclear if post intervention),Postintervention,Randomized controlled trial,NA,no,11,NR,NR,NR,NR,13,NR,NR,NR,NR,NA,NA,NA,NA,NA,NA,NA,NA,NA,NA,NA,NA,NA,NA,NA
ODonnell 2017,2,Mindfulness,Control,NA,NA,NA,3,NA,Self-compassion,SCS-26,U,Relationship with self,Baseline,Post intervention,2 month post int FU,6 month post int FU,1 year follow up (unclear if post intervention),0,Post intervention,6 month post int FU,1 year follow up (unclear if post intervention),1-6months,Randomized controlled trial,NA,no,11,NR,NR,NR,NR,13,Cohen's d,NR,NR,NR,NA,NA,NA,NA,NA,NA,NA,NA,NA,NA,NA,NA,NA,NA,NA
ODonnell 2017,2,Mindfulness,Control,NA,NA,NA,3,NA,Self-compassion,SCS-26,U,Relationship with self,Baseline,Post intervention,2 month post int FU,6 month post int FU,1 year follow up (unclear if post intervention),0,Post intervention,6 month post int FU,1 year follow up (unclear if post intervention),6+months,Randomized controlled trial,NA,no,11,NR ns,NR ns,NR,NR,13,NR ns,NR ns,NR,NR,NA,NA,NA,NA,NA,NA,NA,NA,NA,NA,NA,NA,NA,NA,NA
ODonnell 2017,2,Mindfulness,Control,NA,NA,NA,3,NA,Self-compassion,SCS-26,U,Relationship with self,Baseline,Post intervention,2 month post int FU,6 month post int FU,1 year follow up (unclear if post intervention),0,Post intervention,6 month post int FU,1 year follow up (unclear if post intervention),Baseline,Randomized controlled trial,NA,no,11,NR,NR,NR,NR,13,NR,NR,NR,NR,NA,NA,NA,NA,NA,NA,NA,NA,NA,NA,NA,NA,NA,NA,NA
ODonnell 2017,2,Mindfulness,Control,NA,NA,NA,3,NA,Self-compassion,SCS-26,U,Relationship with self,Baseline,Post intervention,2 month post int FU,6 month post int FU,1 year follow up (unclear if post intervention),0,Post intervention,6 month post int FU,1 year follow up (unclear if post intervention),Postintervention,Randomized controlled trial,NA,no,11,NR,NR,NR,NR,13,NR,NR,NR,NR,NA,NA,NA,NA,NA,NA,NA,NA,NA,NA,NA,NA,NA,NA,NA
Pipe 2009,2,Mindfulness,Control,NA,NA,NA,3,NA,Psychological distress,SCL-90-R,D,Distress,Change From Baseline Scores,0,0,0,0,0,Change From Baseline Scores,NA,NA,Postintervention,Randomized controlled trial,NA,no,15,NR,NR,NR,NR,17,NR,NR,NR,NR,NA,NA,NA,NA,NA,NA,NA,NA,NA,NA,NA,NA,NA,NA,NA
Pipe 2009,2,Mindfulness,Control,NA,NA,NA,3,NA,Caring self-efficacy,Caring Efficacy Scale,U,Relationship with self,Change From Baseline Scores,0,0,0,0,0,Change From Baseline Scores,NA,NA,Postintervention,Randomized controlled trial,NA,no,15,NR,NR,NR,NR,17,NR,NR,NR,NR,NA,NA,NA,NA,NA,NA,NA,NA,NA,NA,NA,NA,NA,NA,NA
Sevinc 2018,2,Mindfulness,Control,NA,NA,NA,3,NA,Anxiety,Anxiety Severity Index (only mentioned in protocol),?(mentioned in protocol only),Anxiety,Baseline,Post Intervention,0,0,0,0,Post Intervention,NA,NA,Baseline,Cluster randomized controlled trial,NR,no,NR,NR,NR,NR,NR,NR,NR,NR,NR,NR,NA,NA,NA,NA,NA,NA,NA,NA,NA,NA,NA,NA,NA,NA,NA
Sevinc 2018,2,Mindfulness,Control,NA,NA,NA,3,NA,Anxiety,Anxiety Severity Index (only mentioned in protocol),?(mentioned in protocol only),Anxiety,Baseline,Post Intervention,0,0,0,0,Post Intervention,NA,NA,Postintervention,Cluster randomized controlled trial,NR,no,NR,NR,NR,NR,NR,NR,NR,NR,NR,NR,NA,NA,NA,NA,NA,NA,NA,NA,NA,NA,NA,NA,NA,NA,NA
Sevinc 2018,2,Mindfulness,Control,NA,NA,NA,3,NA,Perceived stress,PSS-10,D,Distress,Baseline,Post Intervention,0,0,0,0,Post Intervention,NA,NA,Baseline,Cluster randomized controlled trial,NR,no,18,Mean,SD,17.7,5.7,20,Mean,SD,14.1,6.6,NA,NA,NA,NA,NA,NA,NA,NA,NA,NA,NA,NA,NA,NA,NA
Sevinc 2018,2,Mindfulness,Control,NA,NA,NA,3,NA,Perceived stress,PSS-10,D,Distress,Baseline,Post Intervention,0,0,0,0,Post Intervention,NA,NA,Change_pi,Cluster randomized controlled trial,NR,no,18,b coefficient,NR,0.4358595,NR,20,b coefficient,NR,0.4358595,NR,NA,NA,NA,NA,NA,NA,NA,NA,NA,NA,NA,NA,NA,NA,NA
Sevinc 2018,2,Mindfulness,Control,NA,NA,NA,3,NA,Perceived stress,PSS-10,D,Distress,Baseline,Post Intervention,0,0,0,0,Post Intervention,NA,NA,Postintervention,Cluster randomized controlled trial,NR,no,18,Mean,SD,11.9,5,20,Mean,SD,11.3,5.5,NA,NA,NA,NA,NA,NA,NA,NA,NA,NA,NA,NA,NA,NA,NA
Sevinc 2018,2,Mindfulness,Control,NA,NA,NA,3,NA,Mindfulness,FFMQ subscales,U,Mindfulness,Baseline,Post Intervention,0,0,0,0,Post Intervention,NA,NA,Baseline,Cluster randomized controlled trial,NR,no,19,Mean,SD,125.6,18.98,19,Mean,SD,130.9,18.05,NA,NA,NA,NA,NA,NA,NA,NA,NA,NA,NA,NA,NA,NA,NA
Sevinc 2018,2,Mindfulness,Control,NA,NA,NA,3,NA,Mindfulness,FFMQ subscales,U,Mindfulness,Baseline,Post Intervention,0,0,0,0,Post Intervention,NA,NA,Change_pi,Cluster randomized controlled trial,NR,no,19,b coefficient,NR,0.8640483,NR,19,b coefficient,NR,0.8640483,NR,NA,NA,NA,NA,NA,NA,NA,NA,NA,NA,NA,NA,NA,NA,NA
Sevinc 2018,2,Mindfulness,Control,NA,NA,NA,3,NA,Mindfulness,FFMQ subscales,U,Mindfulness,Baseline,Post Intervention,0,0,0,0,Post Intervention,NA,NA,Postintervention,Cluster randomized controlled trial,NR,no,19,Mean,SD,120.8,17.43,19,Mean,SD,144.4,18.34,NA,NA,NA,NA,NA,NA,NA,NA,NA,NA,NA,NA,NA,NA,NA
Sevinc 2018,2,Mindfulness,Control,NA,NA,NA,3,NA,Self-compassion,SCS 26 subscales,U,Relationship with self,Baseline,Post Intervention,0,0,0,0,Post Intervention,NA,NA,Baseline,Cluster randomized controlled trial,NR,no,18,Mean,SD,18.37,2.55,19,Mean,SD,17.04,2.18,NA,NA,NA,NA,NA,NA,NA,NA,NA,NA,NA,NA,NA,NA,NA
Sevinc 2018,2,Mindfulness,Control,NA,NA,NA,3,NA,Self-compassion,SCS 26 subscales,U,Relationship with self,Baseline,Post Intervention,0,0,0,0,Post Intervention,NA,NA,Change_pi,Cluster randomized controlled trial,NR,no,18,b coefficient,NR,0.774537,NR,19,b coefficient,NR,0.774537,NR,NA,NA,NA,NA,NA,NA,NA,NA,NA,NA,NA,NA,NA,NA,NA
Sevinc 2018,2,Mindfulness,Control,NA,NA,NA,3,NA,Self-compassion,SCS 26 subscales,U,Relationship with self,Baseline,Post Intervention,0,0,0,0,Post Intervention,NA,NA,Postintervention,Cluster randomized controlled trial,NR,no,18,Mean,SD,17.81,2.49,19,Mean,SD,17.45,2.43,NA,NA,NA,NA,NA,NA,NA,NA,NA,NA,NA,NA,NA,NA,NA
Smart 2017,2,Mindfulness,Control,NA,NA,NA,3,NA,Anxiety,Adult Manifest Anxiety Scale Elderly Version,D,Anxiety,Baseline,Post intervention,0,0,0,0,Post intervention,NA,NA,Baseline,Randomized controlled trial,NA,no,assume 18,NR,NR,NR,NR,assume 18,NR,NR,NR,NR,NA,NA,NA,NA,NA,NA,NA,NA,NA,NA,NA,NA,NA,NA,NA
Smart 2017,2,Mindfulness,Control,NA,NA,NA,3,NA,Anxiety,Adult Manifest Anxiety Scale Elderly Version,D,Anxiety,Baseline,Post intervention,0,0,0,0,Post intervention,NA,NA,Postintervention,Randomized controlled trial,NA,no,assume 18,NR ns,NR ns,NR,NR,assume 18,NR ns,NR ns,NR,NR,NA,NA,NA,NA,NA,NA,NA,NA,NA,NA,NA,NA,NA,NA,NA
Smart 2017,2,Mindfulness,Control,NA,NA,NA,3,NA,Attention,"Go/Nogo task RT, RT IIV, accuracy",D,Cognitive functioning,Baseline,Post Intervention,0,0,0,0,Post Intervention,NA,NA,Baseline,Randomized controlled trial,NA,no,assume 18,NR,NR,NR,NR,assume 16,NR,NR,NR,NR,NA,NA,NA,NA,NA,NA,NA,NA,NA,NA,NA,NA,NA,NA,NA
Smart 2017,2,Mindfulness,Control,NA,NA,NA,3,NA,Attention,"Go/Nogo task RT, RT IIV, accuracy",D,Cognitive functioning,Baseline,Post Intervention,0,0,0,0,Post Intervention,NA,NA,Postintervention,Randomized controlled trial,NA,no,assume 18,NR ns,NR ns,NR,NR,assume 16,NR ns,NR ns,NR,NR,NA,NA,NA,NA,NA,NA,NA,NA,NA,NA,NA,NA,NA,NA,NA
Smart 2017,2,Mindfulness,Control,NA,NA,NA,3,NA,Self- efficacy,Memory Self-Efficacy Questionnaire,U,Relationship with self,Baseline,Post Intervention,0,0,0,0,Post Intervention,NA,NA,Baseline,Randomized controlled trial,NA,no,assume 18,NR,NR,NR,NR,assume 16,NR,NR,NR,NR,NA,NA,NA,NA,NA,NA,NA,NA,NA,NA,NA,NA,NA,NA,NA
Smart 2017,2,Mindfulness,Control,NA,NA,NA,3,NA,Self- efficacy,Memory Self-Efficacy Questionnaire,U,Relationship with self,Baseline,Post Intervention,0,0,0,0,Post Intervention,NA,NA,Postintervention,Randomized controlled trial,NA,no,assume 18,NR ns,NR ns,NR,NR,assume 16,NR ns,NR ns,NR,NR,NA,NA,NA,NA,NA,NA,NA,NA,NA,NA,NA,NA,NA,NA,NA
Vinesett 2017,2,Mindfulness,Control,NA,NA,NA,3,NA,Depression,CES-D R,D,Depression,Baseline,Post Intervention,1 month post int follow up,change values from 2 timepoints to baseline,0,0,Post Intervention,1 month post int follow up,NA,1-6months,Randomized controlled trial,NA,no,assume 6,Cohen's d,NR,0.29,NR,assume 5,Cohen's d,NR,0.29,NR,NA,NA,NA,NA,NA,NA,NA,NA,NA,NA,NA,NA,NA,NA,NA
Vinesett 2017,2,Mindfulness,Control,NA,NA,NA,3,NA,Depression,CES-D R,D,Depression,Baseline,Post Intervention,one-month post int follow up,change values from 2 timepoints to baseline,0,0,Post Intervention,one-month post int follow up,NA,Baseline,Randomized controlled trial,NA,no,assume 6,NR,NR,NR,NR,assume 5,NR,NR,NR,NR,NA,NA,NA,NA,NA,NA,NA,NA,NA,NA,NA,NA,NA,NA,NA
Vinesett 2017,2,Mindfulness,Control,NA,NA,NA,3,NA,Depression,CES-D R,D,Depression,Baseline,Post Intervention,one-month post int follow up,change values from 2 timepoints to baseline,0,0,Post Intervention,one-month post int follow up,NA,Change_16m,Randomized controlled trial,NA,no,NR,NR,NR,NR,NR,NR,NR,NR,NR,NR,NA,NA,NA,NA,NA,NA,NA,NA,NA,NA,NA,NA,NA,NA,NA
Vinesett 2017,2,Mindfulness,Control,NA,NA,NA,3,NA,Depression,CES-D R,D,Depression,Baseline,Post Intervention,one-month post int follow up,change values from 2 timepoints to baseline,0,0,Post Intervention,one-month post int follow up,NA,Change_pi,Randomized controlled trial,NA,no,NR,NR,NR,NR,NR,NR,NR,NR,NR,NR,NA,NA,NA,NA,NA,NA,NA,NA,NA,NA,NA,NA,NA,NA,NA
Vinesett 2017,2,Mindfulness,Control,NA,NA,NA,3,NA,Depression,CES-D R,D,Depression,Baseline,Post Intervention,one-month post int follow up,change values from 2 timepoints to baseline,0,0,Post Intervention,one-month post int follow up,NA,Postintervention,Randomized controlled trial,NA,no,assume 4,Cohen's d,NR,0.48,NR,assume 4,Cohen's d,NR,0.48,NR,NA,NA,NA,NA,NA,NA,NA,NA,NA,NA,NA,NA,NA,NA,NA
Vinesett 2017,2,Mindfulness,Control,NA,NA,NA,3,NA,Psychological distress,DASS total,D,Distress,Baseline,Post Intervention,1 month post int follow up,change values from 2 timepoints to baseline,0,0,Post Intervention,1 month post int follow up,NA,1-6months,Randomized controlled trial,NA,no,assume 6,Cohen's d,NR,0.08,NR,assume 5,Cohen's d,NR,0.08,NR,NA,NA,NA,NA,NA,NA,NA,NA,NA,NA,NA,NA,NA,NA,NA
Vinesett 2017,2,Mindfulness,Control,NA,NA,NA,3,NA,Psychological distress,DASS total,D,Distress,Baseline,Post Intervention,1 month post int follow up,change values from 2 timepoints to baseline,0,0,Post Intervention,1 month post int follow up,NA,Baseline,Randomized controlled trial,NA,no,assume 6,NR,NR,NR,NR,assume 5,NR,NR,NR,NR,NA,NA,NA,NA,NA,NA,NA,NA,NA,NA,NA,NA,NA,NA,NA
Vinesett 2017,2,Mindfulness,Control,NA,NA,NA,3,NA,Psychological distress,DASS total,D,Distress,Baseline,Post Intervention,1 month post int follow up,change values from 2 timepoints to baseline,0,0,Post Intervention,1 month post int follow up,NA,Change_16m,Randomized controlled trial,NA,no,NR,NR,NR,NR,NR,NR,NR,NR,NR,NR,NA,NA,NA,NA,NA,NA,NA,NA,NA,NA,NA,NA,NA,NA,NA
Vinesett 2017,2,Mindfulness,Control,NA,NA,NA,3,NA,Psychological distress,DASS total,D,Distress,Baseline,Post Intervention,1 month post int follow up,change values from 2 timepoints to baseline,0,0,Post Intervention,1 month post int follow up,NA,Change_pi,Randomized controlled trial,NA,no,NR,NR,NR,NR,NR,NR,NR,NR,NR,NR,NA,NA,NA,NA,NA,NA,NA,NA,NA,NA,NA,NA,NA,NA,NA
Vinesett 2017,2,Mindfulness,Control,NA,NA,NA,3,NA,Psychological distress,DASS total,D,Distress,Baseline,Post Intervention,1 month post int follow up,change values from 2 timepoints to baseline,0,0,Post Intervention,1 month post int follow up,NA,Postintervention,Randomized controlled trial,NA,no,assume 4,Cohen's d,NR,0.13,NR,assume 4,Cohen's d,NR,0.13,NR,NA,NA,NA,NA,NA,NA,NA,NA,NA,NA,NA,NA,NA,NA,NA
Vinesett 2017,2,Mindfulness,Control,NA,NA,NA,3,NA,Wellbeing,SF-36 Emotional Well-Being subscale,U,Mental wellbeing,Baseline,Post Intervention,1 month post int follow up,change values from 2 timepoints to baseline,0,0,Post Intervention,1 month post int follow up,NA,1-6months,Randomized controlled trial,NA,no,assume 6,Cohen's d,NR,-0.15,NR,assume 5,Cohen's d,NR,-0.15,NR,NA,NA,NA,NA,NA,NA,NA,NA,NA,NA,NA,NA,NA,NA,NA
Vinesett 2017,2,Mindfulness,Control,NA,NA,NA,3,NA,Wellbeing,SF-36 Emotional Well-Being subscale,U,Mental wellbeing,Baseline,Post Intervention,1 month post int follow up,change values from 2 timepoints to baseline,0,0,Post Intervention,1 month post int follow up,NA,Baseline,Randomized controlled trial,NA,no,assume 6,NR,NR,NR,NR,assume 5,NR,NR,NR,NR,NA,NA,NA,NA,NA,NA,NA,NA,NA,NA,NA,NA,NA,NA,NA
Vinesett 2017,2,Mindfulness,Control,NA,NA,NA,3,NA,Wellbeing,SF-36 Emotional Well-Being subscale,U,Mental wellbeing,Baseline,Post Intervention,1 month post int follow up,change values from 2 timepoints to baseline,0,0,Post Intervention,1 month post int follow up,NA,Change_16m,Randomized controlled trial,NA,no,NR,NR,NR,NR,NR,NR,NR,NR,NR,NR,NA,NA,NA,NA,NA,NA,NA,NA,NA,NA,NA,NA,NA,NA,NA
Vinesett 2017,2,Mindfulness,Control,NA,NA,NA,3,NA,Wellbeing,SF-36 Emotional Well-Being subscale,U,Mental wellbeing,Baseline,Post Intervention,1 month post int follow up,change values from 2 timepoints to baseline,0,0,Post Intervention,1 month post int follow up,NA,Change_pi,Randomized controlled trial,NA,no,NR,NR,NR,NR,NR,NR,NR,NR,NR,NR,NA,NA,NA,NA,NA,NA,NA,NA,NA,NA,NA,NA,NA,NA,NA
Vinesett 2017,2,Mindfulness,Control,NA,NA,NA,3,NA,Wellbeing,SF-36 Emotional Well-Being subscale,U,Mental wellbeing,Baseline,Post Intervention,1 month post int follow up,change values from 2 timepoints to baseline,0,0,Post Intervention,1 month post int follow up,NA,Postintervention,Randomized controlled trial,NA,no,assume 4,Cohen's d,NR,-0.42,NR,assume 4,Cohen's d,NR,-0.42,NR,NA,NA,NA,NA,NA,NA,NA,NA,NA,NA,NA,NA,NA,NA,NA
Vinesett 2017,2,Mindfulness,Control,NA,NA,NA,3,NA,Social functioning,SF-36 Social Functioning 2 item subscale,U,Real life functioning,Baseline,Post-intervention,1-month post intervention follow-up,change values from 2 time points to baseline,0,0,Post-intervention,1-month post intervention follow-up,NA,1-6months,Randomized controlled trial,NA,no,assume 6,Cohen's d,NR,-0.12,NR,assume 5,Cohen's d,NR,-0.12,NR,NA,NA,NA,NA,NA,NA,NA,NA,NA,NA,NA,NA,NA,NA,NA
Vinesett 2017,2,Mindfulness,Control,NA,NA,NA,3,NA,Social functioning,SF-36 Social Functioning 2 item subscale,U,Real life functioning,Baseline,Post-intervention,1-month post intervention follow-up,change values from 2 time points to baseline,0,0,Post-intervention,1-month post intervention follow-up,NA,Baseline,Randomized controlled trial,NA,no,assume 6,NR,NR,NR,NR,assume 5,NR,NR,NR,NR,NA,NA,NA,NA,NA,NA,NA,NA,NA,NA,NA,NA,NA,NA,NA
Vinesett 2017,2,Mindfulness,Control,NA,NA,NA,3,NA,Social functioning,SF-36 Social Functioning 2 item subscale,U,Real life functioning,Baseline,Post-intervention,1-month post intervention follow-up,change values from 2 time points to baseline,0,0,Post-intervention,1-month post intervention follow-up,NA,Change_16m,Randomized controlled trial,NA,no,NR,NR,NR,NR,NR,NR,NR,NR,NR,NR,NA,NA,NA,NA,NA,NA,NA,NA,NA,NA,NA,NA,NA,NA,NA
Vinesett 2017,2,Mindfulness,Control,NA,NA,NA,3,NA,Social functioning,SF-36 Social Functioning 2 item subscale,U,Real life functioning,Baseline,Post-intervention,1-month post intervention follow-up,change values from 2 time points to baseline,0,0,Post-intervention,1-month post intervention follow-up,NA,Change_pi,Randomized controlled trial,NA,no,NR,NR,NR,NR,NR,NR,NR,NR,NR,NR,NA,NA,NA,NA,NA,NA,NA,NA,NA,NA,NA,NA,NA,NA,NA
Vinesett 2017,2,Mindfulness,Control,NA,NA,NA,3,NA,Social functioning,SF-36 Social Functioning 2 item subscale,U,Real life functioning,Baseline,Post-intervention,1-month post intervention follow-up,change values from 2 time points to baseline,0,0,Post-intervention,1-month post intervention follow-up,NA,Postintervention,Randomized controlled trial,NA,no,assume 4,Cohen's d,NR,-0.26,NR,assume 4,Cohen's d,NR,-0.26,NR,NA,NA,NA,NA,NA,NA,NA,NA,NA,NA,NA,NA,NA,NA,NA
Williams 2001,2,Mindfulness,Control,NA,NA,NA,1,NA,Psychological distress,SCL-90R,D,Distress,Baseline,Post Intervention,3 month post int follow up,0,0,0,Post Intervention,3 month post int follow up,NA,1-6months,Randomized controlled trial,NA,no,assume 35,p-value from t-test,dir,0.04,-1,assume 27,p-value from t-test,dir,0.04,-1,NA,NA,NA,NA,NA,NA,NA,NA,NA,NA,NA,NA,NA,NA,NA
Williams 2001,2,Mindfulness,Control,NA,NA,NA,1,NA,Psychological distress,SCL-90R,D,Distress,Baseline,Post Intervention,3 month post int follow up,0,0,0,Post Intervention,3 month post int follow up,NA,Baseline,Randomized controlled trial,NA,no,assume 35,NR,NR,NR,NR,assume 27,NR,NR,NR,NR,NA,NA,NA,NA,NA,NA,NA,NA,NA,NA,NA,NA,NA,NA,NA
Williams 2001,2,Mindfulness,Control,NA,NA,NA,1,NA,Psychological distress,SCL-90R,D,Distress,Baseline,Post Intervention,3 month post int follow up,0,0,0,Post Intervention,3 month post int follow up,NA,Postintervention,Randomized controlled trial,NA,no,assume 35,p-value from t-test,dir,0.04,-1,assume 27,p-value from t-test,dir,0.04,-1,NA,NA,NA,NA,NA,NA,NA,NA,NA,NA,NA,NA,NA,NA,NA
Guardino 2014,2,Mindfulness,Control,NA,NA,NA,2,NA,Perceived stress,PSS-14,D,Distress,Baseline,Post Intervention,six week post int follow up,0,0,0,Post Intervention,six week post int follow up,NA,1-6months,Randomized controlled trial,NA,no,20,Mean,SD,36.17,5.9,13,Mean,SD,37.42,7.27,NA,NA,NA,NA,NA,NA,NA,NA,NA,NA,NA,NA,NA,NA,NA
Guardino 2014,2,Mindfulness,Control,NA,NA,NA,2,NA,Perceived stress,PSS-14,D,Distress,Baseline,Post Intervention,six week post int follow up,0,0,0,Post Intervention,six week post int follow up,NA,Baseline,Randomized controlled trial,NA,no,24,Mean,SD,41.81,6,23,Mean,SD,39.91,8.55,NA,NA,NA,NA,NA,NA,NA,NA,NA,NA,NA,NA,NA,NA,NA
Guardino 2014,2,Mindfulness,Control,NA,NA,NA,2,NA,Perceived stress,PSS-14,D,Distress,Baseline,Post Intervention,six week post int follow up,0,0,0,Post Intervention,six week post int follow up,NA,Postintervention,Randomized controlled trial,NA,no,20,Mean,SD,37.3,5.38,20,Mean,SD,35.8,8.01,NA,NA,NA,NA,NA,NA,NA,NA,NA,NA,NA,NA,NA,NA,NA
Guardino 2014,2,Mindfulness,Control,NA,NA,NA,2,NA,Mindfulness,FFMQ,U,Mindfulness,Baseline,Post Intervention,six weeks post int follow up,0,0,0,Post Intervention,six weeks post int follow up,NA,1-6months,Randomized controlled trial,NA,no,20,Mean,SD,132.68,16.58,13,Mean,SD,136.73,23,NA,NA,NA,NA,NA,NA,NA,NA,NA,NA,NA,NA,NA,NA,NA
Guardino 2014,2,Mindfulness,Control,NA,NA,NA,2,NA,Mindfulness,FFMQ,U,Mindfulness,Baseline,Post Intervention,six weeks post int follow up,0,0,0,Post Intervention,six weeks post int follow up,NA,Baseline,Randomized controlled trial,NA,no,24,Mean,SD,119.64,13.04,23,Mean,SD,123.61,16.41,NA,NA,NA,NA,NA,NA,NA,NA,NA,NA,NA,NA,NA,NA,NA
Guardino 2014,2,Mindfulness,Control,NA,NA,NA,2,NA,Mindfulness,FFMQ,U,Mindfulness,Baseline,Post Intervention,six weeks post int follow up,0,0,0,Post Intervention,six weeks post int follow up,NA,Postintervention,Randomized controlled trial,NA,no,20,Mean,SD,134.24,15.48,20,Mean,SD,134.66,20.17,NA,NA,NA,NA,NA,NA,NA,NA,NA,NA,NA,NA,NA,NA,NA
James 2018,2,Mindfulness,Control,NA,NA,NA,2,NA,Anxiety,DASS,D,Anxiety,Baseline,post intervention,10 week Follow up post intervention,0,0,0,post intervention,10 week Follow up post intervention,NA,1-6months,Randomized controlled trial,NA,no,28,Mean,SD,10.1,7.7,32,Mean,SD,11.8,9.6,NA,NA,NA,NA,NA,NA,NA,NA,NA,NA,NA,NA,NA,NA,NA
James 2018,2,Mindfulness,Control,NA,NA,NA,2,NA,Anxiety,DASS,D,Anxiety,Baseline,post intervention,10 week Follow up post intervention,0,0,0,post intervention,10 week Follow up post intervention,NA,Baseline,Randomized controlled trial,NA,no,28,Mean,SD,12.9,9,32,Mean,SD,13.4,10.5,NA,NA,NA,NA,NA,NA,NA,NA,NA,NA,NA,NA,NA,NA,NA
James 2018,2,Mindfulness,Control,NA,NA,NA,2,NA,Anxiety,DASS,D,Anxiety,Baseline,post intervention,10 week Follow up post intervention,0,0,0,post intervention,10 week Follow up post intervention,NA,Postintervention,Randomized controlled trial,NA,no,28,Mean,SD,10.4,9.6,32,Mean,SD,12.1,9.8,NA,NA,NA,NA,NA,NA,NA,NA,NA,NA,NA,NA,NA,NA,NA
James 2018,2,Mindfulness,Control,NA,NA,NA,2,NA,Depression,DASS,D,Depression,Baseline,Post intervention,10 week Follow up post intervention,0,0,0,Post intervention,10 week Follow up post intervention,NA,1-6months,Randomized controlled trial,NA,no,28,Mean,SD,13.2,11.5,32,Mean,SD,13.4,11.1,NA,NA,NA,NA,NA,NA,NA,NA,NA,NA,NA,NA,NA,NA,NA
James 2018,2,Mindfulness,Control,NA,NA,NA,2,NA,Depression,DASS,D,Depression,Baseline,Post intervention,10 week Follow up post intervention,0,0,0,Post intervention,10 week Follow up post intervention,NA,Baseline,Randomized controlled trial,NA,no,28,Mean,SD,16.1,12.1,32,Mean,SD,14,10.3,NA,NA,NA,NA,NA,NA,NA,NA,NA,NA,NA,NA,NA,NA,NA
James 2018,2,Mindfulness,Control,NA,NA,NA,2,NA,Depression,DASS,D,Depression,Baseline,Post intervention,10 week Follow up post intervention,0,0,0,Post intervention,10 week Follow up post intervention,NA,Postintervention,Randomized controlled trial,NA,no,28,Mean,SD,12.1,12.6,32,Mean,SD,11.6,9.7,NA,NA,NA,NA,NA,NA,NA,NA,NA,NA,NA,NA,NA,NA,NA
James 2018,2,Mindfulness,Control,NA,NA,NA,2,NA,Stress,DASS,D,Distress,Baseline,Post intervention,10 week Follow up post intervention,0,0,0,Post intervention,10 week Follow up post intervention,NA,1-6months,Randomized controlled trial,NA,no,28,Mean,SD,18.8,10.8,32,Mean,SD,21.1,9.4,NA,NA,NA,NA,NA,NA,NA,NA,NA,NA,NA,NA,NA,NA,NA
James 2018,2,Mindfulness,Control,NA,NA,NA,2,NA,Stress,DASS,D,Distress,Baseline,Post intervention,10 week Follow up post intervention,0,0,0,Post intervention,10 week Follow up post intervention,NA,Baseline,Randomized controlled trial,NA,no,28,Mean,SD,24,10.2,32,Mean,SD,21.6,9.6,NA,NA,NA,NA,NA,NA,NA,NA,NA,NA,NA,NA,NA,NA,NA
James 2018,2,Mindfulness,Control,NA,NA,NA,2,NA,Stress,DASS,D,Distress,Baseline,Post intervention,10 week Follow up post intervention,0,0,0,Post intervention,10 week Follow up post intervention,NA,Postintervention,Randomized controlled trial,NA,no,28,Mean,SD,17.5,11.4,32,Mean,SD,20.3,9.9,NA,NA,NA,NA,NA,NA,NA,NA,NA,NA,NA,NA,NA,NA,NA
James 2018,2,Mindfulness,Control,NA,NA,NA,2,NA,Mindfulness,FFMQ,U,Mindfulness,Baseline,Post Intervention,10 week follow up post intervention,0,0,0,Post Intervention,10 week follow up post intervention,NA,1-6months,Randomized controlled trial,NA,no,28,Mean,SD,119.5,22.9,32,Mean,SD,111.6,14.8,NA,NA,NA,NA,NA,NA,NA,NA,NA,NA,NA,NA,NA,NA,NA
James 2018,2,Mindfulness,Control,NA,NA,NA,2,NA,Mindfulness,FFMQ,U,Mindfulness,Baseline,Post Intervention,10 week follow up post intervention,0,0,0,Post Intervention,10 week follow up post intervention,NA,Baseline,Randomized controlled trial,NA,no,28,Mean,SD,104.8,18.4,32,Mean,SD,109.3,17.1,NA,NA,NA,NA,NA,NA,NA,NA,NA,NA,NA,NA,NA,NA,NA
James 2018,2,Mindfulness,Control,NA,NA,NA,2,NA,Mindfulness,FFMQ,U,Mindfulness,Baseline,Post Intervention,10 week follow up post intervention,0,0,0,Post Intervention,10 week follow up post intervention,NA,Postintervention,Randomized controlled trial,NA,no,28,Mean,SD,119.5,19.9,32,Mean,SD,111,14.5,NA,NA,NA,NA,NA,NA,NA,NA,NA,NA,NA,NA,NA,NA,NA
James 2018,2,Mindfulness,Control,NA,NA,NA,2,NA,Self-compassion,SCS-12,U,Relationship with self,Baseline,Post Intervention,10 week follow up post intervention,0,0,0,Post Intervention,10 week follow up post intervention,NA,1-6months,Randomized controlled trial,NA,no,28,Mean,SD,2.7,0.8,32,Mean,SD,2.5,0.7,NA,NA,NA,NA,NA,NA,NA,NA,NA,NA,NA,NA,NA,NA,NA
James 2018,2,Mindfulness,Control,NA,NA,NA,2,NA,Self-compassion,SCS-12,U,Relationship with self,Baseline,Post Intervention,10 week follow up post intervention,0,0,0,Post Intervention,10 week follow up post intervention,NA,Baseline,Randomized controlled trial,NA,no,28,Mean,SD,2,0.5,32,Mean,SD,2.3,0.5,NA,NA,NA,NA,NA,NA,NA,NA,NA,NA,NA,NA,NA,NA,NA
James 2018,2,Mindfulness,Control,NA,NA,NA,2,NA,Self-compassion,SCS-12,U,Relationship with self,Baseline,Post Intervention,10 week follow up post intervention,0,0,0,Post Intervention,10 week follow up post intervention,NA,Postintervention,Randomized controlled trial,NA,no,28,Mean,SD,2.7,0.7,32,Mean,SD,2.4,0.5,NA,NA,NA,NA,NA,NA,NA,NA,NA,NA,NA,NA,NA,NA,NA
Brown 2016,2,Mindfulness,Control,NA,NA,NA,2,NA,Perceived Stress,PSS-10,D,Distress,Baseline,Post Intervention,3 month follow up (unclear if postint),0,0,0,Post Intervention,3 month follow up (unclear if postint),NA,1-6months,Randomized controlled trial,NA,no,23,Mean,SD,18.11,5.5,15,Mean,SD,17.8,6.03,NA,NA,NA,NA,NA,NA,NA,NA,NA,NA,NA,NA,NA,NA,NA
Brown 2016,2,Mindfulness,Control,NA,NA,NA,2,NA,Perceived Stress,PSS-10,D,Distress,Baseline,Post Intervention,3 month follow up (unclear if postint),0,0,0,Post Intervention,3 month follow up (unclear if postint),NA,Baseline,Randomized controlled trial,NA,no,23,Mean,SD,21.52,5.31,15,Mean,SD,19.93,5.7,NA,NA,NA,NA,NA,NA,NA,NA,NA,NA,NA,NA,NA,NA,NA
Brown 2016,2,Mindfulness,Control,NA,NA,NA,2,NA,Perceived Stress,PSS-10,D,Distress,Baseline,Post Intervention,3 month follow up (unclear if postint),0,0,0,Post Intervention,3 month follow up (unclear if postint),NA,Postintervention,Randomized controlled trial,NA,no,23,Mean,SD,15.84,5.26,15,Mean,SD,18.93,6.8,NA,NA,NA,NA,NA,NA,NA,NA,NA,NA,NA,NA,NA,NA,NA
Brown 2016,2,Mindfulness,Control,NA,NA,NA,2,NA,Caregiver burden,Zarit Burden Interview,D,Real life functioning,Baseline,Post-intervention,3-month follow-up,0,0,0,Post-intervention,3-month follow-up,NA,1-6months,Randomized controlled trial,NA,no,23,Mean,SD,43.05,11.35,15,Mean,SD,36.43,20.89,NA,NA,NA,NA,NA,NA,NA,NA,NA,NA,NA,NA,NA,NA,NA
Brown 2016,2,Mindfulness,Control,NA,NA,NA,2,NA,Caregiver burden,Zarit Burden Interview,D,Real life functioning,Baseline,Post-intervention,3-month follow-up,0,0,0,Post-intervention,3-month follow-up,NA,Baseline,Randomized controlled trial,NA,no,23,Mean,SD,48.17,12.34,15,Mean,SD,40.6,16.71,NA,NA,NA,NA,NA,NA,NA,NA,NA,NA,NA,NA,NA,NA,NA
Brown 2016,2,Mindfulness,Control,NA,NA,NA,2,NA,Caregiver burden,Zarit Burden Interview,D,Real life functioning,Baseline,Post-intervention,3-month follow-up,0,0,0,Post-intervention,3-month follow-up,NA,Postintervention,Randomized controlled trial,NA,no,23,Mean,SD,38.58,11.93,15,Mean,SD,37.8,21.41,NA,NA,NA,NA,NA,NA,NA,NA,NA,NA,NA,NA,NA,NA,NA
Hou 2013,2,Mindfulness,Control,NA,NA,NA,2,NA,Anxiety,Trait Anxiety Inventory,D,Anxiety,Baseline,Post Intervention,3 month post int follow up,change values from 2 timepoints to baseline,0,0,Post Intervention,3 month post int follow up,NA,1-6months,Randomized controlled trial,NA,no,61,Mean,SD,43.15,8.63,51,Mean,SD,46.73,9.85,NA,NA,NA,NA,NA,NA,NA,NA,NA,NA,NA,NA,NA,NA,NA
Hou 2013,2,Mindfulness,Control,NA,NA,NA,2,NA,Anxiety,Trait Anxiety Inventory,D,Anxiety,Baseline,Post Intervention,3 month post int follow up,change values from 2 timepoints to baseline,0,0,Post Intervention,3 month post int follow up,NA,Baseline,Randomized controlled trial,NA,no,70,Mean,SD,48.46,9.61,71,Mean,SD,50.77,9.96,NA,NA,NA,NA,NA,NA,NA,NA,NA,NA,NA,NA,NA,NA,NA
Hou 2013,2,Mindfulness,Control,NA,NA,NA,2,NA,Anxiety,Trait Anxiety Inventory,D,Anxiety,Baseline,Post Intervention,3 month post int follow up,change values from 2 timepoints to baseline,0,0,Post Intervention,3 month post int follow up,NA,Change_16m,Randomized controlled trial,NA,no,61,Mean,SD,-4.9,8.49,51,Mean,SD,-4.02,9.61,NA,NA,NA,NA,NA,NA,NA,NA,NA,NA,NA,NA,NA,NA,NA
Hou 2013,2,Mindfulness,Control,NA,NA,NA,2,NA,Anxiety,Trait Anxiety Inventory,D,Anxiety,Baseline,Post Intervention,3 month post int follow up,change values from 2 timepoints to baseline,0,0,Post Intervention,3 month post int follow up,NA,Change_pi,Randomized controlled trial,NA,no,63,Mean,SD,-6.4,8.06,57,Mean,SD,-4.07,8.31,NA,NA,NA,NA,NA,NA,NA,NA,NA,NA,NA,NA,NA,NA,NA
Hou 2013,2,Mindfulness,Control,NA,NA,NA,2,NA,Anxiety,Trait Anxiety Inventory,D,Anxiety,Baseline,Post Intervention,3 month post int follow up,change values from 2 timepoints to baseline,0,0,Post Intervention,3 month post int follow up,NA,Postintervention,Randomized controlled trial,NA,no,63,Mean,SD,42.7,7.72,57,Mean,SD,46.77,9.43,NA,NA,NA,NA,NA,NA,NA,NA,NA,NA,NA,NA,NA,NA,NA
Hou 2013,2,Mindfulness,Control,NA,NA,NA,2,NA,Depression,CES-D,D,Depression,Baseline,Post Intervention,3 month post int follow up,change values from 2 timepoints to baseline,0,0,Post Intervention,3 month post int follow up,NA,1-6months,Randomized controlled trial,NA,no,56,Mean,SD,12.39,8.24,46,Mean,SD,16.83,11.11,NA,NA,NA,NA,NA,NA,NA,NA,NA,NA,NA,NA,NA,NA,NA
Hou 2013,2,Mindfulness,Control,NA,NA,NA,2,NA,Depression,CES-D,D,Depression,Baseline,Post Intervention,3 month post int follow up,change values from 2 timepoints to baseline,0,0,Post Intervention,3 month post int follow up,NA,Baseline,Randomized controlled trial,NA,no,70,Mean,SD,16.91,8.97,71,Mean,SD,17.55,8.92,NA,NA,NA,NA,NA,NA,NA,NA,NA,NA,NA,NA,NA,NA,NA
Hou 2013,2,Mindfulness,Control,NA,NA,NA,2,NA,Depression,CES-D,D,Depression,Baseline,Post Intervention,3 month post int follow up,change values from 2 timepoints to baseline,0,0,Post Intervention,3 month post int follow up,NA,Change_16m,Randomized controlled trial,NA,no,56,Mean,SD,-4.7,6.32,46,Mean,SD,-1.39,8.52,NA,NA,NA,NA,NA,NA,NA,NA,NA,NA,NA,NA,NA,NA,NA
Hou 2013,2,Mindfulness,Control,NA,NA,NA,2,NA,Depression,CES-D,D,Depression,Baseline,Post Intervention,3 month post int follow up,change values from 2 timepoints to baseline,0,0,Post Intervention,3 month post int follow up,NA,Change_pi,Randomized controlled trial,NA,no,64,Mean,SD,-6.72,6.38,55,Mean,SD,-2.85,4.82,NA,NA,NA,NA,NA,NA,NA,NA,NA,NA,NA,NA,NA,NA,NA
Hou 2013,2,Mindfulness,Control,NA,NA,NA,2,NA,Depression,CES-D,D,Depression,Baseline,Post Intervention,3 month post int follow up,change values from 2 timepoints to baseline,0,0,Post Intervention,3 month post int follow up,NA,Postintervention,Randomized controlled trial,NA,no,64,Mean,SD,11.58,7.88,55,Mean,SD,16.04,9.94,NA,NA,NA,NA,NA,NA,NA,NA,NA,NA,NA,NA,NA,NA,NA
Hou 2013,2,Mindfulness,Control,NA,NA,NA,2,NA,Perceived stress,PSS (Leung 2010),D,Distress,Baseline,Post Intervention,3 month post int follow up,change values from 2 timepoints to baseline,0,0,Post Intervention,3 month post int follow up,NA,1-6months,Randomized controlled trial,NA,no,60,Mean,SD,24.38,6.31,52,Mean,SD,26.37,6.1,NA,NA,NA,NA,NA,NA,NA,NA,NA,NA,NA,NA,NA,NA,NA
Hou 2013,2,Mindfulness,Control,NA,NA,NA,2,NA,Perceived stress,PSS (Leung 2010),D,Distress,Baseline,Post Intervention,3 month post int follow up,change values from 2 timepoints to baseline,0,0,Post Intervention,3 month post int follow up,NA,Baseline,Randomized controlled trial,NA,no,70,Mean,SD,26.73,7.63,71,Mean,SD,27.9,7.05,NA,NA,NA,NA,NA,NA,NA,NA,NA,NA,NA,NA,NA,NA,NA
Hou 2013,2,Mindfulness,Control,NA,NA,NA,2,NA,Perceived stress,PSS (Leung 2010),D,Distress,Baseline,Post Intervention,3 month post int follow up,change values from 2 timepoints to baseline,0,0,Post Intervention,3 month post int follow up,NA,Change_16m,Randomized controlled trial,NA,no,60,Mean,SD,-2.23,7.15,52,Mean,SD,-2.4,6.73,NA,NA,NA,NA,NA,NA,NA,NA,NA,NA,NA,NA,NA,NA,NA
Hou 2013,2,Mindfulness,Control,NA,NA,NA,2,NA,Perceived stress,PSS (Leung 2010),D,Distress,Baseline,Post Intervention,3 month post int follow up,change values from 2 timepoints to baseline,0,0,Post Intervention,3 month post int follow up,NA,Change_pi,Randomized controlled trial,NA,no,64,Mean,SD,-2.67,6.72,56,Mean,SD,-2.21,4.93,NA,NA,NA,NA,NA,NA,NA,NA,NA,NA,NA,NA,NA,NA,NA
Hou 2013,2,Mindfulness,Control,NA,NA,NA,2,NA,Perceived stress,PSS (Leung 2010),D,Distress,Baseline,Post Intervention,3 month post int follow up,change values from 2 timepoints to baseline,0,0,Post Intervention,3 month post int follow up,NA,Postintervention,Randomized controlled trial,NA,no,64,Mean,SD,24.09,6.29,56,Mean,SD,26.7,6.64,NA,NA,NA,NA,NA,NA,NA,NA,NA,NA,NA,NA,NA,NA,NA
Hou 2013,2,Mindfulness,Control,NA,NA,NA,2,NA,Mindfulness,FFMQ,U,Mindfulness,Baseline,Post Intervention,3 month post int follow up,change values from 2 timepoints to baseline,0,0,Post Intervention,3 month post int follow up,NA,1-6months,Randomized controlled trial,NA,no,60,Mean,SD,126.33,13.97,51,Mean,SD,117.43,10.69,NA,NA,NA,NA,NA,NA,NA,NA,NA,NA,NA,NA,NA,NA,NA
Hou 2013,2,Mindfulness,Control,NA,NA,NA,2,NA,Mindfulness,FFMQ,U,Mindfulness,Baseline,Post Intervention,3 month post int follow up,change values from 2 timepoints to baseline,0,0,Post Intervention,3 month post int follow up,NA,Baseline,Randomized controlled trial,NA,no,70,Mean,SD,117.67,16.56,71,Mean,SD,114.69,14.02,NA,NA,NA,NA,NA,NA,NA,NA,NA,NA,NA,NA,NA,NA,NA
Hou 2013,2,Mindfulness,Control,NA,NA,NA,2,NA,Mindfulness,FFMQ,U,Mindfulness,Baseline,Post Intervention,3 month post int follow up,change values from 2 timepoints to baseline,0,0,Post Intervention,3 month post int follow up,NA,Change_16m,Randomized controlled trial,NA,no,60,Mean,SD,6.98,16.84,51,Mean,SD,1.35,13.09,NA,NA,NA,NA,NA,NA,NA,NA,NA,NA,NA,NA,NA,NA,NA
Hou 2013,2,Mindfulness,Control,NA,NA,NA,2,NA,Mindfulness,FFMQ,U,Mindfulness,Baseline,Post Intervention,3 month post int follow up,change values from 2 timepoints to baseline,0,0,Post Intervention,3 month post int follow up,NA,Change_pi,Randomized controlled trial,NA,no,62,Mean,SD,6.77,14.58,57,Mean,SD,2.76,12.07,NA,NA,NA,NA,NA,NA,NA,NA,NA,NA,NA,NA,NA,NA,NA
Hou 2013,2,Mindfulness,Control,NA,NA,NA,2,NA,Mindfulness,FFMQ,U,Mindfulness,Baseline,Post Intervention,3 month post int follow up,change values from 2 timepoints to baseline,0,0,Post Intervention,3 month post int follow up,NA,Postintervention,Randomized controlled trial,NA,no,62,Mean,SD,123.77,16.1,57,Mean,SD,118.61,11.14,NA,NA,NA,NA,NA,NA,NA,NA,NA,NA,NA,NA,NA,NA,NA
Hou 2013,2,Mindfulness,Control,NA,NA,NA,2,NA,Self-compassion,SCS-SF (12item),U,Relationship with self,Baseline,Post Intervention,3 month post int follow up,change values from 2 timepoints to baseline,0,0,Post Intervention,3 month post int follow up,NA,1-6months,Randomized controlled trial,NA,no,61,Mean,SD,40.08,6.24,52,Mean,SD,38.06,4.62,NA,NA,NA,NA,NA,NA,NA,NA,NA,NA,NA,NA,NA,NA,NA
Hou 2013,2,Mindfulness,Control,NA,NA,NA,2,NA,Self-compassion,SCS-SF (12item),U,Relationship with self,Baseline,Post Intervention,3 month post int follow up,change values from 2 timepoints to baseline,0,0,Post Intervention,3 month post int follow up,NA,Baseline,Randomized controlled trial,NA,no,70,Mean,SD,37.67,6.45,71,Mean,SD,36.76,6.26,NA,NA,NA,NA,NA,NA,NA,NA,NA,NA,NA,NA,NA,NA,NA
Hou 2013,2,Mindfulness,Control,NA,NA,NA,2,NA,Self-compassion,SCS-SF (12item),U,Relationship with self,Baseline,Post Intervention,3 month post int follow up,change values from 2 timepoints to baseline,0,0,Post Intervention,3 month post int follow up,NA,Change_16m,Randomized controlled trial,NA,no,61,Mean,SD,2.07,6.63,52,Mean,SD,2.23,6,NA,NA,NA,NA,NA,NA,NA,NA,NA,NA,NA,NA,NA,NA,NA
Hou 2013,2,Mindfulness,Control,NA,NA,NA,2,NA,Self-compassion,SCS-SF (12item),U,Relationship with self,Baseline,Post Intervention,3 month post int follow up,change values from 2 timepoints to baseline,0,0,Post Intervention,3 month post int follow up,NA,Change_pi,Randomized controlled trial,NA,no,64,Mean,SD,2.3,6.98,57,Mean,SD,2.39,6.34,NA,NA,NA,NA,NA,NA,NA,NA,NA,NA,NA,NA,NA,NA,NA
Hou 2013,2,Mindfulness,Control,NA,NA,NA,2,NA,Self-compassion,SCS-SF (12item),U,Relationship with self,Baseline,Post Intervention,3 month post int follow up,change values from 2 timepoints to baseline,0,0,Post Intervention,3 month post int follow up,NA,Postintervention,Randomized controlled trial,NA,no,64,Mean,SD,39.92,6.1,57,Mean,SD,38.28,6.04,NA,NA,NA,NA,NA,NA,NA,NA,NA,NA,NA,NA,NA,NA,NA
Armstrong 2016,2,Mindfulness,Control,NA,NA,NA,2,NA,Anxiety,GAD-7,D,Anxiety,Baseline,1 month follow up,0,0,0,0,NA,1 month follow up,NA,1-6months,Randomized controlled trial,NA,no,17,Mean,SD,4.1,4.4,17,Mean,SD,8.1,4.9,NA,NA,NA,NA,NA,NA,NA,NA,NA,NA,NA,NA,NA,NA,NA
Armstrong 2016,2,Mindfulness,Control,NA,NA,NA,2,NA,Anxiety,GAD-7,D,Anxiety,Baseline,1 month follow up,0,0,0,0,NA,1 month follow up,NA,Baseline,Randomized controlled trial,NA,no,17,Mean,SD,7.3,4.5,17,Mean,SD,11.1,4.1,NA,NA,NA,NA,NA,NA,NA,NA,NA,NA,NA,NA,NA,NA,NA
Armstrong 2016,2,Mindfulness,Control,NA,NA,NA,2,NA,Depression,PHQ-9,D,Depression,Baseline,1 month follow up,0,0,0,0,NA,1 month follow up,NA,1-6months,Randomized controlled trial,NA,no,17,Mean,SD,6.1,5.6,17,Mean,SD,8.8,4.28,NA,NA,NA,NA,NA,NA,NA,NA,NA,NA,NA,NA,NA,NA,NA
Armstrong 2016,2,Mindfulness,Control,NA,NA,NA,2,NA,Depression,PHQ-9,D,Depression,Baseline,1 month follow up,0,0,0,0,NA,1 month follow up,NA,Baseline,Randomized controlled trial,NA,no,17,Mean,SD,6.6,5.6,17,Mean,SD,11.1,4.9,NA,NA,NA,NA,NA,NA,NA,NA,NA,NA,NA,NA,NA,NA,NA
Armstrong 2016,2,Mindfulness,Control,NA,NA,NA,2,NA,Mindfulness,FFMQ,U,Mindfulness,Baseline,1 month follow up,0,0,0,0,NA,1 month follow up,NA,1-6months,Randomized controlled trial,NA,no,17,Mean,SD,132.8,25,17,Mean,SD,116,20.5,NA,NA,NA,NA,NA,NA,NA,NA,NA,NA,NA,NA,NA,NA,NA
Armstrong 2016,2,Mindfulness,Control,NA,NA,NA,2,NA,Mindfulness,FFMQ,U,Mindfulness,Baseline,1 month follow up,0,0,0,0,NA,1 month follow up,NA,Baseline,Randomized controlled trial,NA,no,17,Mean,SD,107.8,13.4,17,Mean,SD,102.2,17.1,NA,NA,NA,NA,NA,NA,NA,NA,NA,NA,NA,NA,NA,NA,NA
Armstrong 2016,2,Mindfulness,Control,NA,NA,NA,2,NA,Functioning,Work and Social Adjustment Scale,D,Real life functioning,Baseline,1 month follow up,0,0,0,0,NA,1 month follow up,NA,1-6months,Randomized controlled trial,NA,no,17,Mean,SD,11.4,10.4,17,Mean,SD,18.2,8.8,NA,NA,NA,NA,NA,NA,NA,NA,NA,NA,NA,NA,NA,NA,NA
Armstrong 2016,2,Mindfulness,Control,NA,NA,NA,2,NA,Functioning,Work and Social Adjustment Scale,D,Real life functioning,Baseline,1 month follow up,0,0,0,0,NA,1 month follow up,NA,Baseline,Randomized controlled trial,NA,no,17,Mean,SD,18.2,7.6,17,Mean,SD,20.9,7.8,NA,NA,NA,NA,NA,NA,NA,NA,NA,NA,NA,NA,NA,NA,NA
Armstrong 2016,2,Mindfulness,Control,NA,NA,NA,2,NA,Self-compassion,SCS-S,U,Relationship with self,Baseline,1 month follow up,0,0,0,0,NA,1 month follow up,NA,1-6months,Randomized controlled trial,NA,no,17,Mean,SD,40.7,9.1,17,Mean,SD,27.9,6.3,NA,NA,NA,NA,NA,NA,NA,NA,NA,NA,NA,NA,NA,NA,NA
Armstrong 2016,2,Mindfulness,Control,NA,NA,NA,2,NA,Self-compassion,SCS-S,U,Relationship with self,Baseline,1 month follow up,0,0,0,0,NA,1 month follow up,NA,Baseline,Randomized controlled trial,NA,no,17,Mean,SD,27.2,7,17,Mean,SD,23.1,2.8,NA,NA,NA,NA,NA,NA,NA,NA,NA,NA,NA,NA,NA,NA,NA
Frisvold 2009,2,Mindfulness,Control,NA,NA,NA,2,NA,Depression,CES-D,D,Depression,Baseline,Post-intervention,8 weeks post-intervention,0,0,0,Post-intervention,8 weeks post-intervention,NA,1-6months,Randomized controlled trial,NA,no,20,Mean,SD,5.8,4.9,18,Mean,SD,6.07,4.98,NA,NA,NA,NA,NA,NA,NA,NA,NA,NA,NA,NA,NA,NA,NA
Frisvold 2009,2,Mindfulness,Control,NA,NA,NA,2,NA,Depression,CES-D,D,Depression,Baseline,Post-intervention,8 weeks post-intervention,0,0,0,Post-intervention,8 weeks post-intervention,NA,Baseline,Randomized controlled trial,NA,no,20,Mean,SD,13.1,10.3,20,Mean,SD,9.2,5.59,NA,NA,NA,NA,NA,NA,NA,NA,NA,NA,NA,NA,NA,NA,NA
Frisvold 2009,2,Mindfulness,Control,NA,NA,NA,2,NA,Depression,CES-D,D,Depression,Baseline,Post-intervention,8 weeks post-intervention,0,0,0,Post-intervention,8 weeks post-intervention,NA,Postintervention,Randomized controlled trial,NA,no,20,Mean,SD,8.8,7.5,18,Mean,SD,8.93,6.15,NA,NA,NA,NA,NA,NA,NA,NA,NA,NA,NA,NA,NA,NA,NA
Frisvold 2009,2,Mindfulness,Control,NA,NA,NA,2,NA,Psychosocial distress,PSS,D,Distress,Baseline,Post Intervention,8 weeks post-intervention,0,0,0,Post Intervention,8 weeks post-intervention,NA,1-6months,Randomized controlled trial,NA,no,20,Mean,SD,17.9,7.5,18,Mean,SD,17.8,6.4,NA,NA,NA,NA,NA,NA,NA,NA,NA,NA,NA,NA,NA,NA,NA
Frisvold 2009,2,Mindfulness,Control,NA,NA,NA,2,NA,Psychosocial distress,PSS,D,Distress,Baseline,Post Intervention,8 weeks post-intervention,0,0,0,Post Intervention,8 weeks post-intervention,NA,Baseline,Randomized controlled trial,NA,no,20,Mean,SD,24.3,7.9,20,Mean,SD,24.1,5.2,NA,NA,NA,NA,NA,NA,NA,NA,NA,NA,NA,NA,NA,NA,NA
Frisvold 2009,2,Mindfulness,Control,NA,NA,NA,2,NA,Psychosocial distress,PSS,D,Distress,Baseline,Post Intervention,8 weeks post-intervention,0,0,0,Post Intervention,8 weeks post-intervention,NA,Postintervention,Randomized controlled trial,NA,no,20,Mean,SD,21.18,8.5,18,Mean,SD,22.9,8.1,NA,NA,NA,NA,NA,NA,NA,NA,NA,NA,NA,NA,NA,NA,NA
Frisvold 2009,2,Mindfulness,Control,NA,NA,NA,2,NA,Mindfulness,CAMS-R,U,Mindfulness,Baseline,Post-intervention,8 weeks post-intervention,0,0,0,Post-intervention,8 weeks post-intervention,NA,1-6months,Randomized controlled trial,NA,no,20,Mean,SD,35.75,6.25,18,Mean,SD,35.07,6.53,NA,NA,NA,NA,NA,NA,NA,NA,NA,NA,NA,NA,NA,NA,NA
Frisvold 2009,2,Mindfulness,Control,NA,NA,NA,2,NA,Mindfulness,CAMS-R,U,Mindfulness,Baseline,Post-intervention,8 weeks post-intervention,0,0,0,Post-intervention,8 weeks post-intervention,NA,Baseline,Randomized controlled trial,NA,no,20,Mean,SD,32.5,6.03,20,Mean,SD,33,6.9,NA,NA,NA,NA,NA,NA,NA,NA,NA,NA,NA,NA,NA,NA,NA
Frisvold 2009,2,Mindfulness,Control,NA,NA,NA,2,NA,Mindfulness,CAMS-R,U,Mindfulness,Baseline,Post-intervention,8 weeks post-intervention,0,0,0,Post-intervention,8 weeks post-intervention,NA,Postintervention,Randomized controlled trial,NA,no,20,Mean,SD,35.56,5.54,18,Mean,SD,33.07,6.91,NA,NA,NA,NA,NA,NA,NA,NA,NA,NA,NA,NA,NA,NA,NA
Frisvold 2009,2,Mindfulness,Control,NA,NA,NA,2,NA,Sleep quality,PSQI,D,Psychosomatic outcomes,Baseline,Post intervention,8 weeks post intervention,0,0,0,Post intervention,8 weeks post intervention,NA,1-6months,Randomized controlled trial,NA,no,20,Mean,SD,10.19,5.47,18,Mean,SD,11.5,5.75,NA,NA,NA,NA,NA,NA,NA,NA,NA,NA,NA,NA,NA,NA,NA
Frisvold 2009,2,Mindfulness,Control,NA,NA,NA,2,NA,Sleep quality,PSQI,D,Psychosomatic outcomes,Baseline,Post intervention,8 weeks post intervention,0,0,0,Post intervention,8 weeks post intervention,NA,Baseline,Randomized controlled trial,NA,no,20,Mean,SD,11.81,5.91,20,Mean,SD,12.5,5.4,NA,NA,NA,NA,NA,NA,NA,NA,NA,NA,NA,NA,NA,NA,NA
Frisvold 2009,2,Mindfulness,Control,NA,NA,NA,2,NA,Sleep quality,PSQI,D,Psychosomatic outcomes,Baseline,Post intervention,8 weeks post intervention,0,0,0,Post intervention,8 weeks post intervention,NA,Postintervention,Randomized controlled trial,NA,no,20,Mean,SD,10.88,5.73,18,Mean,SD,13,7.86,NA,NA,NA,NA,NA,NA,NA,NA,NA,NA,NA,NA,NA,NA,NA
Malarkey 2013,2,Mindfulness,Control,NA,NA,NA,2,NA,Depression,CES-D,D,Depression,Baseline,Post Intervention,0,0,0,0,Post Intervention,NA,NA,Baseline,Randomized controlled trial,NA,no,93,NR,NR,NR,NR,91,NR,NR,NR,NR,NA,NA,NA,NA,NA,NA,NA,NA,NA,NA,NA,NA,NA,NA,NA
Malarkey 2013,2,Mindfulness,Control,NA,NA,NA,2,NA,Depression,CES-D,D,Depression,Baseline,Post Intervention,0,0,0,0,Post Intervention,NA,NA,Postintervention,Randomized controlled trial,NA,no,84,NR ns,NR ns,NR,NR,86,NR ns,NR ns,NR,NR,NA,NA,NA,NA,NA,NA,NA,NA,NA,NA,NA,NA,NA,NA,NA
Malarkey 2013,2,Mindfulness,Control,NA,NA,NA,2,NA,Perceived stress,PSS-10,D,Distress,Baseline,Post Intervention,0,0,0,0,Post Intervention,NA,NA,Baseline,Randomized controlled trial,NA,no,93,NR,NR,NR,NR,91,NR,NR,0.17,NR,NA,NA,NA,NA,NA,NA,NA,NA,NA,NA,NA,NA,NA,NA,NA
Malarkey 2013,2,Mindfulness,Control,NA,NA,NA,2,NA,Perceived stress,PSS-10,D,Distress,Baseline,Post Intervention,0,0,0,0,Post Intervention,NA,NA,Postintervention,Randomized controlled trial,NA,no,84,NR ns,NR ns,NR,NR,86,NR ns,NR ns,NR,NR,NA,NA,NA,NA,NA,NA,NA,NA,NA,NA,NA,NA,NA,NA,NA
Malarkey 2013,2,Mindfulness,Control,NA,NA,NA,2,NA,Sleep,PSQI,D,Psychosomatic outcomes,Baseline,Post Intervention,0,0,0,0,Post Intervention,NA,NA,Baseline,Randomized controlled trial,NA,no,92,NR,NR,NR,NR,91,NR,NR,NR,NR,NA,NA,NA,NA,NA,NA,NA,NA,NA,NA,NA,NA,NA,NA,NA
Malarkey 2013,2,Mindfulness,Control,NA,NA,NA,2,NA,Sleep,PSQI,D,Psychosomatic outcomes,Baseline,Post Intervention,0,0,0,0,Post Intervention,NA,NA,Postintervention,Randomized controlled trial,NA,no,84,p-value from t-test,dir,0.25,-1,86,p-value from t-test,dir,0.25,-1,NA,NA,NA,NA,NA,NA,NA,NA,NA,NA,NA,NA,NA,NA,NA
Prakash 2015,2,Mindfulness,Control,NA,NA,NA,2,NA,Control,"Continuous Performance Test proactive and reactive (main outcomes), reaction time coefficient of variation",D,Cognitive functioning,Baseline,Post Intervention,0,0,0,0,Post Intervention,NA,NA,Baseline,Randomized controlled trial,NA,no,35,Mean,SE,0.24,0.01,36,Mean,SE,0.25,0.01,NA,NA,NA,NA,NA,NA,NA,NA,NA,NA,NA,NA,NA,NA,NA
Prakash 2015,2,Mindfulness,Control,NA,NA,NA,2,NA,Control,"Continuous Performance Test proactive and reactive (main outcomes), reaction time coefficient of variation",D,Cognitive functioning,Baseline,Post Intervention,0,0,0,0,Post Intervention,NA,NA,Postintervention,Randomized controlled trial,NA,no,35,Mean,SE,0.23,0.01,36,Mean,SE,0.24,0.01,NA,NA,NA,NA,NA,NA,NA,NA,NA,NA,NA,NA,NA,NA,NA
Prakash 2015,2,Mindfulness,Control,NA,NA,NA,2,NA,Mindfulness,MAAS,U,Mindfulness,Baseline,Post Intervention,0,0,0,0,Post Intervention,NA,NA,Baseline,Randomized controlled trial,NA,no,37,Mean,SD,4.43,0.55,37,Mean,SD,4.47,0.63,NA,NA,NA,NA,NA,NA,NA,NA,NA,NA,NA,NA,NA,NA,NA
Prakash 2015,2,Mindfulness,Control,NA,NA,NA,2,NA,Mindfulness,MAAS,U,Mindfulness,Baseline,Post Intervention,0,0,0,0,Post Intervention,NA,NA,Postintervention,Randomized controlled trial,NA,no,assume 37,Cohen's d,NR,-0.36,NR,assume 37,Cohen's d,NR,-0.36,NR,NA,NA,NA,NA,NA,NA,NA,NA,NA,NA,NA,NA,NA,NA,NA
Duncan 2017,2,Mindfulness,Control,NA,NA,NA,2,NA,Anxiety,"instrument NR (mentioned in protocol, not in study)",?(mentioned in protocol only),Anxiety,Baseline,Postintervention,post birth,0,0,0,Postintervention,post birth,NA,1-6months,Randomized controlled trial,NA,no,NR,NR,NR,NR,NR,NR,NR,NR,NR,NR,NA,NA,NA,NA,NA,NA,NA,NA,NA,NA,NA,NA,NA,NA,NA
Duncan 2017,2,Mindfulness,Control,NA,NA,NA,2,NA,Anxiety,"instrument NR (mentioned in protocol, not in study)",?(mentioned in protocol only),Anxiety,Baseline,Postintervention,post birth,0,0,0,Postintervention,post birth,NA,Baseline,Randomized controlled trial,NA,no,NR,NR,NR,NR,NR,NR,NR,NR,NR,NR,NA,NA,NA,NA,NA,NA,NA,NA,NA,NA,NA,NA,NA,NA,NA
Duncan 2017,2,Mindfulness,Control,NA,NA,NA,2,NA,Anxiety,"instrument NR (mentioned in protocol, not in study)",?(mentioned in protocol only),Anxiety,Baseline,Postintervention,post birth,0,0,0,Postintervention,post birth,NA,Postintervention,Randomized controlled trial,NA,no,NR,NR,NR,NR,NR,NR,NR,NR,NR,NR,NA,NA,NA,NA,NA,NA,NA,NA,NA,NA,NA,NA,NA,NA,NA
Duncan 2017,2,Mindfulness,Control,NA,NA,NA,2,NA,Depression,CES-D,D,Depression,Baseline,Post intervention (prior to birth),Post-birth,0,0,0,Post intervention (prior to birth),Post-birth,NA,1-6months,Randomized controlled trial,NA,no,15,Mean,SD,8.3,6.1,14,Mean,SD,12.9,9.1,NA,NA,NA,NA,NA,NA,NA,NA,NA,NA,NA,NA,NA,NA,NA
Duncan 2017,2,Mindfulness,Control,NA,NA,NA,2,NA,Depression,CES-D,D,Depression,Baseline,Post intervention (prior to birth),Post-birth,0,0,0,Post intervention (prior to birth),Post-birth,NA,Baseline,Randomized controlled trial,NA,no,15,Mean,SD,11.2,9.4,14,Mean,SD,8.2,6.4,NA,NA,NA,NA,NA,NA,NA,NA,NA,NA,NA,NA,NA,NA,NA
Duncan 2017,2,Mindfulness,Control,NA,NA,NA,2,NA,Depression,CES-D,D,Depression,Baseline,Post intervention (prior to birth),Post-birth,0,0,0,Post intervention (prior to birth),Post-birth,NA,Postintervention,Randomized controlled trial,NA,no,15,Mean,SD,7.9,4.7,14,Mean,SD,10.3,7.6,NA,NA,NA,NA,NA,NA,NA,NA,NA,NA,NA,NA,NA,NA,NA
Duncan 2017,2,Mindfulness,Control,NA,NA,NA,2,NA,Perceived stress,"instrument NR (mentioned in protocol, not in study)",?(mentioned in protocol only),Distress,Baseline,Postintervention,post birth,0,0,0,Postintervention,post birth,NA,1-6months,Randomized controlled trial,NA,no,NR,NR,NR,NR,NR,NR,NR,NR,NR,NR,NA,NA,NA,NA,NA,NA,NA,NA,NA,NA,NA,NA,NA,NA,NA
Duncan 2017,2,Mindfulness,Control,NA,NA,NA,2,NA,Perceived stress,"instrument NR (mentioned in protocol, not in study)",?(mentioned in protocol only),Distress,Baseline,Postintervention,post birth,0,0,0,Postintervention,post birth,NA,Baseline,Randomized controlled trial,NA,no,NR,NR,NR,NR,NR,NR,NR,NR,NR,NR,NA,NA,NA,NA,NA,NA,NA,NA,NA,NA,NA,NA,NA,NA,NA
Duncan 2017,2,Mindfulness,Control,NA,NA,NA,2,NA,Perceived stress,"instrument NR (mentioned in protocol, not in study)",?(mentioned in protocol only),Distress,Baseline,Postintervention,post birth,0,0,0,Postintervention,post birth,NA,Postintervention,Randomized controlled trial,NA,no,NR,NR,NR,NR,NR,NR,NR,NR,NR,NR,NA,NA,NA,NA,NA,NA,NA,NA,NA,NA,NA,NA,NA,NA,NA
Duncan 2017,2,Mindfulness,Control,NA,NA,NA,2,NA,Mindfulness,FFMQ,U,Mindfulness,Baseline,Post intervention (prior to birth),Post-birth,0,0,0,Post intervention (prior to birth),Post-birth,NA,1-6months,Randomized controlled trial,NA,no,15,Mean,SD,3.5,0.4,14,Mean,SD,3.6,0.55,NA,NA,NA,NA,NA,NA,NA,NA,NA,NA,NA,NA,NA,NA,NA
Duncan 2017,2,Mindfulness,Control,NA,NA,NA,2,NA,Mindfulness,FFMQ,U,Mindfulness,Baseline,Post intervention (prior to birth),Post-birth,0,0,0,Post intervention (prior to birth),Post-birth,NA,Baseline,Randomized controlled trial,NA,no,15,Mean,SD,3.4,0.4,14,Mean,SD,3.5,0.3,NA,NA,NA,NA,NA,NA,NA,NA,NA,NA,NA,NA,NA,NA,NA
Duncan 2017,2,Mindfulness,Control,NA,NA,NA,2,NA,Mindfulness,FFMQ,U,Mindfulness,Baseline,Post intervention (prior to birth),Post-birth,0,0,0,Post intervention (prior to birth),Post-birth,NA,Postintervention,Randomized controlled trial,NA,no,15,Mean,SD,3.5,0.3,14,Mean,SD,3.6,0.41,NA,NA,NA,NA,NA,NA,NA,NA,NA,NA,NA,NA,NA,NA,NA
Duncan 2017,2,Mindfulness,Control,NA,NA,NA,2,NA,Opioid Use during Labour,Include,D,Psychosomatic outcomes,Post-birth,0,0,0,0,0,NA,Post-birth,NA,1-6months,Randomized controlled trial,NA,no,13,nr events,chi2 p value,4,0.12,13,nr events,chi2 p value,8,0.12,NA,NA,NA,NA,NA,NA,NA,NA,NA,NA,NA,NA,NA,NA,NA
Duncan 2017,2,Mindfulness,Control,NA,NA,NA,2,NA,Maladaptive pain appraisal,Pain Catastrophizing Scale,D,Psychosomatic outcomes,Baseline (3rd semester),Post Intervention (prior to birth),NA,0,0,0,Post Intervention (prior to birth),NA,NA,Baseline,Randomized controlled trial,NA,no,15,Mean,SD,18.5,10.8,14,Mean,SD,18.7,8.4,NA,NA,NA,NA,NA,NA,NA,NA,NA,NA,NA,NA,NA,NA,NA
Duncan 2017,2,Mindfulness,Control,NA,NA,NA,2,NA,Maladaptive pain appraisal,Pain Catastrophizing Scale,D,Psychosomatic outcomes,Baseline (3rd semester),Post Intervention (prior to birth),NA,0,0,0,Post Intervention (prior to birth),NA,NA,Postintervention,Randomized controlled trial,NA,no,15,Mean,SD,14.9,6.4,14,Mean,SD,18.5,8.6,NA,NA,NA,NA,NA,NA,NA,NA,NA,NA,NA,NA,NA,NA,NA
Duncan 2017,2,Mindfulness,Control,NA,NA,NA,2,NA,Childbirth self-efficacy,Childbirth Self-Efficacy Inventory,U,Relationship with self,Baseline,Post Intervention,NA,0,0,0,Post Intervention,NA,NA,Baseline,Randomized controlled trial,NA,no,15,Mean,SD,165.1,87.2,14,Mean,SD,197.3,49,NA,NA,NA,NA,NA,NA,NA,NA,NA,NA,NA,NA,NA,NA,NA
Duncan 2017,2,Mindfulness,Control,NA,NA,NA,2,NA,Childbirth self-efficacy,Childbirth Self-Efficacy Inventory,U,Relationship with self,Baseline,Post Intervention,NA,0,0,0,Post Intervention,NA,NA,Postintervention,Randomized controlled trial,NA,no,15,Mean,SD,243.3,41.6,14,Mean,SD,212,35.4,NA,NA,NA,NA,NA,NA,NA,NA,NA,NA,NA,NA,NA,NA,NA
Pan 2018,2,Mindfulness,Control,NA,NA,NA,3,NA,Depression,Edinburgh Postnatal Depression Scale,D,Depression,Baseline,Post Intervention,follow-up at 36 weeks gestation,6 months after childbirth (mentioned in protocol only),3 months after birth,0,Post Intervention,follow-up at 36 weeks gestation,3 months after birth,1-6months,Randomized controlled trial,NA,no,51,Cohen's d,Cohen's d SE,-0.399229377,0.148330282,45,Cohen's d,Cohen's d SE,-0.399229377,0.148330282,NA,NA,NA,NA,NA,NA,NA,NA,NA,NA,NA,NA,NA,NA,NA
Pan 2018,2,Mindfulness,Control,NA,NA,NA,3,NA,Depression,Edinburgh Postnatal Depression Scale,D,Depression,Baseline,Post Intervention,follow-up at 36 weeks gestation,6 months after childbirth (mentioned in protocol only),3 months after birth,0,Post Intervention,follow-up at 36 weeks gestation,3 months after birth,6+months,Randomized controlled trial,NA,no,39,mean,SD,6.51,4.51,35,mean,SD,8.77,3.41,NA,NA,NA,NA,NA,NA,NA,NA,NA,NA,NA,NA,NA,NA,NA
Pan 2018,2,Mindfulness,Control,NA,NA,NA,3,NA,Depression,Edinburgh Postnatal Depression Scale,D,Depression,Baseline,Post Intervention,follow-up at 36 weeks gestation,6 months after childbirth (mentioned in protocol only),3 months after birth,0,Post Intervention,follow-up at 36 weeks gestation,3 months after birth,Baseline,Randomized controlled trial,NA,no,51,Mean,SD,9.75,5.9,45,Mean,SD,9.02,6.8,NA,NA,NA,NA,NA,NA,NA,NA,NA,NA,NA,NA,NA,NA,NA
Pan 2018,2,Mindfulness,Control,NA,NA,NA,3,NA,Depression,Edinburgh Postnatal Depression Scale,D,Depression,Baseline,Post Intervention,follow-up at 36 weeks gestation,6 months after childbirth (mentioned in protocol only),3 months after birth,0,Post Intervention,follow-up at 36 weeks gestation,3 months after birth,Postintervention,Randomized controlled trial,NA,no,51,Cohen's d,Cohen's d SE,-0.403963322,0.113614684,45,Cohen's d,Cohen's d SE,-0.403963322,0.113614684,NA,NA,NA,NA,NA,NA,NA,NA,NA,NA,NA,NA,NA,NA,NA
Pan 2018,2,Mindfulness,Control,NA,NA,NA,3,NA,Mindfulness,FFMQ chinese,U,Mindfulness,Baseline,Post intervention,follow-up at 36 weeks gestation,6 months after childbirth (mentioned in protocol only),3 months after birth,0,Post Intervention,follow-up at 36 weeks gestation,3 months after birth,1-6months,Randomized controlled trial,NA,no,51,Cohen's d,Cohen's d SE,0.483437276,0.200630171,45,Cohen's d,Cohen's d SE,0.483437276,0.200630171,NA,NA,NA,NA,NA,NA,NA,NA,NA,NA,NA,NA,NA,NA,NA
Pan 2018,2,Mindfulness,Control,NA,NA,NA,3,NA,Mindfulness,FFMQ chinese,U,Mindfulness,Baseline,Post intervention,follow-up at 36 weeks gestation,6 months after childbirth (mentioned in protocol only),3 months after birth,0,Post intervention,follow-up at 36 weeks gestation,3 months after birth,6+months,Randomized controlled trial,NA,no,39,mean,SD,139.67,16.88,35,mean,SD,137.66,16.39,NA,NA,NA,NA,NA,NA,NA,NA,NA,NA,NA,NA,NA,NA,NA
Pan 2018,2,Mindfulness,Control,NA,NA,NA,3,NA,Mindfulness,FFMQ chinese,U,Mindfulness,Baseline,Post intervention,follow-up at 36 weeks gestation,6 months after childbirth (mentioned in protocol only),3 months after birth,0,Post Intervention,follow-up at 36 weeks gestation,3 months after birth,Baseline,Randomized controlled trial,NA,no,51,Mean,SD,129.82,13.73,45,Mean,SD,135.58,13.25,NA,NA,NA,NA,NA,NA,NA,NA,NA,NA,NA,NA,NA,NA,NA
Pan 2018,2,Mindfulness,Control,NA,NA,NA,3,NA,Mindfulness,FFMQ chinese,U,Mindfulness,Baseline,Post intervention,follow-up at 36 weeks gestation,6 months after childbirth (mentioned in protocol only),3 months after birth,0,Post Intervention,follow-up at 36 weeks gestation,3 months after birth,Postintervention,Randomized controlled trial,NA,no,51,Cohen's d,Cohen's d SE,0.608553508,0.198409173,45,Cohen's d,Cohen's d SE,0.608553508,0.198409173,NA,NA,NA,NA,NA,NA,NA,NA,NA,NA,NA,NA,NA,NA,NA
Pan 2018,2,Mindfulness,Control,NA,NA,NA,3,NA,Childbirth self-efficacy,Chinese Childbirth Self-Efficacy Inventory,U,Relationship with self,Baseline,Post Intervention,follow-up at 36 weeks gestation,6 months after childbirth (mentioned in protocol only),0,0,Post Intervention,follow-up at 36 weeks gestation,NA,1-6months,Randomized controlled trial,NA,no,51,Cohen's d,Cohen's d SE,0.62391996,0.21090905,45,Cohen's d,Cohen's d SE,0.62391996,0.21090905,NA,NA,NA,NA,NA,NA,NA,NA,NA,NA,NA,NA,NA,NA,NA
Pan 2018,2,Mindfulness,Control,NA,NA,NA,3,NA,Childbirth self-efficacy,Chinese Childbirth Self-Efficacy Inventory,U,Relationship with self,Baseline,Post Intervention,follow-up at 36 weeks gestation,6 months after childbirth (mentioned in protocol only),0,0,Post Intervention,follow-up at 36 weeks gestation,NA,Baseline,Randomized controlled trial,NA,no,51,Mean,SD,229.33,41.76,45,Mean,SD,213.91,44.67,NA,NA,NA,NA,NA,NA,NA,NA,NA,NA,NA,NA,NA,NA,NA
Pan 2018,2,Mindfulness,Control,NA,NA,NA,3,NA,Childbirth self-efficacy,Chinese Childbirth Self-Efficacy Inventory,U,Relationship with self,Baseline,Post Intervention,follow-up at 36 weeks gestation,6 months after childbirth (mentioned in protocol only),0,0,Post Intervention,follow-up at 36 weeks gestation,3 months after birth,Postintervention,Randomized controlled trial,NA,no,51,Cohen's d,Cohen's d SE,0.611404478,0.244515438,45,Cohen's d,Cohen's d SE,0.611404478,0.244515438,NA,NA,NA,NA,NA,NA,NA,NA,NA,NA,NA,NA,NA,NA,NA
Whitebird 2013,2,Mindfulness,Control,NA,NA,NA,3,NA,Depression,CES-D,D,Depression,Baseline,Post Intervention,4 month post int follow up,0,0,0,Post Intervention,4 month post int follow up,NA,1-6months,Randomized controlled trial,NA,no,35,Mean,SD,10.5,6.5,35,Mean,SD,13.7,9.5,NA,NA,NA,NA,NA,NA,NA,NA,NA,NA,NA,NA,NA,NA,NA
Whitebird 2013,2,Mindfulness,Control,NA,NA,NA,3,NA,Depression,CES-D,D,Depression,Baseline,Post Intervention,4 month post int follow up,0,0,0,Post Intervention,4 month post int follow up,NA,Baseline,Randomized controlled trial,NA,no,38,Mean,SD,17.9,8.9,40,Mean,SD,19.2,11.8,NA,NA,NA,NA,NA,NA,NA,NA,NA,NA,NA,NA,NA,NA,NA
Whitebird 2013,2,Mindfulness,Control,NA,NA,NA,3,NA,Depression,CES-D,D,Depression,Baseline,Post Intervention,4 month post int follow up,0,0,0,Post Intervention,4 month post int follow up,NA,Postintervention,Randomized controlled trial,NA,no,37,Mean,SD,10.6,8.4,35,Mean,SD,17.1,11.2,NA,NA,NA,NA,NA,NA,NA,NA,NA,NA,NA,NA,NA,NA,NA
Whitebird 2013,2,Mindfulness,Control,NA,NA,NA,3,NA,Perceived stress,PSS-10,D,Distress,Baseline,Post Intervention,4 month post int follow up,0,0,0,Post Intervention,4 month post int follow up,NA,1-6months,Randomized controlled trial,NA,no,35,Mean,SD,14,4.5,35,Mean,SD,16.7,7.2,NA,NA,NA,NA,NA,NA,NA,NA,NA,NA,NA,NA,NA,NA,NA
Whitebird 2013,2,Mindfulness,Control,NA,NA,NA,3,NA,Perceived stress,PSS-10,D,Distress,Baseline,Post Intervention,4 month post int follow up,0,0,0,Post Intervention,4 month post int follow up,NA,Baseline,Randomized controlled trial,NA,no,38,Mean,SD,21.2,4.7,40,Mean,SD,21.2,7.5,NA,NA,NA,NA,NA,NA,NA,NA,NA,NA,NA,NA,NA,NA,NA
Whitebird 2013,2,Mindfulness,Control,NA,NA,NA,3,NA,Perceived stress,PSS-10,D,Distress,Baseline,Post Intervention,4 month post int follow up,0,0,0,Post Intervention,4 month post int follow up,NA,Postintervention,Randomized controlled trial,NA,no,37,Mean,SD,15.2,5.8,35,Mean,SD,19.3,7.6,NA,NA,NA,NA,NA,NA,NA,NA,NA,NA,NA,NA,NA,NA,NA
Whitebird 2013,2,Mindfulness,Control,NA,NA,NA,3,NA,Caregiver burden," Montgomery Borgatta Caregiver Burden Scale, Subjective stress burden subscales (only subscales reported)",D,Real life functioning,Baseline,Post-intervention,4-month post-int follow-up,0,0,0,Post-intervention,4-month post-int follow-up,NA,1-6months,Randomized controlled trial,NA,no,35,Mean,SD,14,3.5,35,Mean,SD,14.7,5.2,NA,NA,NA,NA,NA,NA,NA,NA,NA,NA,NA,NA,NA,NA,NA
Whitebird 2013,2,Mindfulness,Control,NA,NA,NA,3,NA,Caregiver burden," Montgomery Borgatta Caregiver Burden Scale, Subjective stress burden subscales (only subscales reported)",D,Real life functioning,Baseline,Post-intervention,4-month post-int follow-up,0,0,0,Post-intervention,4-month post-int follow-up,NA,Baseline,Randomized controlled trial,NA,no,38,Mean,SD,16.7,2.3,40,Mean,SD,16.9,2.8,NA,NA,NA,NA,NA,NA,NA,NA,NA,NA,NA,NA,NA,NA,NA
Whitebird 2013,2,Mindfulness,Control,NA,NA,NA,3,NA,Caregiver burden," Montgomery Borgatta Caregiver Burden Scale, Subjective stress burden subscales (only subscales reported)",D,Real life functioning,Baseline,Post-intervention,4-month post-int follow-up,0,0,0,Post-intervention,4-month post-int follow-up,NA,Postintervention,Randomized controlled trial,NA,no,37,Mean,SD,15,2.3,35,Mean,SD,15.6,2.9,NA,NA,NA,NA,NA,NA,NA,NA,NA,NA,NA,NA,NA,NA,NA
MacCoon 2012,3,Mindfulness,Control,Waitlist,NA,NA,3,1,Sustained attention,visual continuous performance task discrimination,U,Cognitive functioning,Baseline,Post Intervention,4 months follow up,0,0,0,Post Intervention,4 months follow up,NA,1-6months,Randomized controlled trial,NA,no,29,Cohen's d,NR,0.53,NR,26,Cohen's d,NR,0.53,NR,NR,NR,NR,NR,NR,NA,NA,NA,NA,NA,NA,NA,NA,NA,NA
MacCoon 2012,3,Mindfulness,Control,Waitlist,NA,NA,3,1,Sustained attention,visual continuous performance task discrimination,U,Cognitive functioning,Baseline,Post Intervention,4 months follow up,0,0,0,Post Intervention,4 months follow up,NA,Baseline,Randomized controlled trial,NA,no,30,NR,NR,NR,NR,27,NR,NR,NR,NR,NR,NR,NR,NR,NR,NA,NA,NA,NA,NA,NA,NA,NA,NA,NA
MacCoon 2012,3,Mindfulness,Control,Waitlist,NA,NA,3,1,Sustained attention,visual continuous performance task discrimination,U,Cognitive functioning,Baseline,Post Intervention,4 months follow up,0,0,0,Post Intervention,4 months follow up,NA,Postintervention,Randomized controlled trial,NA,no,30,Cohen's d,NR,0.26,NR,27,Cohen's d,NR,0.26,NR,NR,NR,NR,NR,NR,NA,NA,NA,NA,NA,NA,NA,NA,NA,NA
MacCoon 2012,3,Mindfulness,Control,Waitlist,NA,NA,3,1,Perceived Stress,PSS-14,D,Distress,Baseline,Post Intervention,4 months post int follow up,0,0,0,Post Intervention,4 months post int follow up,NA,1-6months,Randomized controlled trial,NA,no,29,NR,NR,NR,NR,26,NR,NR,NR,NR,NR,NR,NR,NR,NR,NA,NA,NA,NA,NA,NA,NA,NA,NA,NA
MacCoon 2012,3,Mindfulness,Control,Waitlist,NA,NA,3,1,Perceived Stress,PSS-14,D,Distress,Baseline,Post Intervention,4 months post int follow up,0,0,0,Post Intervention,4 months post int follow up,NA,Baseline,Randomized controlled trial,NA,no,31,NR,NR,NR,NR,31,NR,NR,NR,NR,NR,NR,NR,NR,NR,NA,NA,NA,NA,NA,NA,NA,NA,NA,NA
MacCoon 2012,3,Mindfulness,Control,Waitlist,NA,NA,3,1,Perceived Stress,PSS-14,D,Distress,Baseline,Post Intervention,4 months post int follow up,0,0,0,Post Intervention,4 months post int follow up,NA,Postintervention,Randomized controlled trial,NA,no,30,NR,NR,NR,NR,27,NR,NR,NR,NR,NR,NR,NR,NR,NR,NA,NA,NA,NA,NA,NA,NA,NA,NA,NA
MacCoon 2012,3,Mindfulness,Control,Waitlist,NA,NA,3,1,Wellbeing,"Psychological Well-being Scale (WB, Ryff 1989) 54 item",U,Mental wellbeing,Baseline,Post Intervention,4 months post int follow up,0,0,0,Post Intervention,4 months post int follow up,NA,1-6months,Randomized controlled trial,NA,no,29,NR,NR,NR,NR,26,NR,NR,NR,NR,NR,NR,NR,NR,NR,NA,NA,NA,NA,NA,NA,NA,NA,NA,NA
MacCoon 2012,3,Mindfulness,Control,Waitlist,NA,NA,3,1,Wellbeing,"Psychological Well-being Scale (WB, Ryff 1989) 54 item",U,Mental wellbeing,Baseline,Post Intervention,4 months post int follow up,0,0,0,Post Intervention,4 months post int follow up,NA,Baseline,Randomized controlled trial,NA,no,31,NR,NR,NR,NR,31,NR,NR,NR,NR,NR,NR,NR,NR,NR,NA,NA,NA,NA,NA,NA,NA,NA,NA,NA
MacCoon 2012,3,Mindfulness,Control,Waitlist,NA,NA,3,1,Wellbeing,"Psychological Well-being Scale (WB, Ryff 1989) 54 item",U,Mental wellbeing,Baseline,Post Intervention,4 months post int follow up,0,0,0,Post Intervention,4 months post int follow up,NA,Postintervention,Randomized controlled trial,NA,no,30,NR,NR,NR,NR,27,NR,NR,NR,NR,NR,NR,NR,NR,NR,NA,NA,NA,NA,NA,NA,NA,NA,NA,NA
MacCoon 2012,3,Mindfulness,Control,Waitlist,NA,NA,3,1,Mindfulness,FFMQ,U,Mindfulness,Baseline,Post Intervention,0,0,0,0,Post Intervention,NA,NA,Baseline,Randomized controlled trial,NA,no,34,Mean,SD,107.47,14.07,36,Mean,SD,113.39,14.47,36,Mean,SD,107.31,14,NA,NA,NA,NA,NA,NA,NA,NA,NA,NA
MacCoon 2012,3,Mindfulness,Control,Waitlist,NA,NA,3,1,Mindfulness,FFMQ,U,Mindfulness,Baseline,Post Intervention,0,0,0,0,Post Intervention,NA,NA,Postintervention,Randomized controlled trial,NA,no,34,Mean,SD,115.68,16.2,36,Mean,SD,121.81,10.93,36,Mean,SD,110.86,15.15,NA,NA,NA,NA,NA,NA,NA,NA,NA,NA
MacCoon 2012,3,Mindfulness,Control,Waitlist,NA,NA,3,1,Symptoms,Medical Symptoms Checklist,D,Psychosomatic outcomes,Baseline,Post Intervention,4 months post int follow up,0,0,0,Post Intervention,4 months post int follow up,NA,1-6months,Randomized controlled trial,NA,no,29,NR,NR,NR,NR,26,NR,NR,NR,NR,NR,NR,NR,NR,NR,NA,NA,NA,NA,NA,NA,NA,NA,NA,NA
MacCoon 2012,3,Mindfulness,Control,Waitlist,NA,NA,3,1,Symptoms,Medical Symptoms Checklist,D,Psychosomatic outcomes,Baseline,Post Intervention,4 months post int follow up,0,0,0,Post Intervention,4 months post int follow up,NA,Baseline,Randomized controlled trial,NA,no,31,NR,NR,NR,NR,31,NR,NR,NR,NR,NR,NR,NR,NR,NR,NA,NA,NA,NA,NA,NA,NA,NA,NA,NA
MacCoon 2012,3,Mindfulness,Control,Waitlist,NA,NA,3,1,Symptoms,Medical Symptoms Checklist,D,Psychosomatic outcomes,Baseline,Post Intervention,4 months post int follow up,0,0,0,Post Intervention,4 months post int follow up,NA,Postintervention,Randomized controlled trial,NA,no,30,NR,NR,NR,NR,27,NR,NR,NR,NR,NR,NR,NR,NR,NR,NA,NA,NA,NA,NA,NA,NA,NA,NA,NA
Wong 2018,2,Mindfulness,Control,NA,NA,NA,3,NA,Perceived stress,PSS,D,Distress,Baseline,Post Intervention,3 month post int follow up,6 month post int FU,0,0,Post Intervention,6 month post int FU,NA,1-6months,Randomized controlled trial,NA,no,69,Mean,SD,25.33,7.65,70,Mean,SD,26.96,6.89,NA,NA,NA,NA,NA,NA,NA,NA,NA,NA,NA,NA,NA,NA,NA
Wong 2018,2,Mindfulness,Control,NA,NA,NA,3,NA,Perceived stress,PSS,D,Distress,Baseline,Post Intervention,3 month post int follow up,6 month post int FU,0,0,Post Intervention,6 month post int FU,NA,Baseline,Randomized controlled trial,NA,no,98,Mean,SD,28.98,7.11,99,Mean,SD,28.15,5.32,NA,NA,NA,NA,NA,NA,NA,NA,NA,NA,NA,NA,NA,NA,NA
Wong 2018,2,Mindfulness,Control,NA,NA,NA,3,NA,Perceived stress,PSS,D,Distress,Baseline,Post Intervention,3 month post int follow up,6 month post int FU,0,0,Post Intervention,6 month post int FU,NA,Postintervention,Randomized controlled trial,NA,no,85,Mean,SD,26.49,7.19,87,Mean,SD,27.48,6.17,NA,NA,NA,NA,NA,NA,NA,NA,NA,NA,NA,NA,NA,NA,NA
Wong 2018,2,Mindfulness,Control,NA,NA,NA,3,NA,Mindfulness,FFMQ subscales,U,Mindfulness,Baseline,Post Intervention,3 month post int follow up,6 month post int follow up,0,0,Post Intervention,6 month post int follow up,NA,1-6months,Randomized controlled trial,NA,no,69,Mean,SD,118.91,13.82,70,Mean,SD,117.98,14.65,NA,NA,NA,NA,NA,NA,NA,NA,NA,NA,NA,NA,NA,NA,NA
Wong 2018,2,Mindfulness,Control,NA,NA,NA,3,NA,Mindfulness,FFMQ subscales,U,Mindfulness,Baseline,Post Intervention,3 month post int follow up,6 month post int follow up,0,0,Post Intervention,6 month post int follow up,NA,Baseline,Randomized controlled trial,NA,no,98,Mean,SD,114.67,15.25,99,Mean,SD,116.43,14.88,NA,NA,NA,NA,NA,NA,NA,NA,NA,NA,NA,NA,NA,NA,NA
Wong 2018,2,Mindfulness,Control,NA,NA,NA,3,NA,Mindfulness,FFMQ subscales,U,Mindfulness,Baseline,Post Intervention,3 month post int follow up,6 month post int follow up,0,0,Post Intervention,6 month post int follow up,NA,Postintervention,Randomized controlled trial,NA,no,85,Mean,SD,117.13,14.36,87,Mean,SD,117.98,14.93,NA,NA,NA,NA,NA,NA,NA,NA,NA,NA,NA,NA,NA,NA,NA
Wong 2018,2,Mindfulness,Control,NA,NA,NA,3,NA,menopause-related symptoms,Greene Climacteric Scale,D,Psychosomatic outcomes,Baseline,post-intervention,3 month post int FU,6 month post int  FU,0,0,post-intervention,6 month post int  FU,NA,1-6months,Randomized controlled trial,NA,no,69,Mean,SD,23.52,8.93,70,Mean,SD,26.04,8.84,NA,NA,NA,NA,NA,NA,NA,NA,NA,NA,NA,NA,NA,NA,NA
Wong 2018,2,Mindfulness,Control,NA,NA,NA,3,NA,menopause-related symptoms,Greene Climacteric Scale,D,Psychosomatic outcomes,Baseline,post-intervention,3 month post int FU,6 month post int  FU,0,0,post-intervention,6 month post int  FU,NA,Baseline,Randomized controlled trial,NA,no,98,Mean,SD,31.72,10.23,99,Mean,SD,30.68,8.35,NA,NA,NA,NA,NA,NA,NA,NA,NA,NA,NA,NA,NA,NA,NA
Wong 2018,2,Mindfulness,Control,NA,NA,NA,3,NA,menopause-related symptoms,Greene Climacteric Scale,D,Psychosomatic outcomes,Baseline,post-intervention,3 month post int FU,6 month post int  FU,0,0,post-intervention,6 month post int  FU,NA,Postintervention,Randomized controlled trial,NA,no,85,Mean,SD,26.24,10.1,87,Mean,SD,26.8,8.94,NA,NA,NA,NA,NA,NA,NA,NA,NA,NA,NA,NA,NA,NA,NA
Kingston 2007,2,Mindfulness,Control,NA,NA,NA,3,NA,Negative affect,PANAS  in the past week,D,Distress,Baseline,Post Intervention,0,0,0,0,Post Intervention,NA,NA,Baseline,Randomized controlled trial,NA,no,21,Mean,SD,2.01,0.68,21,Mean,SD,1.93,0.71,NA,NA,NA,NA,NA,NA,NA,NA,NA,NA,NA,NA,NA,NA,NA
Kingston 2007,2,Mindfulness,Control,NA,NA,NA,3,NA,Negative affect,PANAS  in the past week,D,Distress,Baseline,Post Intervention,0,0,0,0,Post Intervention,NA,NA,Postintervention,Randomized controlled trial,NA,no,21,Mean,SD,2.1,0.88,21,Mean,SD,1.81,0.75,NA,NA,NA,NA,NA,NA,NA,NA,NA,NA,NA,NA,NA,NA,NA
Kingston 2007,2,Mindfulness,Control,NA,NA,NA,3,NA,Positive affect,PANAS  in the past week,U,Mental wellbeing,Baseline,Post Intervention,0,0,0,0,Post Intervention,NA,NA,Baseline,Randomized controlled trial,NA,no,21,Mean,SD,3.05,0.58,21,Mean,SD,3.22,0.57,NA,NA,NA,NA,NA,NA,NA,NA,NA,NA,NA,NA,NA,NA,NA
Kingston 2007,2,Mindfulness,Control,NA,NA,NA,3,NA,Positive affect,PANAS  in the past week,U,Mental wellbeing,Baseline,Post Intervention,0,0,0,0,Post Intervention,NA,NA,Postintervention,Randomized controlled trial,NA,no,21,Mean,SD,3.2,0.58,21,Mean,SD,3.26,0.65,NA,NA,NA,NA,NA,NA,NA,NA,NA,NA,NA,NA,NA,NA,NA
Kingston 2007,2,Mindfulness,Control,NA,NA,NA,3,NA,Mindfulness,,U,Mindfulness,Baseline,Post Intervention,0,0,0,0,Post Intervention,NA,NA,Baseline,Randomized controlled trial,NA,no,21,Mean,SD,3.06,0.33,21,Mean,SD,3.23,0.27,NA,NA,NA,NA,NA,NA,NA,NA,NA,NA,NA,NA,NA,NA,NA
Kingston 2007,2,Mindfulness,Control,NA,NA,NA,3,NA,Mindfulness,,U,Mindfulness,Baseline,Post Intervention,0,0,0,0,Post Intervention,NA,NA,Postintervention,Randomized controlled trial,NA,no,21,Mean,SD,3.29,0.27,21,Mean,SD,3.26,0.37,NA,NA,NA,NA,NA,NA,NA,NA,NA,NA,NA,NA,NA,NA,NA
