studytab_name,corr_pibldis5mbldis,corr_pibldis6mbldis,corr_pibldispiblwel,corr_pibldis5mblwel,corr_pibldis6mblwel,corr_pibldispibldep,corr_pibldis5mbldep,corr_pibldis6mbldep,corr_pibldispiblanx,corr_pibldis5mblanx,corr_pibldis6mblanx,corr_5mbldispibldis,corr_5mbldis6mbldis,corr_5mbldispiblwel,corr_5mbldis5mblwel,corr_5mbldis6mblwel,corr_5mbldispibldep,corr_5mbldis5mbldep,corr_5mbldis6mbldep,corr_5mbldispiblanx,corr_5mbldis5mblanx,corr_5mbldis6mblanx,corr_6mbldispibldis,corr_6mbldis5mbldis,corr_6mbldispiblwel,corr_6mbldis5mblwel,corr_6mbldis6mblwel,corr_6mbldispibldep,corr_6mbldis5mbldep,corr_6mbldis6mbldep,corr_6mbldispiblanx,corr_6mbldis5mblanx,corr_6mbldis6mblanx,corr_piblwelpibldis,corr_piblwel5mbldis,corr_piblwel6mbldis,corr_piblwel5mblwel,corr_piblwel6mblwel,corr_piblwelpibldep,corr_piblwel5mbldep,corr_piblwel6mbldep,corr_piblwelpiblanx,corr_piblwel5mblanx,corr_piblwel6mblanx,corr_5mblwelpibldis,corr_5mblwel5mbldis,corr_5mblwel6mbldis,corr_5mblwelpiblwel,corr_5mblwel6mblwel,corr_5mblwelpibldep,corr_5mblwel5mbldep,corr_5mblwel6mbldep,corr_5mblwelpiblanx,corr_5mblwel5mblanx,corr_5mblwel6mblanx,corr_6mblwelpibldis,corr_6mblwel5mbldis,corr_6mblwel6mbldis,corr_6mblwelpiblwel,corr_6mblwel5mblwel,corr_6mblwelpibldep,corr_6mblwel5mbldep,corr_6mblwel6mbldep,corr_6mblwelpiblanx,corr_6mblwel5mblanx,corr_6mblwel6mblanx,corr_pibldeppibldis,corr_pibldep5mbldis,corr_pibldep6mbldis,corr_pibldeppiblwel,corr_pibldep5mblwel,corr_pibldep6mblwel,corr_pibldep5mbldep,corr_pibldep6mbldep,corr_pibldeppiblanx,corr_pibldep5mblanx,corr_pibldep6mblanx,corr_5mbldeppibldis,corr_5mbldep5mbldis,corr_5mbldep6mbldis,corr_5mbldeppiblwel,corr_5mbldep5mblwel,corr_5mbldep6mblwel,corr_5mbldeppibldep,corr_5mbldep6mbldep,corr_5mbldeppiblanx,corr_5mbldep5mblanx,corr_5mbldep6mblanx,corr_6mbldeppibldis,corr_6mbldep5mbldis,corr_6mbldep6mbldis,corr_6mbldeppiblwel,corr_6mbldep5mblwel,corr_6mbldep6mblwel,corr_6mbldeppibldep,corr_6mbldep5mbldep,corr_6mbldeppiblanx,corr_6mbldep5mblanx,corr_6mbldep6mblanx,corr_piblanxpibldis,corr_piblanx5mbldis,corr_piblanx6mbldis,corr_piblanxpiblwel,corr_piblanx5mblwel,corr_piblanx6mblwel,corr_piblanxpibldep,corr_piblanx5mbldep,corr_piblanx6mbldep,corr_piblanx5mblanx,corr_piblanx6mblanx,corr_5mblanxpibldis,corr_5mblanx5mbldis,corr_5mblanx6mbldis,corr_5mblanxpiblwel,corr_5mblanx5mblwel,corr_5mblanx6mblwel,corr_5mblanxpibldep,corr_5mblanx5mbldep,corr_5mblanx6mbldep,corr_5mblanxpiblanx,corr_5mblanx6mblanx,corr_6mblanxpibldis,corr_6mblanx5mbldis,corr_6mblanx6mbldis,corr_6mblanxpiblwel,corr_6mblanx5mblwel,corr_6mblanx6mblwel,corr_6mblanxpibldep,corr_6mblanx5mbldep,corr_6mblanx6mbldep,corr_6mblanxpiblanx,corr_6mblanx5mblanx
?tefan 2018,.5609659,.403009,-.80877519,-.50167024,-.31891349,.80877519,.5609659,.403009,.80877519,.5609659,.403009,.5609659,.48414797,-.50600791,-.76847583,-.40198517,.5609659,.76847583,.48414797,.5609659,.76847583,.48414797,.403009,.48414797,-.43678758,-.42844105,-.82747579,.403009,.48414797,.82747579,.403009,.48414797,.82747579,-.80877519,-.50600791,-.43678758,.6290108,.49517292,-.80877519,-.50600791,-.43678758,-.80877519,-.50600791,-.43678758,-.50167024,-.76847583,-.42844105,.6290108,.49027258,-.50167024,-.76847583,-.42844105,-.50167024,-.76847583,-.42844105,-.31891349,-.40198517,-.82747579,.49517292,.49027258,-.31891349,-.40198517,-.82747579,-.31891349,-.40198517,-.82747579,.80877519,.5609659,.403009,-.80877519,-.50167024,-.31891349,.5609659,.403009,.80877519,.5609659,.403009,.5609659,.48414797,.48414797,-.50600791,-.76847583,-.40198517,.5609659,.48414797,.5609659,.48414797,.48414797,.403009,.48414797,.82747579,-.43678758,-.42844105,-.82747579,.403009,.48414797,.403009,.48414797,.82747579,.80877519,.5609659,.403009,-.80877519,-.50167024,-.31891349,.80877519,.5609659,.403009,.5609659,.403009,.5609659,.76847583,.48414797,-.50600791,-.76847583,-.40198517,.5609659,.76847583,.48414797,.5609659,.48414797,.403009,.48414797,.82747579,-.43678758,-.42844105,-.82747579,.403009,.48414797,.82747579,.403009,.48414797
Aeamla-Or 2015,.5609659,.403009,-.80877519,-.50167024,-.31891349,.80877519,.5609659,.403009,.80877519,.5609659,.403009,.5609659,.48414797,-.50600791,-.76847583,-.40198517,.5609659,.76847583,.48414797,.5609659,.76847583,.48414797,.403009,.48414797,-.43678758,-.42844105,-.82747579,.403009,.48414797,.82747579,.403009,.48414797,.82747579,-.80877519,-.50600791,-.43678758,.6290108,.49517292,-.80877519,-.50600791,-.43678758,-.80877519,-.50600791,-.43678758,-.50167024,-.76847583,-.42844105,.6290108,.49027258,-.50167024,-.76847583,-.42844105,-.50167024,-.76847583,-.42844105,-.31891349,-.40198517,-.82747579,.49517292,.49027258,-.31891349,-.40198517,-.82747579,-.31891349,-.40198517,-.82747579,.80877519,.5609659,.403009,-.80877519,-.50167024,-.31891349,.5609659,.403009,.80877519,.5609659,.403009,.5609659,.48414797,.48414797,-.50600791,-.76847583,-.40198517,.5609659,.48414797,.5609659,.48414797,.48414797,.403009,.48414797,.82747579,-.43678758,-.42844105,-.82747579,.403009,.48414797,.403009,.48414797,.82747579,.80877519,.5609659,.403009,-.80877519,-.50167024,-.31891349,.80877519,.5609659,.403009,.5609659,.403009,.5609659,.76847583,.48414797,-.50600791,-.76847583,-.40198517,.5609659,.76847583,.48414797,.5609659,.48414797,.403009,.48414797,.82747579,-.43678758,-.42844105,-.82747579,.403009,.48414797,.82747579,.403009,.48414797
Agee 2009,.5609659,.403009,-.80877519,-.50167024,-.31891349,.80877519,.5609659,.403009,.80877519,.5609659,.403009,.5609659,.48414797,-.50600791,-.76847583,-.40198517,.5609659,.76847583,.48414797,.5609659,.76847583,.48414797,.403009,.48414797,-.43678758,-.42844105,-.82747579,.403009,.48414797,.82747579,.403009,.48414797,.82747579,-.80877519,-.50600791,-.43678758,.6290108,.49517292,-.80877519,-.50600791,-.43678758,-.80877519,-.50600791,-.43678758,-.50167024,-.76847583,-.42844105,.6290108,.49027258,-.50167024,-.76847583,-.42844105,-.50167024,-.76847583,-.42844105,-.31891349,-.40198517,-.82747579,.49517292,.49027258,-.31891349,-.40198517,-.82747579,-.31891349,-.40198517,-.82747579,.80877519,.5609659,.403009,-.80877519,-.50167024,-.31891349,.5609659,.403009,.80877519,.5609659,.403009,.5609659,.48414797,.48414797,-.50600791,-.76847583,-.40198517,.5609659,.48414797,.5609659,.48414797,.48414797,.403009,.48414797,.82747579,-.43678758,-.42844105,-.82747579,.403009,.48414797,.403009,.48414797,.82747579,.80877519,.5609659,.403009,-.80877519,-.50167024,-.31891349,.80877519,.5609659,.403009,.5609659,.403009,.5609659,.76847583,.48414797,-.50600791,-.76847583,-.40198517,.5609659,.76847583,.48414797,.5609659,.48414797,.403009,.48414797,.82747579,-.43678758,-.42844105,-.82747579,.403009,.48414797,.82747579,.403009,.48414797
Anclair 2018,.5609659,.403009,-.80877519,-.50167024,-.31891349,.80877519,.5609659,.403009,.80877519,.5609659,.403009,.5609659,.48414797,-.50600791,-.76847583,-.40198517,.5609659,.76847583,.48414797,.5609659,.76847583,.48414797,.403009,.48414797,-.43678758,-.42844105,-.82747579,.403009,.48414797,.82747579,.403009,.48414797,.82747579,-.80877519,-.50600791,-.43678758,.6290108,.49517292,-.80877519,-.50600791,-.43678758,-.80877519,-.50600791,-.43678758,-.50167024,-.76847583,-.42844105,.6290108,.49027258,-.50167024,-.76847583,-.42844105,-.50167024,-.76847583,-.42844105,-.31891349,-.40198517,-.82747579,.49517292,.49027258,-.31891349,-.40198517,-.82747579,-.31891349,-.40198517,-.82747579,.80877519,.5609659,.403009,-.80877519,-.50167024,-.31891349,.5609659,.403009,.80877519,.5609659,.403009,.5609659,.48414797,.48414797,-.50600791,-.76847583,-.40198517,.5609659,.48414797,.5609659,.48414797,.48414797,.403009,.48414797,.82747579,-.43678758,-.42844105,-.82747579,.403009,.48414797,.403009,.48414797,.82747579,.80877519,.5609659,.403009,-.80877519,-.50167024,-.31891349,.80877519,.5609659,.403009,.5609659,.403009,.5609659,.76847583,.48414797,-.50600791,-.76847583,-.40198517,.5609659,.76847583,.48414797,.5609659,.48414797,.403009,.48414797,.82747579,-.43678758,-.42844105,-.82747579,.403009,.48414797,.82747579,.403009,.48414797
Anderson 2007,.5609659,.403009,-.80877519,-.50167024,-.31891349,.80877519,.5609659,.403009,.80877519,.5609659,.403009,.5609659,.48414797,-.50600791,-.76847583,-.40198517,.5609659,.76847583,.48414797,.5609659,.76847583,.48414797,.403009,.48414797,-.43678758,-.42844105,-.82747579,.403009,.48414797,.82747579,.403009,.48414797,.82747579,-.80877519,-.50600791,-.43678758,.6290108,.49517292,-.80877519,-.50600791,-.43678758,-.80877519,-.50600791,-.43678758,-.50167024,-.76847583,-.42844105,.6290108,.49027258,-.50167024,-.76847583,-.42844105,-.50167024,-.76847583,-.42844105,-.31891349,-.40198517,-.82747579,.49517292,.49027258,-.31891349,-.40198517,-.82747579,-.31891349,-.40198517,-.82747579,.80877519,.5609659,.403009,-.80877519,-.50167024,-.31891349,.5609659,.403009,.80877519,.5609659,.403009,.5609659,.48414797,.48414797,-.50600791,-.76847583,-.40198517,.5609659,.48414797,.5609659,.48414797,.48414797,.403009,.48414797,.82747579,-.43678758,-.42844105,-.82747579,.403009,.48414797,.403009,.48414797,.82747579,.80877519,.5609659,.403009,-.80877519,-.50167024,-.31891349,.80877519,.5609659,.403009,.5609659,.403009,.5609659,.76847583,.48414797,-.50600791,-.76847583,-.40198517,.5609659,.76847583,.48414797,.5609659,.48414797,.403009,.48414797,.82747579,-.43678758,-.42844105,-.82747579,.403009,.48414797,.82747579,.403009,.48414797
Armstrong 2016,.5609659,.403009,-.80877519,-.50167024,-.31891349,.80877519,.5609659,.403009,.80877519,.5609659,.403009,.5609659,.48414797,-.50600791,-.76847583,-.40198517,.5609659,.76847583,.48414797,.5609659,.76847583,.48414797,.403009,.48414797,-.43678758,-.42844105,-.82747579,.403009,.48414797,.82747579,.403009,.48414797,.82747579,-.80877519,-.50600791,-.43678758,.6290108,.49517292,-.80877519,-.50600791,-.43678758,-.80877519,-.50600791,-.43678758,-.50167024,-.76847583,-.42844105,.6290108,.49027258,-.50167024,-.76847583,-.42844105,-.50167024,-.76847583,-.42844105,-.31891349,-.40198517,-.82747579,.49517292,.49027258,-.31891349,-.40198517,-.82747579,-.31891349,-.40198517,-.82747579,.80877519,.5609659,.403009,-.80877519,-.50167024,-.31891349,.5609659,.403009,.80877519,.5609659,.403009,.5609659,.48414797,.48414797,-.50600791,-.76847583,-.40198517,.5609659,.48414797,.5609659,.48414797,.48414797,.403009,.48414797,.82747579,-.43678758,-.42844105,-.82747579,.403009,.48414797,.403009,.48414797,.82747579,.80877519,.5609659,.403009,-.80877519,-.50167024,-.31891349,.80877519,.5609659,.403009,.5609659,.403009,.5609659,.76847583,.48414797,-.50600791,-.76847583,-.40198517,.5609659,.76847583,.48414797,.5609659,.48414797,.403009,.48414797,.82747579,-.43678758,-.42844105,-.82747579,.403009,.48414797,.82747579,.403009,.48414797
Arredondo 2017,.5609659,.403009,-.80877519,-.50167024,-.31891349,.80877519,.5609659,.403009,.80877519,.5609659,.403009,.5609659,.48414797,-.50600791,-.76847583,-.40198517,.5609659,.76847583,.48414797,.5609659,.76847583,.48414797,.403009,.48414797,-.43678758,-.42844105,-.82747579,.403009,.48414797,.82747579,.403009,.48414797,.82747579,-.80877519,-.50600791,-.43678758,.6290108,.49517292,-.80877519,-.50600791,-.43678758,-.80877519,-.50600791,-.43678758,-.50167024,-.76847583,-.42844105,.6290108,.49027258,-.50167024,-.76847583,-.42844105,-.50167024,-.76847583,-.42844105,-.31891349,-.40198517,-.82747579,.49517292,.49027258,-.31891349,-.40198517,-.82747579,-.31891349,-.40198517,-.82747579,.80877519,.5609659,.403009,-.80877519,-.50167024,-.31891349,.5609659,.403009,.80877519,.5609659,.403009,.5609659,.48414797,.48414797,-.50600791,-.76847583,-.40198517,.5609659,.48414797,.5609659,.48414797,.48414797,.403009,.48414797,.82747579,-.43678758,-.42844105,-.82747579,.403009,.48414797,.403009,.48414797,.82747579,.80877519,.5609659,.403009,-.80877519,-.50167024,-.31891349,.80877519,.5609659,.403009,.5609659,.403009,.5609659,.76847583,.48414797,-.50600791,-.76847583,-.40198517,.5609659,.76847583,.48414797,.5609659,.48414797,.403009,.48414797,.82747579,-.43678758,-.42844105,-.82747579,.403009,.48414797,.82747579,.403009,.48414797
Astin 1997,.5609659,.403009,-.80877519,-.50167024,-.31891349,.80877519,.5609659,.403009,.80877519,.5609659,.403009,.5609659,.48414797,-.50600791,-.76847583,-.40198517,.5609659,.76847583,.48414797,.5609659,.76847583,.48414797,.403009,.48414797,-.43678758,-.42844105,-.82747579,.403009,.48414797,.82747579,.403009,.48414797,.82747579,-.80877519,-.50600791,-.43678758,.6290108,.49517292,-.80877519,-.50600791,-.43678758,-.80877519,-.50600791,-.43678758,-.50167024,-.76847583,-.42844105,.6290108,.49027258,-.50167024,-.76847583,-.42844105,-.50167024,-.76847583,-.42844105,-.31891349,-.40198517,-.82747579,.49517292,.49027258,-.31891349,-.40198517,-.82747579,-.31891349,-.40198517,-.82747579,.80877519,.5609659,.403009,-.80877519,-.50167024,-.31891349,.5609659,.403009,.80877519,.5609659,.403009,.5609659,.48414797,.48414797,-.50600791,-.76847583,-.40198517,.5609659,.48414797,.5609659,.48414797,.48414797,.403009,.48414797,.82747579,-.43678758,-.42844105,-.82747579,.403009,.48414797,.403009,.48414797,.82747579,.80877519,.5609659,.403009,-.80877519,-.50167024,-.31891349,.80877519,.5609659,.403009,.5609659,.403009,.5609659,.76847583,.48414797,-.50600791,-.76847583,-.40198517,.5609659,.76847583,.48414797,.5609659,.48414797,.403009,.48414797,.82747579,-.43678758,-.42844105,-.82747579,.403009,.48414797,.82747579,.403009,.48414797
Auseron 2018,.5609659,.403009,-.80877519,-.50167024,-.31891349,.80877519,.5609659,.403009,.80877519,.5609659,.403009,.5609659,.48414797,-.50600791,-.76847583,-.40198517,.5609659,.76847583,.48414797,.5609659,.76847583,.48414797,.403009,.48414797,-.43678758,-.42844105,-.82747579,.403009,.48414797,.82747579,.403009,.48414797,.82747579,-.80877519,-.50600791,-.43678758,.6290108,.49517292,-.80877519,-.50600791,-.43678758,-.80877519,-.50600791,-.43678758,-.50167024,-.76847583,-.42844105,.6290108,.49027258,-.50167024,-.76847583,-.42844105,-.50167024,-.76847583,-.42844105,-.31891349,-.40198517,-.82747579,.49517292,.49027258,-.31891349,-.40198517,-.82747579,-.31891349,-.40198517,-.82747579,.80877519,.5609659,.403009,-.80877519,-.50167024,-.31891349,.5609659,.403009,.80877519,.5609659,.403009,.5609659,.48414797,.48414797,-.50600791,-.76847583,-.40198517,.5609659,.48414797,.5609659,.48414797,.48414797,.403009,.48414797,.82747579,-.43678758,-.42844105,-.82747579,.403009,.48414797,.403009,.48414797,.82747579,.80877519,.5609659,.403009,-.80877519,-.50167024,-.31891349,.80877519,.5609659,.403009,.5609659,.403009,.5609659,.76847583,.48414797,-.50600791,-.76847583,-.40198517,.5609659,.76847583,.48414797,.5609659,.48414797,.403009,.48414797,.82747579,-.43678758,-.42844105,-.82747579,.403009,.48414797,.82747579,.403009,.48414797
Barrett 2012,.5609659,.403009,-.80877519,-.50167024,-.31891349,.80877519,.5609659,.403009,.80877519,.5609659,.403009,.5609659,.48414797,-.50600791,-.76847583,-.40198517,.5609659,.76847583,.48414797,.5609659,.76847583,.48414797,.403009,.48414797,-.43678758,-.42844105,-.82747579,.403009,.48414797,.82747579,.403009,.48414797,.82747579,-.80877519,-.50600791,-.43678758,.6290108,.49517292,-.80877519,-.50600791,-.43678758,-.80877519,-.50600791,-.43678758,-.50167024,-.76847583,-.42844105,.6290108,.49027258,-.50167024,-.76847583,-.42844105,-.50167024,-.76847583,-.42844105,-.31891349,-.40198517,-.82747579,.49517292,.49027258,-.31891349,-.40198517,-.82747579,-.31891349,-.40198517,-.82747579,.80877519,.5609659,.403009,-.80877519,-.50167024,-.31891349,.5609659,.403009,.80877519,.5609659,.403009,.5609659,.48414797,.48414797,-.50600791,-.76847583,-.40198517,.5609659,.48414797,.5609659,.48414797,.48414797,.403009,.48414797,.82747579,-.43678758,-.42844105,-.82747579,.403009,.48414797,.403009,.48414797,.82747579,.80877519,.5609659,.403009,-.80877519,-.50167024,-.31891349,.80877519,.5609659,.403009,.5609659,.403009,.5609659,.76847583,.48414797,-.50600791,-.76847583,-.40198517,.5609659,.76847583,.48414797,.5609659,.48414797,.403009,.48414797,.82747579,-.43678758,-.42844105,-.82747579,.403009,.48414797,.82747579,.403009,.48414797
Barrett 2018,.5609659,.403009,-.80877519,-.50167024,-.31891349,.80877519,.5609659,.403009,.80877519,.5609659,.403009,.5609659,.48414797,-.50600791,-.76847583,-.40198517,.5609659,.76847583,.48414797,.5609659,.76847583,.48414797,.403009,.48414797,-.43678758,-.42844105,-.82747579,.403009,.48414797,.82747579,.403009,.48414797,.82747579,-.80877519,-.50600791,-.43678758,.6290108,.49517292,-.80877519,-.50600791,-.43678758,-.80877519,-.50600791,-.43678758,-.50167024,-.76847583,-.42844105,.6290108,.49027258,-.50167024,-.76847583,-.42844105,-.50167024,-.76847583,-.42844105,-.31891349,-.40198517,-.82747579,.49517292,.49027258,-.31891349,-.40198517,-.82747579,-.31891349,-.40198517,-.82747579,.80877519,.5609659,.403009,-.80877519,-.50167024,-.31891349,.5609659,.403009,.80877519,.5609659,.403009,.5609659,.48414797,.48414797,-.50600791,-.76847583,-.40198517,.5609659,.48414797,.5609659,.48414797,.48414797,.403009,.48414797,.82747579,-.43678758,-.42844105,-.82747579,.403009,.48414797,.403009,.48414797,.82747579,.80877519,.5609659,.403009,-.80877519,-.50167024,-.31891349,.80877519,.5609659,.403009,.5609659,.403009,.5609659,.76847583,.48414797,-.50600791,-.76847583,-.40198517,.5609659,.76847583,.48414797,.5609659,.48414797,.403009,.48414797,.82747579,-.43678758,-.42844105,-.82747579,.403009,.48414797,.82747579,.403009,.48414797
Beattie 2017,.5609659,.403009,-.80877519,-.50167024,-.31891349,.80877519,.5609659,.403009,.80877519,.5609659,.403009,.5609659,.48414797,-.50600791,-.76847583,-.40198517,.5609659,.76847583,.48414797,.5609659,.76847583,.48414797,.403009,.48414797,-.43678758,-.42844105,-.82747579,.403009,.48414797,.82747579,.403009,.48414797,.82747579,-.80877519,-.50600791,-.43678758,.6290108,.49517292,-.80877519,-.50600791,-.43678758,-.80877519,-.50600791,-.43678758,-.50167024,-.76847583,-.42844105,.6290108,.49027258,-.50167024,-.76847583,-.42844105,-.50167024,-.76847583,-.42844105,-.31891349,-.40198517,-.82747579,.49517292,.49027258,-.31891349,-.40198517,-.82747579,-.31891349,-.40198517,-.82747579,.80877519,.5609659,.403009,-.80877519,-.50167024,-.31891349,.5609659,.403009,.80877519,.5609659,.403009,.5609659,.48414797,.48414797,-.50600791,-.76847583,-.40198517,.5609659,.48414797,.5609659,.48414797,.48414797,.403009,.48414797,.82747579,-.43678758,-.42844105,-.82747579,.403009,.48414797,.403009,.48414797,.82747579,.80877519,.5609659,.403009,-.80877519,-.50167024,-.31891349,.80877519,.5609659,.403009,.5609659,.403009,.5609659,.76847583,.48414797,-.50600791,-.76847583,-.40198517,.5609659,.76847583,.48414797,.5609659,.48414797,.403009,.48414797,.82747579,-.43678758,-.42844105,-.82747579,.403009,.48414797,.82747579,.403009,.48414797
Behbahani 2018,.5609659,.403009,-.80877519,-.50167024,-.31891349,.80877519,.5609659,.403009,.80877519,.5609659,.403009,.5609659,.48414797,-.50600791,-.76847583,-.40198517,.5609659,.76847583,.48414797,.5609659,.76847583,.48414797,.403009,.48414797,-.43678758,-.42844105,-.82747579,.403009,.48414797,.82747579,.403009,.48414797,.82747579,-.80877519,-.50600791,-.43678758,.6290108,.49517292,-.80877519,-.50600791,-.43678758,-.80877519,-.50600791,-.43678758,-.50167024,-.76847583,-.42844105,.6290108,.49027258,-.50167024,-.76847583,-.42844105,-.50167024,-.76847583,-.42844105,-.31891349,-.40198517,-.82747579,.49517292,.49027258,-.31891349,-.40198517,-.82747579,-.31891349,-.40198517,-.82747579,.80877519,.5609659,.403009,-.80877519,-.50167024,-.31891349,.5609659,.403009,.80877519,.5609659,.403009,.5609659,.48414797,.48414797,-.50600791,-.76847583,-.40198517,.5609659,.48414797,.5609659,.48414797,.48414797,.403009,.48414797,.82747579,-.43678758,-.42844105,-.82747579,.403009,.48414797,.403009,.48414797,.82747579,.80877519,.5609659,.403009,-.80877519,-.50167024,-.31891349,.80877519,.5609659,.403009,.5609659,.403009,.5609659,.76847583,.48414797,-.50600791,-.76847583,-.40198517,.5609659,.76847583,.48414797,.5609659,.48414797,.403009,.48414797,.82747579,-.43678758,-.42844105,-.82747579,.403009,.48414797,.82747579,.403009,.48414797
Benn 2012,.5609659,.403009,-.80877519,-.50167024,-.31891349,.80877519,.5609659,.403009,.80877519,.5609659,.403009,.5609659,.48414797,-.50600791,-.76847583,-.40198517,.5609659,.76847583,.48414797,.5609659,.76847583,.48414797,.403009,.48414797,-.43678758,-.42844105,-.82747579,.403009,.48414797,.82747579,.403009,.48414797,.82747579,-.80877519,-.50600791,-.43678758,.6290108,.49517292,-.80877519,-.50600791,-.43678758,-.80877519,-.50600791,-.43678758,-.50167024,-.76847583,-.42844105,.6290108,.49027258,-.50167024,-.76847583,-.42844105,-.50167024,-.76847583,-.42844105,-.31891349,-.40198517,-.82747579,.49517292,.49027258,-.31891349,-.40198517,-.82747579,-.31891349,-.40198517,-.82747579,.80877519,.5609659,.403009,-.80877519,-.50167024,-.31891349,.5609659,.403009,.80877519,.5609659,.403009,.5609659,.48414797,.48414797,-.50600791,-.76847583,-.40198517,.5609659,.48414797,.5609659,.48414797,.48414797,.403009,.48414797,.82747579,-.43678758,-.42844105,-.82747579,.403009,.48414797,.403009,.48414797,.82747579,.80877519,.5609659,.403009,-.80877519,-.50167024,-.31891349,.80877519,.5609659,.403009,.5609659,.403009,.5609659,.76847583,.48414797,-.50600791,-.76847583,-.40198517,.5609659,.76847583,.48414797,.5609659,.48414797,.403009,.48414797,.82747579,-.43678758,-.42844105,-.82747579,.403009,.48414797,.82747579,.403009,.48414797
Berghmans 2010,.5609659,.403009,-.80877519,-.50167024,-.31891349,.80877519,.5609659,.403009,.80877519,.5609659,.403009,.5609659,.48414797,-.50600791,-.76847583,-.40198517,.5609659,.76847583,.48414797,.5609659,.76847583,.48414797,.403009,.48414797,-.43678758,-.42844105,-.82747579,.403009,.48414797,.82747579,.403009,.48414797,.82747579,-.80877519,-.50600791,-.43678758,.6290108,.49517292,-.80877519,-.50600791,-.43678758,-.80877519,-.50600791,-.43678758,-.50167024,-.76847583,-.42844105,.6290108,.49027258,-.50167024,-.76847583,-.42844105,-.50167024,-.76847583,-.42844105,-.31891349,-.40198517,-.82747579,.49517292,.49027258,-.31891349,-.40198517,-.82747579,-.31891349,-.40198517,-.82747579,.80877519,.5609659,.403009,-.80877519,-.50167024,-.31891349,.5609659,.403009,.80877519,.5609659,.403009,.5609659,.48414797,.48414797,-.50600791,-.76847583,-.40198517,.5609659,.48414797,.5609659,.48414797,.48414797,.403009,.48414797,.82747579,-.43678758,-.42844105,-.82747579,.403009,.48414797,.403009,.48414797,.82747579,.80877519,.5609659,.403009,-.80877519,-.50167024,-.31891349,.80877519,.5609659,.403009,.5609659,.403009,.5609659,.76847583,.48414797,-.50600791,-.76847583,-.40198517,.5609659,.76847583,.48414797,.5609659,.48414797,.403009,.48414797,.82747579,-.43678758,-.42844105,-.82747579,.403009,.48414797,.82747579,.403009,.48414797
Black 2015,.5609659,.403009,-.80877519,-.50167024,-.31891349,.80877519,.5609659,.403009,.80877519,.5609659,.403009,.5609659,.48414797,-.50600791,-.76847583,-.40198517,.5609659,.76847583,.48414797,.5609659,.76847583,.48414797,.403009,.48414797,-.43678758,-.42844105,-.82747579,.403009,.48414797,.82747579,.403009,.48414797,.82747579,-.80877519,-.50600791,-.43678758,.6290108,.49517292,-.80877519,-.50600791,-.43678758,-.80877519,-.50600791,-.43678758,-.50167024,-.76847583,-.42844105,.6290108,.49027258,-.50167024,-.76847583,-.42844105,-.50167024,-.76847583,-.42844105,-.31891349,-.40198517,-.82747579,.49517292,.49027258,-.31891349,-.40198517,-.82747579,-.31891349,-.40198517,-.82747579,.80877519,.5609659,.403009,-.80877519,-.50167024,-.31891349,.5609659,.403009,.80877519,.5609659,.403009,.5609659,.48414797,.48414797,-.50600791,-.76847583,-.40198517,.5609659,.48414797,.5609659,.48414797,.48414797,.403009,.48414797,.82747579,-.43678758,-.42844105,-.82747579,.403009,.48414797,.403009,.48414797,.82747579,.80877519,.5609659,.403009,-.80877519,-.50167024,-.31891349,.80877519,.5609659,.403009,.5609659,.403009,.5609659,.76847583,.48414797,-.50600791,-.76847583,-.40198517,.5609659,.76847583,.48414797,.5609659,.48414797,.403009,.48414797,.82747579,-.43678758,-.42844105,-.82747579,.403009,.48414797,.82747579,.403009,.48414797
Brown 2016,.5609659,.403009,-.80877519,-.50167024,-.31891349,.80877519,.5609659,.403009,.80877519,.5609659,.403009,.5609659,.48414797,-.50600791,-.76847583,-.40198517,.5609659,.76847583,.48414797,.5609659,.76847583,.48414797,.403009,.48414797,-.43678758,-.42844105,-.82747579,.403009,.48414797,.82747579,.403009,.48414797,.82747579,-.80877519,-.50600791,-.43678758,.6290108,.49517292,-.80877519,-.50600791,-.43678758,-.80877519,-.50600791,-.43678758,-.50167024,-.76847583,-.42844105,.6290108,.49027258,-.50167024,-.76847583,-.42844105,-.50167024,-.76847583,-.42844105,-.31891349,-.40198517,-.82747579,.49517292,.49027258,-.31891349,-.40198517,-.82747579,-.31891349,-.40198517,-.82747579,.80877519,.5609659,.403009,-.80877519,-.50167024,-.31891349,.5609659,.403009,.80877519,.5609659,.403009,.5609659,.48414797,.48414797,-.50600791,-.76847583,-.40198517,.5609659,.48414797,.5609659,.48414797,.48414797,.403009,.48414797,.82747579,-.43678758,-.42844105,-.82747579,.403009,.48414797,.403009,.48414797,.82747579,.80877519,.5609659,.403009,-.80877519,-.50167024,-.31891349,.80877519,.5609659,.403009,.5609659,.403009,.5609659,.76847583,.48414797,-.50600791,-.76847583,-.40198517,.5609659,.76847583,.48414797,.5609659,.48414797,.403009,.48414797,.82747579,-.43678758,-.42844105,-.82747579,.403009,.48414797,.82747579,.403009,.48414797
Carmody 2011,.5609659,.403009,-.80877519,-.50167024,-.31891349,.80877519,.5609659,.403009,.80877519,.5609659,.403009,.5609659,.48414797,-.50600791,-.76847583,-.40198517,.5609659,.76847583,.48414797,.5609659,.76847583,.48414797,.403009,.48414797,-.43678758,-.42844105,-.82747579,.403009,.48414797,.82747579,.403009,.48414797,.82747579,-.80877519,-.50600791,-.43678758,.6290108,.49517292,-.80877519,-.50600791,-.43678758,-.80877519,-.50600791,-.43678758,-.50167024,-.76847583,-.42844105,.6290108,.49027258,-.50167024,-.76847583,-.42844105,-.50167024,-.76847583,-.42844105,-.31891349,-.40198517,-.82747579,.49517292,.49027258,-.31891349,-.40198517,-.82747579,-.31891349,-.40198517,-.82747579,.80877519,.5609659,.403009,-.80877519,-.50167024,-.31891349,.5609659,.403009,.80877519,.5609659,.403009,.5609659,.48414797,.48414797,-.50600791,-.76847583,-.40198517,.5609659,.48414797,.5609659,.48414797,.48414797,.403009,.48414797,.82747579,-.43678758,-.42844105,-.82747579,.403009,.48414797,.403009,.48414797,.82747579,.80877519,.5609659,.403009,-.80877519,-.50167024,-.31891349,.80877519,.5609659,.403009,.5609659,.403009,.5609659,.76847583,.48414797,-.50600791,-.76847583,-.40198517,.5609659,.76847583,.48414797,.5609659,.48414797,.403009,.48414797,.82747579,-.43678758,-.42844105,-.82747579,.403009,.48414797,.82747579,.403009,.48414797
Carson 2004,.5609659,.403009,-.80877519,-.50167024,-.31891349,.80877519,.5609659,.403009,.80877519,.5609659,.403009,.5609659,.48414797,-.50600791,-.76847583,-.40198517,.5609659,.76847583,.48414797,.5609659,.76847583,.48414797,.403009,.48414797,-.43678758,-.42844105,-.82747579,.403009,.48414797,.82747579,.403009,.48414797,.82747579,-.80877519,-.50600791,-.43678758,.6290108,.49517292,-.80877519,-.50600791,-.43678758,-.80877519,-.50600791,-.43678758,-.50167024,-.76847583,-.42844105,.6290108,.49027258,-.50167024,-.76847583,-.42844105,-.50167024,-.76847583,-.42844105,-.31891349,-.40198517,-.82747579,.49517292,.49027258,-.31891349,-.40198517,-.82747579,-.31891349,-.40198517,-.82747579,.80877519,.5609659,.403009,-.80877519,-.50167024,-.31891349,.5609659,.403009,.80877519,.5609659,.403009,.5609659,.48414797,.48414797,-.50600791,-.76847583,-.40198517,.5609659,.48414797,.5609659,.48414797,.48414797,.403009,.48414797,.82747579,-.43678758,-.42844105,-.82747579,.403009,.48414797,.403009,.48414797,.82747579,.80877519,.5609659,.403009,-.80877519,-.50167024,-.31891349,.80877519,.5609659,.403009,.5609659,.403009,.5609659,.76847583,.48414797,-.50600791,-.76847583,-.40198517,.5609659,.76847583,.48414797,.5609659,.48414797,.403009,.48414797,.82747579,-.43678758,-.42844105,-.82747579,.403009,.48414797,.82747579,.403009,.48414797
Cerna 2019,.5609659,.403009,-.80877519,-.50167024,-.31891349,.80877519,.5609659,.403009,.80877519,.5609659,.403009,.5609659,.48414797,-.50600791,-.76847583,-.40198517,.5609659,.76847583,.48414797,.5609659,.76847583,.48414797,.403009,.48414797,-.43678758,-.42844105,-.82747579,.403009,.48414797,.82747579,.403009,.48414797,.82747579,-.80877519,-.50600791,-.43678758,.6290108,.49517292,-.80877519,-.50600791,-.43678758,-.80877519,-.50600791,-.43678758,-.50167024,-.76847583,-.42844105,.6290108,.49027258,-.50167024,-.76847583,-.42844105,-.50167024,-.76847583,-.42844105,-.31891349,-.40198517,-.82747579,.49517292,.49027258,-.31891349,-.40198517,-.82747579,-.31891349,-.40198517,-.82747579,.80877519,.5609659,.403009,-.80877519,-.50167024,-.31891349,.5609659,.403009,.80877519,.5609659,.403009,.5609659,.48414797,.48414797,-.50600791,-.76847583,-.40198517,.5609659,.48414797,.5609659,.48414797,.48414797,.403009,.48414797,.82747579,-.43678758,-.42844105,-.82747579,.403009,.48414797,.403009,.48414797,.82747579,.80877519,.5609659,.403009,-.80877519,-.50167024,-.31891349,.80877519,.5609659,.403009,.5609659,.403009,.5609659,.76847583,.48414797,-.50600791,-.76847583,-.40198517,.5609659,.76847583,.48414797,.5609659,.48414797,.403009,.48414797,.82747579,-.43678758,-.42844105,-.82747579,.403009,.48414797,.82747579,.403009,.48414797
Christopher 2018,.5609659,.403009,-.80877519,-.50167024,-.31891349,.80877519,.5609659,.403009,.80877519,.5609659,.403009,.5609659,.48414797,-.50600791,-.76847583,-.40198517,.5609659,.76847583,.48414797,.5609659,.76847583,.48414797,.403009,.48414797,-.43678758,-.42844105,-.82747579,.403009,.48414797,.82747579,.403009,.48414797,.82747579,-.80877519,-.50600791,-.43678758,.6290108,.49517292,-.80877519,-.50600791,-.43678758,-.80877519,-.50600791,-.43678758,-.50167024,-.76847583,-.42844105,.6290108,.49027258,-.50167024,-.76847583,-.42844105,-.50167024,-.76847583,-.42844105,-.31891349,-.40198517,-.82747579,.49517292,.49027258,-.31891349,-.40198517,-.82747579,-.31891349,-.40198517,-.82747579,.80877519,.5609659,.403009,-.80877519,-.50167024,-.31891349,.5609659,.403009,.80877519,.5609659,.403009,.5609659,.48414797,.48414797,-.50600791,-.76847583,-.40198517,.5609659,.48414797,.5609659,.48414797,.48414797,.403009,.48414797,.82747579,-.43678758,-.42844105,-.82747579,.403009,.48414797,.403009,.48414797,.82747579,.80877519,.5609659,.403009,-.80877519,-.50167024,-.31891349,.80877519,.5609659,.403009,.5609659,.403009,.5609659,.76847583,.48414797,-.50600791,-.76847583,-.40198517,.5609659,.76847583,.48414797,.5609659,.48414797,.403009,.48414797,.82747579,-.43678758,-.42844105,-.82747579,.403009,.48414797,.82747579,.403009,.48414797
Cohen-Katz 2004,.5609659,.403009,-.80877519,-.50167024,-.31891349,.80877519,.5609659,.403009,.80877519,.5609659,.403009,.5609659,.48414797,-.50600791,-.76847583,-.40198517,.5609659,.76847583,.48414797,.5609659,.76847583,.48414797,.403009,.48414797,-.43678758,-.42844105,-.82747579,.403009,.48414797,.82747579,.403009,.48414797,.82747579,-.80877519,-.50600791,-.43678758,.6290108,.49517292,-.80877519,-.50600791,-.43678758,-.80877519,-.50600791,-.43678758,-.50167024,-.76847583,-.42844105,.6290108,.49027258,-.50167024,-.76847583,-.42844105,-.50167024,-.76847583,-.42844105,-.31891349,-.40198517,-.82747579,.49517292,.49027258,-.31891349,-.40198517,-.82747579,-.31891349,-.40198517,-.82747579,.80877519,.5609659,.403009,-.80877519,-.50167024,-.31891349,.5609659,.403009,.80877519,.5609659,.403009,.5609659,.48414797,.48414797,-.50600791,-.76847583,-.40198517,.5609659,.48414797,.5609659,.48414797,.48414797,.403009,.48414797,.82747579,-.43678758,-.42844105,-.82747579,.403009,.48414797,.403009,.48414797,.82747579,.80877519,.5609659,.403009,-.80877519,-.50167024,-.31891349,.80877519,.5609659,.403009,.5609659,.403009,.5609659,.76847583,.48414797,-.50600791,-.76847583,-.40198517,.5609659,.76847583,.48414797,.5609659,.48414797,.403009,.48414797,.82747579,-.43678758,-.42844105,-.82747579,.403009,.48414797,.82747579,.403009,.48414797
Corsica 2014,.5609659,.403009,-.80877519,-.50167024,-.31891349,.80877519,.5609659,.403009,.80877519,.5609659,.403009,.5609659,.48414797,-.50600791,-.76847583,-.40198517,.5609659,.76847583,.48414797,.5609659,.76847583,.48414797,.403009,.48414797,-.43678758,-.42844105,-.82747579,.403009,.48414797,.82747579,.403009,.48414797,.82747579,-.80877519,-.50600791,-.43678758,.6290108,.49517292,-.80877519,-.50600791,-.43678758,-.80877519,-.50600791,-.43678758,-.50167024,-.76847583,-.42844105,.6290108,.49027258,-.50167024,-.76847583,-.42844105,-.50167024,-.76847583,-.42844105,-.31891349,-.40198517,-.82747579,.49517292,.49027258,-.31891349,-.40198517,-.82747579,-.31891349,-.40198517,-.82747579,.80877519,.5609659,.403009,-.80877519,-.50167024,-.31891349,.5609659,.403009,.80877519,.5609659,.403009,.5609659,.48414797,.48414797,-.50600791,-.76847583,-.40198517,.5609659,.48414797,.5609659,.48414797,.48414797,.403009,.48414797,.82747579,-.43678758,-.42844105,-.82747579,.403009,.48414797,.403009,.48414797,.82747579,.80877519,.5609659,.403009,-.80877519,-.50167024,-.31891349,.80877519,.5609659,.403009,.5609659,.403009,.5609659,.76847583,.48414797,-.50600791,-.76847583,-.40198517,.5609659,.76847583,.48414797,.5609659,.48414797,.403009,.48414797,.82747579,-.43678758,-.42844105,-.82747579,.403009,.48414797,.82747579,.403009,.48414797
Cousin 2016,.5609659,.403009,-.80877519,-.50167024,-.31891349,.80877519,.5609659,.403009,.80877519,.5609659,.403009,.5609659,.48414797,-.50600791,-.76847583,-.40198517,.5609659,.76847583,.48414797,.5609659,.76847583,.48414797,.403009,.48414797,-.43678758,-.42844105,-.82747579,.403009,.48414797,.82747579,.403009,.48414797,.82747579,-.80877519,-.50600791,-.43678758,.6290108,.49517292,-.80877519,-.50600791,-.43678758,-.80877519,-.50600791,-.43678758,-.50167024,-.76847583,-.42844105,.6290108,.49027258,-.50167024,-.76847583,-.42844105,-.50167024,-.76847583,-.42844105,-.31891349,-.40198517,-.82747579,.49517292,.49027258,-.31891349,-.40198517,-.82747579,-.31891349,-.40198517,-.82747579,.80877519,.5609659,.403009,-.80877519,-.50167024,-.31891349,.5609659,.403009,.80877519,.5609659,.403009,.5609659,.48414797,.48414797,-.50600791,-.76847583,-.40198517,.5609659,.48414797,.5609659,.48414797,.48414797,.403009,.48414797,.82747579,-.43678758,-.42844105,-.82747579,.403009,.48414797,.403009,.48414797,.82747579,.80877519,.5609659,.403009,-.80877519,-.50167024,-.31891349,.80877519,.5609659,.403009,.5609659,.403009,.5609659,.76847583,.48414797,-.50600791,-.76847583,-.40198517,.5609659,.76847583,.48414797,.5609659,.48414797,.403009,.48414797,.82747579,-.43678758,-.42844105,-.82747579,.403009,.48414797,.82747579,.403009,.48414797
DamiaoNeto 2019,.5609659,.403009,-.80877519,-.50167024,-.31891349,.80877519,.5609659,.403009,.80877519,.5609659,.403009,.5609659,.48414797,-.50600791,-.76847583,-.40198517,.5609659,.76847583,.48414797,.5609659,.76847583,.48414797,.403009,.48414797,-.43678758,-.42844105,-.82747579,.403009,.48414797,.82747579,.403009,.48414797,.82747579,-.80877519,-.50600791,-.43678758,.6290108,.49517292,-.80877519,-.50600791,-.43678758,-.80877519,-.50600791,-.43678758,-.50167024,-.76847583,-.42844105,.6290108,.49027258,-.50167024,-.76847583,-.42844105,-.50167024,-.76847583,-.42844105,-.31891349,-.40198517,-.82747579,.49517292,.49027258,-.31891349,-.40198517,-.82747579,-.31891349,-.40198517,-.82747579,.80877519,.5609659,.403009,-.80877519,-.50167024,-.31891349,.5609659,.403009,.80877519,.5609659,.403009,.5609659,.48414797,.48414797,-.50600791,-.76847583,-.40198517,.5609659,.48414797,.5609659,.48414797,.48414797,.403009,.48414797,.82747579,-.43678758,-.42844105,-.82747579,.403009,.48414797,.403009,.48414797,.82747579,.80877519,.5609659,.403009,-.80877519,-.50167024,-.31891349,.80877519,.5609659,.403009,.5609659,.403009,.5609659,.76847583,.48414797,-.50600791,-.76847583,-.40198517,.5609659,.76847583,.48414797,.5609659,.48414797,.403009,.48414797,.82747579,-.43678758,-.42844105,-.82747579,.403009,.48414797,.82747579,.403009,.48414797
Davidson 2003,.5609659,.403009,-.80877519,-.50167024,-.31891349,.80877519,.5609659,.403009,.80877519,.5609659,.403009,.5609659,.48414797,-.50600791,-.76847583,-.40198517,.5609659,.76847583,.48414797,.5609659,.76847583,.48414797,.403009,.48414797,-.43678758,-.42844105,-.82747579,.403009,.48414797,.82747579,.403009,.48414797,.82747579,-.80877519,-.50600791,-.43678758,.6290108,.49517292,-.80877519,-.50600791,-.43678758,-.80877519,-.50600791,-.43678758,-.50167024,-.76847583,-.42844105,.6290108,.49027258,-.50167024,-.76847583,-.42844105,-.50167024,-.76847583,-.42844105,-.31891349,-.40198517,-.82747579,.49517292,.49027258,-.31891349,-.40198517,-.82747579,-.31891349,-.40198517,-.82747579,.80877519,.5609659,.403009,-.80877519,-.50167024,-.31891349,.5609659,.403009,.80877519,.5609659,.403009,.5609659,.48414797,.48414797,-.50600791,-.76847583,-.40198517,.5609659,.48414797,.5609659,.48414797,.48414797,.403009,.48414797,.82747579,-.43678758,-.42844105,-.82747579,.403009,.48414797,.403009,.48414797,.82747579,.80877519,.5609659,.403009,-.80877519,-.50167024,-.31891349,.80877519,.5609659,.403009,.5609659,.403009,.5609659,.76847583,.48414797,-.50600791,-.76847583,-.40198517,.5609659,.76847583,.48414797,.5609659,.48414797,.403009,.48414797,.82747579,-.43678758,-.42844105,-.82747579,.403009,.48414797,.82747579,.403009,.48414797
DeVibe 2013,.5609659,.403009,-.80877519,-.50167024,-.31891349,.80877519,.5609659,.403009,.80877519,.5609659,.403009,.5609659,.48414797,-.50600791,-.76847583,-.40198517,.5609659,.76847583,.48414797,.5609659,.76847583,.48414797,.403009,.48414797,-.43678758,-.42844105,-.82747579,.403009,.48414797,.82747579,.403009,.48414797,.82747579,-.80877519,-.50600791,-.43678758,.6290108,.49517292,-.80877519,-.50600791,-.43678758,-.80877519,-.50600791,-.43678758,-.50167024,-.76847583,-.42844105,.6290108,.49027258,-.50167024,-.76847583,-.42844105,-.50167024,-.76847583,-.42844105,-.31891349,-.40198517,-.82747579,.49517292,.49027258,-.31891349,-.40198517,-.82747579,-.31891349,-.40198517,-.82747579,.80877519,.5609659,.403009,-.80877519,-.50167024,-.31891349,.5609659,.403009,.80877519,.5609659,.403009,.5609659,.48414797,.48414797,-.50600791,-.76847583,-.40198517,.5609659,.48414797,.5609659,.48414797,.48414797,.403009,.48414797,.82747579,-.43678758,-.42844105,-.82747579,.403009,.48414797,.403009,.48414797,.82747579,.80877519,.5609659,.403009,-.80877519,-.50167024,-.31891349,.80877519,.5609659,.403009,.5609659,.403009,.5609659,.76847583,.48414797,-.50600791,-.76847583,-.40198517,.5609659,.76847583,.48414797,.5609659,.48414797,.403009,.48414797,.82747579,-.43678758,-.42844105,-.82747579,.403009,.48414797,.82747579,.403009,.48414797
Delgado 2010,.5609659,.403009,-.80877519,-.50167024,-.31891349,.80877519,.5609659,.403009,.80877519,.5609659,.403009,.5609659,.48414797,-.50600791,-.76847583,-.40198517,.5609659,.76847583,.48414797,.5609659,.76847583,.48414797,.403009,.48414797,-.43678758,-.42844105,-.82747579,.403009,.48414797,.82747579,.403009,.48414797,.82747579,-.80877519,-.50600791,-.43678758,.6290108,.49517292,-.80877519,-.50600791,-.43678758,-.80877519,-.50600791,-.43678758,-.50167024,-.76847583,-.42844105,.6290108,.49027258,-.50167024,-.76847583,-.42844105,-.50167024,-.76847583,-.42844105,-.31891349,-.40198517,-.82747579,.49517292,.49027258,-.31891349,-.40198517,-.82747579,-.31891349,-.40198517,-.82747579,.80877519,.5609659,.403009,-.80877519,-.50167024,-.31891349,.5609659,.403009,.80877519,.5609659,.403009,.5609659,.48414797,.48414797,-.50600791,-.76847583,-.40198517,.5609659,.48414797,.5609659,.48414797,.48414797,.403009,.48414797,.82747579,-.43678758,-.42844105,-.82747579,.403009,.48414797,.403009,.48414797,.82747579,.80877519,.5609659,.403009,-.80877519,-.50167024,-.31891349,.80877519,.5609659,.403009,.5609659,.403009,.5609659,.76847583,.48414797,-.50600791,-.76847583,-.40198517,.5609659,.76847583,.48414797,.5609659,.48414797,.403009,.48414797,.82747579,-.43678758,-.42844105,-.82747579,.403009,.48414797,.82747579,.403009,.48414797
Delgado-Pastor 2015,.5609659,.403009,-.80877519,-.50167024,-.31891349,.80877519,.5609659,.403009,.80877519,.5609659,.403009,.5609659,.48414797,-.50600791,-.76847583,-.40198517,.5609659,.76847583,.48414797,.5609659,.76847583,.48414797,.403009,.48414797,-.43678758,-.42844105,-.82747579,.403009,.48414797,.82747579,.403009,.48414797,.82747579,-.80877519,-.50600791,-.43678758,.6290108,.49517292,-.80877519,-.50600791,-.43678758,-.80877519,-.50600791,-.43678758,-.50167024,-.76847583,-.42844105,.6290108,.49027258,-.50167024,-.76847583,-.42844105,-.50167024,-.76847583,-.42844105,-.31891349,-.40198517,-.82747579,.49517292,.49027258,-.31891349,-.40198517,-.82747579,-.31891349,-.40198517,-.82747579,.80877519,.5609659,.403009,-.80877519,-.50167024,-.31891349,.5609659,.403009,.80877519,.5609659,.403009,.5609659,.48414797,.48414797,-.50600791,-.76847583,-.40198517,.5609659,.48414797,.5609659,.48414797,.48414797,.403009,.48414797,.82747579,-.43678758,-.42844105,-.82747579,.403009,.48414797,.403009,.48414797,.82747579,.80877519,.5609659,.403009,-.80877519,-.50167024,-.31891349,.80877519,.5609659,.403009,.5609659,.403009,.5609659,.76847583,.48414797,-.50600791,-.76847583,-.40198517,.5609659,.76847583,.48414797,.5609659,.48414797,.403009,.48414797,.82747579,-.43678758,-.42844105,-.82747579,.403009,.48414797,.82747579,.403009,.48414797
Desbordes 2012,.5609659,.403009,-.80877519,-.50167024,-.31891349,.80877519,.5609659,.403009,.80877519,.5609659,.403009,.5609659,.48414797,-.50600791,-.76847583,-.40198517,.5609659,.76847583,.48414797,.5609659,.76847583,.48414797,.403009,.48414797,-.43678758,-.42844105,-.82747579,.403009,.48414797,.82747579,.403009,.48414797,.82747579,-.80877519,-.50600791,-.43678758,.6290108,.49517292,-.80877519,-.50600791,-.43678758,-.80877519,-.50600791,-.43678758,-.50167024,-.76847583,-.42844105,.6290108,.49027258,-.50167024,-.76847583,-.42844105,-.50167024,-.76847583,-.42844105,-.31891349,-.40198517,-.82747579,.49517292,.49027258,-.31891349,-.40198517,-.82747579,-.31891349,-.40198517,-.82747579,.80877519,.5609659,.403009,-.80877519,-.50167024,-.31891349,.5609659,.403009,.80877519,.5609659,.403009,.5609659,.48414797,.48414797,-.50600791,-.76847583,-.40198517,.5609659,.48414797,.5609659,.48414797,.48414797,.403009,.48414797,.82747579,-.43678758,-.42844105,-.82747579,.403009,.48414797,.403009,.48414797,.82747579,.80877519,.5609659,.403009,-.80877519,-.50167024,-.31891349,.80877519,.5609659,.403009,.5609659,.403009,.5609659,.76847583,.48414797,-.50600791,-.76847583,-.40198517,.5609659,.76847583,.48414797,.5609659,.48414797,.403009,.48414797,.82747579,-.43678758,-.42844105,-.82747579,.403009,.48414797,.82747579,.403009,.48414797
Duncan 2017,.5609659,.403009,-.80877519,-.50167024,-.31891349,.80877519,.5609659,.403009,.80877519,.5609659,.403009,.5609659,.48414797,-.50600791,-.76847583,-.40198517,.5609659,.76847583,.48414797,.5609659,.76847583,.48414797,.403009,.48414797,-.43678758,-.42844105,-.82747579,.403009,.48414797,.82747579,.403009,.48414797,.82747579,-.80877519,-.50600791,-.43678758,.6290108,.49517292,-.80877519,-.50600791,-.43678758,-.80877519,-.50600791,-.43678758,-.50167024,-.76847583,-.42844105,.6290108,.49027258,-.50167024,-.76847583,-.42844105,-.50167024,-.76847583,-.42844105,-.31891349,-.40198517,-.82747579,.49517292,.49027258,-.31891349,-.40198517,-.82747579,-.31891349,-.40198517,-.82747579,.80877519,.5609659,.403009,-.80877519,-.50167024,-.31891349,.5609659,.403009,.80877519,.5609659,.403009,.5609659,.48414797,.48414797,-.50600791,-.76847583,-.40198517,.5609659,.48414797,.5609659,.48414797,.48414797,.403009,.48414797,.82747579,-.43678758,-.42844105,-.82747579,.403009,.48414797,.403009,.48414797,.82747579,.80877519,.5609659,.403009,-.80877519,-.50167024,-.31891349,.80877519,.5609659,.403009,.5609659,.403009,.5609659,.76847583,.48414797,-.50600791,-.76847583,-.40198517,.5609659,.76847583,.48414797,.5609659,.48414797,.403009,.48414797,.82747579,-.43678758,-.42844105,-.82747579,.403009,.48414797,.82747579,.403009,.48414797
Dvorakova 2017,.5609659,.403009,-.80877519,-.50167024,-.31891349,.80877519,.5609659,.403009,.80877519,.5609659,.403009,.5609659,.48414797,-.50600791,-.76847583,-.40198517,.5609659,.76847583,.48414797,.5609659,.76847583,.48414797,.403009,.48414797,-.43678758,-.42844105,-.82747579,.403009,.48414797,.82747579,.403009,.48414797,.82747579,-.80877519,-.50600791,-.43678758,.6290108,.49517292,-.80877519,-.50600791,-.43678758,-.80877519,-.50600791,-.43678758,-.50167024,-.76847583,-.42844105,.6290108,.49027258,-.50167024,-.76847583,-.42844105,-.50167024,-.76847583,-.42844105,-.31891349,-.40198517,-.82747579,.49517292,.49027258,-.31891349,-.40198517,-.82747579,-.31891349,-.40198517,-.82747579,.80877519,.5609659,.403009,-.80877519,-.50167024,-.31891349,.5609659,.403009,.80877519,.5609659,.403009,.5609659,.48414797,.48414797,-.50600791,-.76847583,-.40198517,.5609659,.48414797,.5609659,.48414797,.48414797,.403009,.48414797,.82747579,-.43678758,-.42844105,-.82747579,.403009,.48414797,.403009,.48414797,.82747579,.80877519,.5609659,.403009,-.80877519,-.50167024,-.31891349,.80877519,.5609659,.403009,.5609659,.403009,.5609659,.76847583,.48414797,-.50600791,-.76847583,-.40198517,.5609659,.76847583,.48414797,.5609659,.48414797,.403009,.48414797,.82747579,-.43678758,-.42844105,-.82747579,.403009,.48414797,.82747579,.403009,.48414797
Dykens 2014,.5609659,.403009,-.80877519,-.50167024,-.31891349,.80877519,.5609659,.403009,.80877519,.5609659,.403009,.5609659,.48414797,-.50600791,-.76847583,-.40198517,.5609659,.76847583,.48414797,.5609659,.76847583,.48414797,.403009,.48414797,-.43678758,-.42844105,-.82747579,.403009,.48414797,.82747579,.403009,.48414797,.82747579,-.80877519,-.50600791,-.43678758,.6290108,.49517292,-.80877519,-.50600791,-.43678758,-.80877519,-.50600791,-.43678758,-.50167024,-.76847583,-.42844105,.6290108,.49027258,-.50167024,-.76847583,-.42844105,-.50167024,-.76847583,-.42844105,-.31891349,-.40198517,-.82747579,.49517292,.49027258,-.31891349,-.40198517,-.82747579,-.31891349,-.40198517,-.82747579,.80877519,.5609659,.403009,-.80877519,-.50167024,-.31891349,.5609659,.403009,.80877519,.5609659,.403009,.5609659,.48414797,.48414797,-.50600791,-.76847583,-.40198517,.5609659,.48414797,.5609659,.48414797,.48414797,.403009,.48414797,.82747579,-.43678758,-.42844105,-.82747579,.403009,.48414797,.403009,.48414797,.82747579,.80877519,.5609659,.403009,-.80877519,-.50167024,-.31891349,.80877519,.5609659,.403009,.5609659,.403009,.5609659,.76847583,.48414797,-.50600791,-.76847583,-.40198517,.5609659,.76847583,.48414797,.5609659,.48414797,.403009,.48414797,.82747579,-.43678758,-.42844105,-.82747579,.403009,.48414797,.82747579,.403009,.48414797
Dziok 2010,.5609659,.403009,-.80877519,-.50167024,-.31891349,.80877519,.5609659,.403009,.80877519,.5609659,.403009,.5609659,.48414797,-.50600791,-.76847583,-.40198517,.5609659,.76847583,.48414797,.5609659,.76847583,.48414797,.403009,.48414797,-.43678758,-.42844105,-.82747579,.403009,.48414797,.82747579,.403009,.48414797,.82747579,-.80877519,-.50600791,-.43678758,.6290108,.49517292,-.80877519,-.50600791,-.43678758,-.80877519,-.50600791,-.43678758,-.50167024,-.76847583,-.42844105,.6290108,.49027258,-.50167024,-.76847583,-.42844105,-.50167024,-.76847583,-.42844105,-.31891349,-.40198517,-.82747579,.49517292,.49027258,-.31891349,-.40198517,-.82747579,-.31891349,-.40198517,-.82747579,.80877519,.5609659,.403009,-.80877519,-.50167024,-.31891349,.5609659,.403009,.80877519,.5609659,.403009,.5609659,.48414797,.48414797,-.50600791,-.76847583,-.40198517,.5609659,.48414797,.5609659,.48414797,.48414797,.403009,.48414797,.82747579,-.43678758,-.42844105,-.82747579,.403009,.48414797,.403009,.48414797,.82747579,.80877519,.5609659,.403009,-.80877519,-.50167024,-.31891349,.80877519,.5609659,.403009,.5609659,.403009,.5609659,.76847583,.48414797,-.50600791,-.76847583,-.40198517,.5609659,.76847583,.48414797,.5609659,.48414797,.403009,.48414797,.82747579,-.43678758,-.42844105,-.82747579,.403009,.48414797,.82747579,.403009,.48414797
Ferraioli 2013,.5609659,.403009,-.80877519,-.50167024,-.31891349,.80877519,.5609659,.403009,.80877519,.5609659,.403009,.5609659,.48414797,-.50600791,-.76847583,-.40198517,.5609659,.76847583,.48414797,.5609659,.76847583,.48414797,.403009,.48414797,-.43678758,-.42844105,-.82747579,.403009,.48414797,.82747579,.403009,.48414797,.82747579,-.80877519,-.50600791,-.43678758,.6290108,.49517292,-.80877519,-.50600791,-.43678758,-.80877519,-.50600791,-.43678758,-.50167024,-.76847583,-.42844105,.6290108,.49027258,-.50167024,-.76847583,-.42844105,-.50167024,-.76847583,-.42844105,-.31891349,-.40198517,-.82747579,.49517292,.49027258,-.31891349,-.40198517,-.82747579,-.31891349,-.40198517,-.82747579,.80877519,.5609659,.403009,-.80877519,-.50167024,-.31891349,.5609659,.403009,.80877519,.5609659,.403009,.5609659,.48414797,.48414797,-.50600791,-.76847583,-.40198517,.5609659,.48414797,.5609659,.48414797,.48414797,.403009,.48414797,.82747579,-.43678758,-.42844105,-.82747579,.403009,.48414797,.403009,.48414797,.82747579,.80877519,.5609659,.403009,-.80877519,-.50167024,-.31891349,.80877519,.5609659,.403009,.5609659,.403009,.5609659,.76847583,.48414797,-.50600791,-.76847583,-.40198517,.5609659,.76847583,.48414797,.5609659,.48414797,.403009,.48414797,.82747579,-.43678758,-.42844105,-.82747579,.403009,.48414797,.82747579,.403009,.48414797
Fiocco 2018,.5609659,.403009,-.80877519,-.50167024,-.31891349,.80877519,.5609659,.403009,.80877519,.5609659,.403009,.5609659,.48414797,-.50600791,-.76847583,-.40198517,.5609659,.76847583,.48414797,.5609659,.76847583,.48414797,.403009,.48414797,-.43678758,-.42844105,-.82747579,.403009,.48414797,.82747579,.403009,.48414797,.82747579,-.80877519,-.50600791,-.43678758,.6290108,.49517292,-.80877519,-.50600791,-.43678758,-.80877519,-.50600791,-.43678758,-.50167024,-.76847583,-.42844105,.6290108,.49027258,-.50167024,-.76847583,-.42844105,-.50167024,-.76847583,-.42844105,-.31891349,-.40198517,-.82747579,.49517292,.49027258,-.31891349,-.40198517,-.82747579,-.31891349,-.40198517,-.82747579,.80877519,.5609659,.403009,-.80877519,-.50167024,-.31891349,.5609659,.403009,.80877519,.5609659,.403009,.5609659,.48414797,.48414797,-.50600791,-.76847583,-.40198517,.5609659,.48414797,.5609659,.48414797,.48414797,.403009,.48414797,.82747579,-.43678758,-.42844105,-.82747579,.403009,.48414797,.403009,.48414797,.82747579,.80877519,.5609659,.403009,-.80877519,-.50167024,-.31891349,.80877519,.5609659,.403009,.5609659,.403009,.5609659,.76847583,.48414797,-.50600791,-.76847583,-.40198517,.5609659,.76847583,.48414797,.5609659,.48414797,.403009,.48414797,.82747579,-.43678758,-.42844105,-.82747579,.403009,.48414797,.82747579,.403009,.48414797
Flook 2013,.5609659,.403009,-.80877519,-.50167024,-.31891349,.80877519,.5609659,.403009,.80877519,.5609659,.403009,.5609659,.48414797,-.50600791,-.76847583,-.40198517,.5609659,.76847583,.48414797,.5609659,.76847583,.48414797,.403009,.48414797,-.43678758,-.42844105,-.82747579,.403009,.48414797,.82747579,.403009,.48414797,.82747579,-.80877519,-.50600791,-.43678758,.6290108,.49517292,-.80877519,-.50600791,-.43678758,-.80877519,-.50600791,-.43678758,-.50167024,-.76847583,-.42844105,.6290108,.49027258,-.50167024,-.76847583,-.42844105,-.50167024,-.76847583,-.42844105,-.31891349,-.40198517,-.82747579,.49517292,.49027258,-.31891349,-.40198517,-.82747579,-.31891349,-.40198517,-.82747579,.80877519,.5609659,.403009,-.80877519,-.50167024,-.31891349,.5609659,.403009,.80877519,.5609659,.403009,.5609659,.48414797,.48414797,-.50600791,-.76847583,-.40198517,.5609659,.48414797,.5609659,.48414797,.48414797,.403009,.48414797,.82747579,-.43678758,-.42844105,-.82747579,.403009,.48414797,.403009,.48414797,.82747579,.80877519,.5609659,.403009,-.80877519,-.50167024,-.31891349,.80877519,.5609659,.403009,.5609659,.403009,.5609659,.76847583,.48414797,-.50600791,-.76847583,-.40198517,.5609659,.76847583,.48414797,.5609659,.48414797,.403009,.48414797,.82747579,-.43678758,-.42844105,-.82747579,.403009,.48414797,.82747579,.403009,.48414797
Frisvold 2009,.5609659,.403009,-.80877519,-.50167024,-.31891349,.80877519,.5609659,.403009,.80877519,.5609659,.403009,.5609659,.48414797,-.50600791,-.76847583,-.40198517,.5609659,.76847583,.48414797,.5609659,.76847583,.48414797,.403009,.48414797,-.43678758,-.42844105,-.82747579,.403009,.48414797,.82747579,.403009,.48414797,.82747579,-.80877519,-.50600791,-.43678758,.6290108,.49517292,-.80877519,-.50600791,-.43678758,-.80877519,-.50600791,-.43678758,-.50167024,-.76847583,-.42844105,.6290108,.49027258,-.50167024,-.76847583,-.42844105,-.50167024,-.76847583,-.42844105,-.31891349,-.40198517,-.82747579,.49517292,.49027258,-.31891349,-.40198517,-.82747579,-.31891349,-.40198517,-.82747579,.80877519,.5609659,.403009,-.80877519,-.50167024,-.31891349,.5609659,.403009,.80877519,.5609659,.403009,.5609659,.48414797,.48414797,-.50600791,-.76847583,-.40198517,.5609659,.48414797,.5609659,.48414797,.48414797,.403009,.48414797,.82747579,-.43678758,-.42844105,-.82747579,.403009,.48414797,.403009,.48414797,.82747579,.80877519,.5609659,.403009,-.80877519,-.50167024,-.31891349,.80877519,.5609659,.403009,.5609659,.403009,.5609659,.76847583,.48414797,-.50600791,-.76847583,-.40198517,.5609659,.76847583,.48414797,.5609659,.48414797,.403009,.48414797,.82747579,-.43678758,-.42844105,-.82747579,.403009,.48414797,.82747579,.403009,.48414797
Galante 2018,.5609659,.403009,-.80877519,-.50167024,-.31891349,.80877519,.5609659,.403009,.80877519,.5609659,.403009,.5609659,.48414797,-.50600791,-.76847583,-.40198517,.5609659,.76847583,.48414797,.5609659,.76847583,.48414797,.403009,.48414797,-.43678758,-.42844105,-.82747579,.403009,.48414797,.82747579,.403009,.48414797,.82747579,-.80877519,-.50600791,-.43678758,.6290108,.49517292,-.80877519,-.50600791,-.43678758,-.80877519,-.50600791,-.43678758,-.50167024,-.76847583,-.42844105,.6290108,.49027258,-.50167024,-.76847583,-.42844105,-.50167024,-.76847583,-.42844105,-.31891349,-.40198517,-.82747579,.49517292,.49027258,-.31891349,-.40198517,-.82747579,-.31891349,-.40198517,-.82747579,.80877519,.5609659,.403009,-.80877519,-.50167024,-.31891349,.5609659,.403009,.80877519,.5609659,.403009,.5609659,.48414797,.48414797,-.50600791,-.76847583,-.40198517,.5609659,.48414797,.5609659,.48414797,.48414797,.403009,.48414797,.82747579,-.43678758,-.42844105,-.82747579,.403009,.48414797,.403009,.48414797,.82747579,.80877519,.5609659,.403009,-.80877519,-.50167024,-.31891349,.80877519,.5609659,.403009,.5609659,.403009,.5609659,.76847583,.48414797,-.50600791,-.76847583,-.40198517,.5609659,.76847583,.48414797,.5609659,.48414797,.403009,.48414797,.82747579,-.43678758,-.42844105,-.82747579,.403009,.48414797,.82747579,.403009,.48414797
Gallego 2014,.5609659,.403009,-.80877519,-.50167024,-.31891349,.80877519,.5609659,.403009,.80877519,.5609659,.403009,.5609659,.48414797,-.50600791,-.76847583,-.40198517,.5609659,.76847583,.48414797,.5609659,.76847583,.48414797,.403009,.48414797,-.43678758,-.42844105,-.82747579,.403009,.48414797,.82747579,.403009,.48414797,.82747579,-.80877519,-.50600791,-.43678758,.6290108,.49517292,-.80877519,-.50600791,-.43678758,-.80877519,-.50600791,-.43678758,-.50167024,-.76847583,-.42844105,.6290108,.49027258,-.50167024,-.76847583,-.42844105,-.50167024,-.76847583,-.42844105,-.31891349,-.40198517,-.82747579,.49517292,.49027258,-.31891349,-.40198517,-.82747579,-.31891349,-.40198517,-.82747579,.80877519,.5609659,.403009,-.80877519,-.50167024,-.31891349,.5609659,.403009,.80877519,.5609659,.403009,.5609659,.48414797,.48414797,-.50600791,-.76847583,-.40198517,.5609659,.48414797,.5609659,.48414797,.48414797,.403009,.48414797,.82747579,-.43678758,-.42844105,-.82747579,.403009,.48414797,.403009,.48414797,.82747579,.80877519,.5609659,.403009,-.80877519,-.50167024,-.31891349,.80877519,.5609659,.403009,.5609659,.403009,.5609659,.76847583,.48414797,-.50600791,-.76847583,-.40198517,.5609659,.76847583,.48414797,.5609659,.48414797,.403009,.48414797,.82747579,-.43678758,-.42844105,-.82747579,.403009,.48414797,.82747579,.403009,.48414797
Gambrel 2015,.5609659,.403009,-.80877519,-.50167024,-.31891349,.80877519,.5609659,.403009,.80877519,.5609659,.403009,.5609659,.48414797,-.50600791,-.76847583,-.40198517,.5609659,.76847583,.48414797,.5609659,.76847583,.48414797,.403009,.48414797,-.43678758,-.42844105,-.82747579,.403009,.48414797,.82747579,.403009,.48414797,.82747579,-.80877519,-.50600791,-.43678758,.6290108,.49517292,-.80877519,-.50600791,-.43678758,-.80877519,-.50600791,-.43678758,-.50167024,-.76847583,-.42844105,.6290108,.49027258,-.50167024,-.76847583,-.42844105,-.50167024,-.76847583,-.42844105,-.31891349,-.40198517,-.82747579,.49517292,.49027258,-.31891349,-.40198517,-.82747579,-.31891349,-.40198517,-.82747579,.80877519,.5609659,.403009,-.80877519,-.50167024,-.31891349,.5609659,.403009,.80877519,.5609659,.403009,.5609659,.48414797,.48414797,-.50600791,-.76847583,-.40198517,.5609659,.48414797,.5609659,.48414797,.48414797,.403009,.48414797,.82747579,-.43678758,-.42844105,-.82747579,.403009,.48414797,.403009,.48414797,.82747579,.80877519,.5609659,.403009,-.80877519,-.50167024,-.31891349,.80877519,.5609659,.403009,.5609659,.403009,.5609659,.76847583,.48414797,-.50600791,-.76847583,-.40198517,.5609659,.76847583,.48414797,.5609659,.48414797,.403009,.48414797,.82747579,-.43678758,-.42844105,-.82747579,.403009,.48414797,.82747579,.403009,.48414797
Glass 2019,.5609659,.403009,-.80877519,-.50167024,-.31891349,.80877519,.5609659,.403009,.80877519,.5609659,.403009,.5609659,.48414797,-.50600791,-.76847583,-.40198517,.5609659,.76847583,.48414797,.5609659,.76847583,.48414797,.403009,.48414797,-.43678758,-.42844105,-.82747579,.403009,.48414797,.82747579,.403009,.48414797,.82747579,-.80877519,-.50600791,-.43678758,.6290108,.49517292,-.80877519,-.50600791,-.43678758,-.80877519,-.50600791,-.43678758,-.50167024,-.76847583,-.42844105,.6290108,.49027258,-.50167024,-.76847583,-.42844105,-.50167024,-.76847583,-.42844105,-.31891349,-.40198517,-.82747579,.49517292,.49027258,-.31891349,-.40198517,-.82747579,-.31891349,-.40198517,-.82747579,.80877519,.5609659,.403009,-.80877519,-.50167024,-.31891349,.5609659,.403009,.80877519,.5609659,.403009,.5609659,.48414797,.48414797,-.50600791,-.76847583,-.40198517,.5609659,.48414797,.5609659,.48414797,.48414797,.403009,.48414797,.82747579,-.43678758,-.42844105,-.82747579,.403009,.48414797,.403009,.48414797,.82747579,.80877519,.5609659,.403009,-.80877519,-.50167024,-.31891349,.80877519,.5609659,.403009,.5609659,.403009,.5609659,.76847583,.48414797,-.50600791,-.76847583,-.40198517,.5609659,.76847583,.48414797,.5609659,.48414797,.403009,.48414797,.82747579,-.43678758,-.42844105,-.82747579,.403009,.48414797,.82747579,.403009,.48414797
Grandpierre 2013,.5609659,.403009,-.80877519,-.50167024,-.31891349,.80877519,.5609659,.403009,.80877519,.5609659,.403009,.5609659,.48414797,-.50600791,-.76847583,-.40198517,.5609659,.76847583,.48414797,.5609659,.76847583,.48414797,.403009,.48414797,-.43678758,-.42844105,-.82747579,.403009,.48414797,.82747579,.403009,.48414797,.82747579,-.80877519,-.50600791,-.43678758,.6290108,.49517292,-.80877519,-.50600791,-.43678758,-.80877519,-.50600791,-.43678758,-.50167024,-.76847583,-.42844105,.6290108,.49027258,-.50167024,-.76847583,-.42844105,-.50167024,-.76847583,-.42844105,-.31891349,-.40198517,-.82747579,.49517292,.49027258,-.31891349,-.40198517,-.82747579,-.31891349,-.40198517,-.82747579,.80877519,.5609659,.403009,-.80877519,-.50167024,-.31891349,.5609659,.403009,.80877519,.5609659,.403009,.5609659,.48414797,.48414797,-.50600791,-.76847583,-.40198517,.5609659,.48414797,.5609659,.48414797,.48414797,.403009,.48414797,.82747579,-.43678758,-.42844105,-.82747579,.403009,.48414797,.403009,.48414797,.82747579,.80877519,.5609659,.403009,-.80877519,-.50167024,-.31891349,.80877519,.5609659,.403009,.5609659,.403009,.5609659,.76847583,.48414797,-.50600791,-.76847583,-.40198517,.5609659,.76847583,.48414797,.5609659,.48414797,.403009,.48414797,.82747579,-.43678758,-.42844105,-.82747579,.403009,.48414797,.82747579,.403009,.48414797
Greeson 2014,.5609659,.403009,-.80877519,-.50167024,-.31891349,.80877519,.5609659,.403009,.80877519,.5609659,.403009,.5609659,.48414797,-.50600791,-.76847583,-.40198517,.5609659,.76847583,.48414797,.5609659,.76847583,.48414797,.403009,.48414797,-.43678758,-.42844105,-.82747579,.403009,.48414797,.82747579,.403009,.48414797,.82747579,-.80877519,-.50600791,-.43678758,.6290108,.49517292,-.80877519,-.50600791,-.43678758,-.80877519,-.50600791,-.43678758,-.50167024,-.76847583,-.42844105,.6290108,.49027258,-.50167024,-.76847583,-.42844105,-.50167024,-.76847583,-.42844105,-.31891349,-.40198517,-.82747579,.49517292,.49027258,-.31891349,-.40198517,-.82747579,-.31891349,-.40198517,-.82747579,.80877519,.5609659,.403009,-.80877519,-.50167024,-.31891349,.5609659,.403009,.80877519,.5609659,.403009,.5609659,.48414797,.48414797,-.50600791,-.76847583,-.40198517,.5609659,.48414797,.5609659,.48414797,.48414797,.403009,.48414797,.82747579,-.43678758,-.42844105,-.82747579,.403009,.48414797,.403009,.48414797,.82747579,.80877519,.5609659,.403009,-.80877519,-.50167024,-.31891349,.80877519,.5609659,.403009,.5609659,.403009,.5609659,.76847583,.48414797,-.50600791,-.76847583,-.40198517,.5609659,.76847583,.48414797,.5609659,.48414797,.403009,.48414797,.82747579,-.43678758,-.42844105,-.82747579,.403009,.48414797,.82747579,.403009,.48414797
Guardino 2014,.5609659,.403009,-.80877519,-.50167024,-.31891349,.80877519,.5609659,.403009,.80877519,.5609659,.403009,.5609659,.48414797,-.50600791,-.76847583,-.40198517,.5609659,.76847583,.48414797,.5609659,.76847583,.48414797,.403009,.48414797,-.43678758,-.42844105,-.82747579,.403009,.48414797,.82747579,.403009,.48414797,.82747579,-.80877519,-.50600791,-.43678758,.6290108,.49517292,-.80877519,-.50600791,-.43678758,-.80877519,-.50600791,-.43678758,-.50167024,-.76847583,-.42844105,.6290108,.49027258,-.50167024,-.76847583,-.42844105,-.50167024,-.76847583,-.42844105,-.31891349,-.40198517,-.82747579,.49517292,.49027258,-.31891349,-.40198517,-.82747579,-.31891349,-.40198517,-.82747579,.80877519,.5609659,.403009,-.80877519,-.50167024,-.31891349,.5609659,.403009,.80877519,.5609659,.403009,.5609659,.48414797,.48414797,-.50600791,-.76847583,-.40198517,.5609659,.48414797,.5609659,.48414797,.48414797,.403009,.48414797,.82747579,-.43678758,-.42844105,-.82747579,.403009,.48414797,.403009,.48414797,.82747579,.80877519,.5609659,.403009,-.80877519,-.50167024,-.31891349,.80877519,.5609659,.403009,.5609659,.403009,.5609659,.76847583,.48414797,-.50600791,-.76847583,-.40198517,.5609659,.76847583,.48414797,.5609659,.48414797,.403009,.48414797,.82747579,-.43678758,-.42844105,-.82747579,.403009,.48414797,.82747579,.403009,.48414797
Haarig 2016,.5609659,.403009,-.80877519,-.50167024,-.31891349,.80877519,.5609659,.403009,.80877519,.5609659,.403009,.5609659,.48414797,-.50600791,-.76847583,-.40198517,.5609659,.76847583,.48414797,.5609659,.76847583,.48414797,.403009,.48414797,-.43678758,-.42844105,-.82747579,.403009,.48414797,.82747579,.403009,.48414797,.82747579,-.80877519,-.50600791,-.43678758,.6290108,.49517292,-.80877519,-.50600791,-.43678758,-.80877519,-.50600791,-.43678758,-.50167024,-.76847583,-.42844105,.6290108,.49027258,-.50167024,-.76847583,-.42844105,-.50167024,-.76847583,-.42844105,-.31891349,-.40198517,-.82747579,.49517292,.49027258,-.31891349,-.40198517,-.82747579,-.31891349,-.40198517,-.82747579,.80877519,.5609659,.403009,-.80877519,-.50167024,-.31891349,.5609659,.403009,.80877519,.5609659,.403009,.5609659,.48414797,.48414797,-.50600791,-.76847583,-.40198517,.5609659,.48414797,.5609659,.48414797,.48414797,.403009,.48414797,.82747579,-.43678758,-.42844105,-.82747579,.403009,.48414797,.403009,.48414797,.82747579,.80877519,.5609659,.403009,-.80877519,-.50167024,-.31891349,.80877519,.5609659,.403009,.5609659,.403009,.5609659,.76847583,.48414797,-.50600791,-.76847583,-.40198517,.5609659,.76847583,.48414797,.5609659,.48414797,.403009,.48414797,.82747579,-.43678758,-.42844105,-.82747579,.403009,.48414797,.82747579,.403009,.48414797
Hou 2013,.5609659,.403009,-.80877519,-.50167024,-.31891349,.80877519,.5609659,.403009,.80877519,.5609659,.403009,.5609659,.48414797,-.50600791,-.76847583,-.40198517,.5609659,.76847583,.48414797,.5609659,.76847583,.48414797,.403009,.48414797,-.43678758,-.42844105,-.82747579,.403009,.48414797,.82747579,.403009,.48414797,.82747579,-.80877519,-.50600791,-.43678758,.6290108,.49517292,-.80877519,-.50600791,-.43678758,-.80877519,-.50600791,-.43678758,-.50167024,-.76847583,-.42844105,.6290108,.49027258,-.50167024,-.76847583,-.42844105,-.50167024,-.76847583,-.42844105,-.31891349,-.40198517,-.82747579,.49517292,.49027258,-.31891349,-.40198517,-.82747579,-.31891349,-.40198517,-.82747579,.80877519,.5609659,.403009,-.80877519,-.50167024,-.31891349,.5609659,.403009,.80877519,.5609659,.403009,.5609659,.48414797,.48414797,-.50600791,-.76847583,-.40198517,.5609659,.48414797,.5609659,.48414797,.48414797,.403009,.48414797,.82747579,-.43678758,-.42844105,-.82747579,.403009,.48414797,.403009,.48414797,.82747579,.80877519,.5609659,.403009,-.80877519,-.50167024,-.31891349,.80877519,.5609659,.403009,.5609659,.403009,.5609659,.76847583,.48414797,-.50600791,-.76847583,-.40198517,.5609659,.76847583,.48414797,.5609659,.48414797,.403009,.48414797,.82747579,-.43678758,-.42844105,-.82747579,.403009,.48414797,.82747579,.403009,.48414797
Huang 2015,.5609659,.403009,-.80877519,-.50167024,-.31891349,.80877519,.5609659,.403009,.80877519,.5609659,.403009,.5609659,.48414797,-.50600791,-.76847583,-.40198517,.5609659,.76847583,.48414797,.5609659,.76847583,.48414797,.403009,.48414797,-.43678758,-.42844105,-.82747579,.403009,.48414797,.82747579,.403009,.48414797,.82747579,-.80877519,-.50600791,-.43678758,.6290108,.49517292,-.80877519,-.50600791,-.43678758,-.80877519,-.50600791,-.43678758,-.50167024,-.76847583,-.42844105,.6290108,.49027258,-.50167024,-.76847583,-.42844105,-.50167024,-.76847583,-.42844105,-.31891349,-.40198517,-.82747579,.49517292,.49027258,-.31891349,-.40198517,-.82747579,-.31891349,-.40198517,-.82747579,.80877519,.5609659,.403009,-.80877519,-.50167024,-.31891349,.5609659,.403009,.80877519,.5609659,.403009,.5609659,.48414797,.48414797,-.50600791,-.76847583,-.40198517,.5609659,.48414797,.5609659,.48414797,.48414797,.403009,.48414797,.82747579,-.43678758,-.42844105,-.82747579,.403009,.48414797,.403009,.48414797,.82747579,.80877519,.5609659,.403009,-.80877519,-.50167024,-.31891349,.80877519,.5609659,.403009,.5609659,.403009,.5609659,.76847583,.48414797,-.50600791,-.76847583,-.40198517,.5609659,.76847583,.48414797,.5609659,.48414797,.403009,.48414797,.82747579,-.43678758,-.42844105,-.82747579,.403009,.48414797,.82747579,.403009,.48414797
Hunt 2018,.5609659,.403009,-.80877519,-.50167024,-.31891349,.80877519,.5609659,.403009,.80877519,.5609659,.403009,.5609659,.48414797,-.50600791,-.76847583,-.40198517,.5609659,.76847583,.48414797,.5609659,.76847583,.48414797,.403009,.48414797,-.43678758,-.42844105,-.82747579,.403009,.48414797,.82747579,.403009,.48414797,.82747579,-.80877519,-.50600791,-.43678758,.6290108,.49517292,-.80877519,-.50600791,-.43678758,-.80877519,-.50600791,-.43678758,-.50167024,-.76847583,-.42844105,.6290108,.49027258,-.50167024,-.76847583,-.42844105,-.50167024,-.76847583,-.42844105,-.31891349,-.40198517,-.82747579,.49517292,.49027258,-.31891349,-.40198517,-.82747579,-.31891349,-.40198517,-.82747579,.80877519,.5609659,.403009,-.80877519,-.50167024,-.31891349,.5609659,.403009,.80877519,.5609659,.403009,.5609659,.48414797,.48414797,-.50600791,-.76847583,-.40198517,.5609659,.48414797,.5609659,.48414797,.48414797,.403009,.48414797,.82747579,-.43678758,-.42844105,-.82747579,.403009,.48414797,.403009,.48414797,.82747579,.80877519,.5609659,.403009,-.80877519,-.50167024,-.31891349,.80877519,.5609659,.403009,.5609659,.403009,.5609659,.76847583,.48414797,-.50600791,-.76847583,-.40198517,.5609659,.76847583,.48414797,.5609659,.48414797,.403009,.48414797,.82747579,-.43678758,-.42844105,-.82747579,.403009,.48414797,.82747579,.403009,.48414797
Hwang 2019,.5609659,.403009,-.80877519,-.50167024,-.31891349,.80877519,.5609659,.403009,.80877519,.5609659,.403009,.5609659,.48414797,-.50600791,-.76847583,-.40198517,.5609659,.76847583,.48414797,.5609659,.76847583,.48414797,.403009,.48414797,-.43678758,-.42844105,-.82747579,.403009,.48414797,.82747579,.403009,.48414797,.82747579,-.80877519,-.50600791,-.43678758,.6290108,.49517292,-.80877519,-.50600791,-.43678758,-.80877519,-.50600791,-.43678758,-.50167024,-.76847583,-.42844105,.6290108,.49027258,-.50167024,-.76847583,-.42844105,-.50167024,-.76847583,-.42844105,-.31891349,-.40198517,-.82747579,.49517292,.49027258,-.31891349,-.40198517,-.82747579,-.31891349,-.40198517,-.82747579,.80877519,.5609659,.403009,-.80877519,-.50167024,-.31891349,.5609659,.403009,.80877519,.5609659,.403009,.5609659,.48414797,.48414797,-.50600791,-.76847583,-.40198517,.5609659,.48414797,.5609659,.48414797,.48414797,.403009,.48414797,.82747579,-.43678758,-.42844105,-.82747579,.403009,.48414797,.403009,.48414797,.82747579,.80877519,.5609659,.403009,-.80877519,-.50167024,-.31891349,.80877519,.5609659,.403009,.5609659,.403009,.5609659,.76847583,.48414797,-.50600791,-.76847583,-.40198517,.5609659,.76847583,.48414797,.5609659,.48414797,.403009,.48414797,.82747579,-.43678758,-.42844105,-.82747579,.403009,.48414797,.82747579,.403009,.48414797
Ireland 2017,.5609659,.403009,-.80877519,-.50167024,-.31891349,.80877519,.5609659,.403009,.80877519,.5609659,.403009,.5609659,.48414797,-.50600791,-.76847583,-.40198517,.5609659,.76847583,.48414797,.5609659,.76847583,.48414797,.403009,.48414797,-.43678758,-.42844105,-.82747579,.403009,.48414797,.82747579,.403009,.48414797,.82747579,-.80877519,-.50600791,-.43678758,.6290108,.49517292,-.80877519,-.50600791,-.43678758,-.80877519,-.50600791,-.43678758,-.50167024,-.76847583,-.42844105,.6290108,.49027258,-.50167024,-.76847583,-.42844105,-.50167024,-.76847583,-.42844105,-.31891349,-.40198517,-.82747579,.49517292,.49027258,-.31891349,-.40198517,-.82747579,-.31891349,-.40198517,-.82747579,.80877519,.5609659,.403009,-.80877519,-.50167024,-.31891349,.5609659,.403009,.80877519,.5609659,.403009,.5609659,.48414797,.48414797,-.50600791,-.76847583,-.40198517,.5609659,.48414797,.5609659,.48414797,.48414797,.403009,.48414797,.82747579,-.43678758,-.42844105,-.82747579,.403009,.48414797,.403009,.48414797,.82747579,.80877519,.5609659,.403009,-.80877519,-.50167024,-.31891349,.80877519,.5609659,.403009,.5609659,.403009,.5609659,.76847583,.48414797,-.50600791,-.76847583,-.40198517,.5609659,.76847583,.48414797,.5609659,.48414797,.403009,.48414797,.82747579,-.43678758,-.42844105,-.82747579,.403009,.48414797,.82747579,.403009,.48414797
Isbel 2019,.5609659,.403009,-.80877519,-.50167024,-.31891349,.80877519,.5609659,.403009,.80877519,.5609659,.403009,.5609659,.48414797,-.50600791,-.76847583,-.40198517,.5609659,.76847583,.48414797,.5609659,.76847583,.48414797,.403009,.48414797,-.43678758,-.42844105,-.82747579,.403009,.48414797,.82747579,.403009,.48414797,.82747579,-.80877519,-.50600791,-.43678758,.6290108,.49517292,-.80877519,-.50600791,-.43678758,-.80877519,-.50600791,-.43678758,-.50167024,-.76847583,-.42844105,.6290108,.49027258,-.50167024,-.76847583,-.42844105,-.50167024,-.76847583,-.42844105,-.31891349,-.40198517,-.82747579,.49517292,.49027258,-.31891349,-.40198517,-.82747579,-.31891349,-.40198517,-.82747579,.80877519,.5609659,.403009,-.80877519,-.50167024,-.31891349,.5609659,.403009,.80877519,.5609659,.403009,.5609659,.48414797,.48414797,-.50600791,-.76847583,-.40198517,.5609659,.48414797,.5609659,.48414797,.48414797,.403009,.48414797,.82747579,-.43678758,-.42844105,-.82747579,.403009,.48414797,.403009,.48414797,.82747579,.80877519,.5609659,.403009,-.80877519,-.50167024,-.31891349,.80877519,.5609659,.403009,.5609659,.403009,.5609659,.76847583,.48414797,-.50600791,-.76847583,-.40198517,.5609659,.76847583,.48414797,.5609659,.48414797,.403009,.48414797,.82747579,-.43678758,-.42844105,-.82747579,.403009,.48414797,.82747579,.403009,.48414797
Jain 2007,.5609659,.403009,-.80877519,-.50167024,-.31891349,.80877519,.5609659,.403009,.80877519,.5609659,.403009,.5609659,.48414797,-.50600791,-.76847583,-.40198517,.5609659,.76847583,.48414797,.5609659,.76847583,.48414797,.403009,.48414797,-.43678758,-.42844105,-.82747579,.403009,.48414797,.82747579,.403009,.48414797,.82747579,-.80877519,-.50600791,-.43678758,.6290108,.49517292,-.80877519,-.50600791,-.43678758,-.80877519,-.50600791,-.43678758,-.50167024,-.76847583,-.42844105,.6290108,.49027258,-.50167024,-.76847583,-.42844105,-.50167024,-.76847583,-.42844105,-.31891349,-.40198517,-.82747579,.49517292,.49027258,-.31891349,-.40198517,-.82747579,-.31891349,-.40198517,-.82747579,.80877519,.5609659,.403009,-.80877519,-.50167024,-.31891349,.5609659,.403009,.80877519,.5609659,.403009,.5609659,.48414797,.48414797,-.50600791,-.76847583,-.40198517,.5609659,.48414797,.5609659,.48414797,.48414797,.403009,.48414797,.82747579,-.43678758,-.42844105,-.82747579,.403009,.48414797,.403009,.48414797,.82747579,.80877519,.5609659,.403009,-.80877519,-.50167024,-.31891349,.80877519,.5609659,.403009,.5609659,.403009,.5609659,.76847583,.48414797,-.50600791,-.76847583,-.40198517,.5609659,.76847583,.48414797,.5609659,.48414797,.403009,.48414797,.82747579,-.43678758,-.42844105,-.82747579,.403009,.48414797,.82747579,.403009,.48414797
James 2018,.5609659,.403009,-.80877519,-.50167024,-.31891349,.80877519,.5609659,.403009,.80877519,.5609659,.403009,.5609659,.48414797,-.50600791,-.76847583,-.40198517,.5609659,.76847583,.48414797,.5609659,.76847583,.48414797,.403009,.48414797,-.43678758,-.42844105,-.82747579,.403009,.48414797,.82747579,.403009,.48414797,.82747579,-.80877519,-.50600791,-.43678758,.6290108,.49517292,-.80877519,-.50600791,-.43678758,-.80877519,-.50600791,-.43678758,-.50167024,-.76847583,-.42844105,.6290108,.49027258,-.50167024,-.76847583,-.42844105,-.50167024,-.76847583,-.42844105,-.31891349,-.40198517,-.82747579,.49517292,.49027258,-.31891349,-.40198517,-.82747579,-.31891349,-.40198517,-.82747579,.80877519,.5609659,.403009,-.80877519,-.50167024,-.31891349,.5609659,.403009,.80877519,.5609659,.403009,.5609659,.48414797,.48414797,-.50600791,-.76847583,-.40198517,.5609659,.48414797,.5609659,.48414797,.48414797,.403009,.48414797,.82747579,-.43678758,-.42844105,-.82747579,.403009,.48414797,.403009,.48414797,.82747579,.80877519,.5609659,.403009,-.80877519,-.50167024,-.31891349,.80877519,.5609659,.403009,.5609659,.403009,.5609659,.76847583,.48414797,-.50600791,-.76847583,-.40198517,.5609659,.76847583,.48414797,.5609659,.48414797,.403009,.48414797,.82747579,-.43678758,-.42844105,-.82747579,.403009,.48414797,.82747579,.403009,.48414797
Josefsson 2014,.5609659,.403009,-.80877519,-.50167024,-.31891349,.80877519,.5609659,.403009,.80877519,.5609659,.403009,.5609659,.48414797,-.50600791,-.76847583,-.40198517,.5609659,.76847583,.48414797,.5609659,.76847583,.48414797,.403009,.48414797,-.43678758,-.42844105,-.82747579,.403009,.48414797,.82747579,.403009,.48414797,.82747579,-.80877519,-.50600791,-.43678758,.6290108,.49517292,-.80877519,-.50600791,-.43678758,-.80877519,-.50600791,-.43678758,-.50167024,-.76847583,-.42844105,.6290108,.49027258,-.50167024,-.76847583,-.42844105,-.50167024,-.76847583,-.42844105,-.31891349,-.40198517,-.82747579,.49517292,.49027258,-.31891349,-.40198517,-.82747579,-.31891349,-.40198517,-.82747579,.80877519,.5609659,.403009,-.80877519,-.50167024,-.31891349,.5609659,.403009,.80877519,.5609659,.403009,.5609659,.48414797,.48414797,-.50600791,-.76847583,-.40198517,.5609659,.48414797,.5609659,.48414797,.48414797,.403009,.48414797,.82747579,-.43678758,-.42844105,-.82747579,.403009,.48414797,.403009,.48414797,.82747579,.80877519,.5609659,.403009,-.80877519,-.50167024,-.31891349,.80877519,.5609659,.403009,.5609659,.403009,.5609659,.76847583,.48414797,-.50600791,-.76847583,-.40198517,.5609659,.76847583,.48414797,.5609659,.48414797,.403009,.48414797,.82747579,-.43678758,-.42844105,-.82747579,.403009,.48414797,.82747579,.403009,.48414797
Kang 2009,.5609659,.403009,-.80877519,-.50167024,-.31891349,.80877519,.5609659,.403009,.80877519,.5609659,.403009,.5609659,.48414797,-.50600791,-.76847583,-.40198517,.5609659,.76847583,.48414797,.5609659,.76847583,.48414797,.403009,.48414797,-.43678758,-.42844105,-.82747579,.403009,.48414797,.82747579,.403009,.48414797,.82747579,-.80877519,-.50600791,-.43678758,.6290108,.49517292,-.80877519,-.50600791,-.43678758,-.80877519,-.50600791,-.43678758,-.50167024,-.76847583,-.42844105,.6290108,.49027258,-.50167024,-.76847583,-.42844105,-.50167024,-.76847583,-.42844105,-.31891349,-.40198517,-.82747579,.49517292,.49027258,-.31891349,-.40198517,-.82747579,-.31891349,-.40198517,-.82747579,.80877519,.5609659,.403009,-.80877519,-.50167024,-.31891349,.5609659,.403009,.80877519,.5609659,.403009,.5609659,.48414797,.48414797,-.50600791,-.76847583,-.40198517,.5609659,.48414797,.5609659,.48414797,.48414797,.403009,.48414797,.82747579,-.43678758,-.42844105,-.82747579,.403009,.48414797,.403009,.48414797,.82747579,.80877519,.5609659,.403009,-.80877519,-.50167024,-.31891349,.80877519,.5609659,.403009,.5609659,.403009,.5609659,.76847583,.48414797,-.50600791,-.76847583,-.40198517,.5609659,.76847583,.48414797,.5609659,.48414797,.403009,.48414797,.82747579,-.43678758,-.42844105,-.82747579,.403009,.48414797,.82747579,.403009,.48414797
Kaviani 2008,.5609659,.403009,-.80877519,-.50167024,-.31891349,.80877519,.5609659,.403009,.80877519,.5609659,.403009,.5609659,.48414797,-.50600791,-.76847583,-.40198517,.5609659,.76847583,.48414797,.5609659,.76847583,.48414797,.403009,.48414797,-.43678758,-.42844105,-.82747579,.403009,.48414797,.82747579,.403009,.48414797,.82747579,-.80877519,-.50600791,-.43678758,.6290108,.49517292,-.80877519,-.50600791,-.43678758,-.80877519,-.50600791,-.43678758,-.50167024,-.76847583,-.42844105,.6290108,.49027258,-.50167024,-.76847583,-.42844105,-.50167024,-.76847583,-.42844105,-.31891349,-.40198517,-.82747579,.49517292,.49027258,-.31891349,-.40198517,-.82747579,-.31891349,-.40198517,-.82747579,.80877519,.5609659,.403009,-.80877519,-.50167024,-.31891349,.5609659,.403009,.80877519,.5609659,.403009,.5609659,.48414797,.48414797,-.50600791,-.76847583,-.40198517,.5609659,.48414797,.5609659,.48414797,.48414797,.403009,.48414797,.82747579,-.43678758,-.42844105,-.82747579,.403009,.48414797,.403009,.48414797,.82747579,.80877519,.5609659,.403009,-.80877519,-.50167024,-.31891349,.80877519,.5609659,.403009,.5609659,.403009,.5609659,.76847583,.48414797,-.50600791,-.76847583,-.40198517,.5609659,.76847583,.48414797,.5609659,.48414797,.403009,.48414797,.82747579,-.43678758,-.42844105,-.82747579,.403009,.48414797,.82747579,.403009,.48414797
Kingston 2007,.5609659,.403009,-.80877519,-.50167024,-.31891349,.80877519,.5609659,.403009,.80877519,.5609659,.403009,.5609659,.48414797,-.50600791,-.76847583,-.40198517,.5609659,.76847583,.48414797,.5609659,.76847583,.48414797,.403009,.48414797,-.43678758,-.42844105,-.82747579,.403009,.48414797,.82747579,.403009,.48414797,.82747579,-.80877519,-.50600791,-.43678758,.6290108,.49517292,-.80877519,-.50600791,-.43678758,-.80877519,-.50600791,-.43678758,-.50167024,-.76847583,-.42844105,.6290108,.49027258,-.50167024,-.76847583,-.42844105,-.50167024,-.76847583,-.42844105,-.31891349,-.40198517,-.82747579,.49517292,.49027258,-.31891349,-.40198517,-.82747579,-.31891349,-.40198517,-.82747579,.80877519,.5609659,.403009,-.80877519,-.50167024,-.31891349,.5609659,.403009,.80877519,.5609659,.403009,.5609659,.48414797,.48414797,-.50600791,-.76847583,-.40198517,.5609659,.48414797,.5609659,.48414797,.48414797,.403009,.48414797,.82747579,-.43678758,-.42844105,-.82747579,.403009,.48414797,.403009,.48414797,.82747579,.80877519,.5609659,.403009,-.80877519,-.50167024,-.31891349,.80877519,.5609659,.403009,.5609659,.403009,.5609659,.76847583,.48414797,-.50600791,-.76847583,-.40198517,.5609659,.76847583,.48414797,.5609659,.48414797,.403009,.48414797,.82747579,-.43678758,-.42844105,-.82747579,.403009,.48414797,.82747579,.403009,.48414797
Kirk 2016,.5609659,.403009,-.80877519,-.50167024,-.31891349,.80877519,.5609659,.403009,.80877519,.5609659,.403009,.5609659,.48414797,-.50600791,-.76847583,-.40198517,.5609659,.76847583,.48414797,.5609659,.76847583,.48414797,.403009,.48414797,-.43678758,-.42844105,-.82747579,.403009,.48414797,.82747579,.403009,.48414797,.82747579,-.80877519,-.50600791,-.43678758,.6290108,.49517292,-.80877519,-.50600791,-.43678758,-.80877519,-.50600791,-.43678758,-.50167024,-.76847583,-.42844105,.6290108,.49027258,-.50167024,-.76847583,-.42844105,-.50167024,-.76847583,-.42844105,-.31891349,-.40198517,-.82747579,.49517292,.49027258,-.31891349,-.40198517,-.82747579,-.31891349,-.40198517,-.82747579,.80877519,.5609659,.403009,-.80877519,-.50167024,-.31891349,.5609659,.403009,.80877519,.5609659,.403009,.5609659,.48414797,.48414797,-.50600791,-.76847583,-.40198517,.5609659,.48414797,.5609659,.48414797,.48414797,.403009,.48414797,.82747579,-.43678758,-.42844105,-.82747579,.403009,.48414797,.403009,.48414797,.82747579,.80877519,.5609659,.403009,-.80877519,-.50167024,-.31891349,.80877519,.5609659,.403009,.5609659,.403009,.5609659,.76847583,.48414797,-.50600791,-.76847583,-.40198517,.5609659,.76847583,.48414797,.5609659,.48414797,.403009,.48414797,.82747579,-.43678758,-.42844105,-.82747579,.403009,.48414797,.82747579,.403009,.48414797
Klatt 2009,.5609659,.403009,-.80877519,-.50167024,-.31891349,.80877519,.5609659,.403009,.80877519,.5609659,.403009,.5609659,.48414797,-.50600791,-.76847583,-.40198517,.5609659,.76847583,.48414797,.5609659,.76847583,.48414797,.403009,.48414797,-.43678758,-.42844105,-.82747579,.403009,.48414797,.82747579,.403009,.48414797,.82747579,-.80877519,-.50600791,-.43678758,.6290108,.49517292,-.80877519,-.50600791,-.43678758,-.80877519,-.50600791,-.43678758,-.50167024,-.76847583,-.42844105,.6290108,.49027258,-.50167024,-.76847583,-.42844105,-.50167024,-.76847583,-.42844105,-.31891349,-.40198517,-.82747579,.49517292,.49027258,-.31891349,-.40198517,-.82747579,-.31891349,-.40198517,-.82747579,.80877519,.5609659,.403009,-.80877519,-.50167024,-.31891349,.5609659,.403009,.80877519,.5609659,.403009,.5609659,.48414797,.48414797,-.50600791,-.76847583,-.40198517,.5609659,.48414797,.5609659,.48414797,.48414797,.403009,.48414797,.82747579,-.43678758,-.42844105,-.82747579,.403009,.48414797,.403009,.48414797,.82747579,.80877519,.5609659,.403009,-.80877519,-.50167024,-.31891349,.80877519,.5609659,.403009,.5609659,.403009,.5609659,.76847583,.48414797,-.50600791,-.76847583,-.40198517,.5609659,.76847583,.48414797,.5609659,.48414797,.403009,.48414797,.82747579,-.43678758,-.42844105,-.82747579,.403009,.48414797,.82747579,.403009,.48414797
Klatt 2017,.5609659,.403009,-.80877519,-.50167024,-.31891349,.80877519,.5609659,.403009,.80877519,.5609659,.403009,.5609659,.48414797,-.50600791,-.76847583,-.40198517,.5609659,.76847583,.48414797,.5609659,.76847583,.48414797,.403009,.48414797,-.43678758,-.42844105,-.82747579,.403009,.48414797,.82747579,.403009,.48414797,.82747579,-.80877519,-.50600791,-.43678758,.6290108,.49517292,-.80877519,-.50600791,-.43678758,-.80877519,-.50600791,-.43678758,-.50167024,-.76847583,-.42844105,.6290108,.49027258,-.50167024,-.76847583,-.42844105,-.50167024,-.76847583,-.42844105,-.31891349,-.40198517,-.82747579,.49517292,.49027258,-.31891349,-.40198517,-.82747579,-.31891349,-.40198517,-.82747579,.80877519,.5609659,.403009,-.80877519,-.50167024,-.31891349,.5609659,.403009,.80877519,.5609659,.403009,.5609659,.48414797,.48414797,-.50600791,-.76847583,-.40198517,.5609659,.48414797,.5609659,.48414797,.48414797,.403009,.48414797,.82747579,-.43678758,-.42844105,-.82747579,.403009,.48414797,.403009,.48414797,.82747579,.80877519,.5609659,.403009,-.80877519,-.50167024,-.31891349,.80877519,.5609659,.403009,.5609659,.403009,.5609659,.76847583,.48414797,-.50600791,-.76847583,-.40198517,.5609659,.76847583,.48414797,.5609659,.48414797,.403009,.48414797,.82747579,-.43678758,-.42844105,-.82747579,.403009,.48414797,.82747579,.403009,.48414797
Kor 2019,.5609659,.403009,-.80877519,-.50167024,-.31891349,.80877519,.5609659,.403009,.80877519,.5609659,.403009,.5609659,.48414797,-.50600791,-.76847583,-.40198517,.5609659,.76847583,.48414797,.5609659,.76847583,.48414797,.403009,.48414797,-.43678758,-.42844105,-.82747579,.403009,.48414797,.82747579,.403009,.48414797,.82747579,-.80877519,-.50600791,-.43678758,.6290108,.49517292,-.80877519,-.50600791,-.43678758,-.80877519,-.50600791,-.43678758,-.50167024,-.76847583,-.42844105,.6290108,.49027258,-.50167024,-.76847583,-.42844105,-.50167024,-.76847583,-.42844105,-.31891349,-.40198517,-.82747579,.49517292,.49027258,-.31891349,-.40198517,-.82747579,-.31891349,-.40198517,-.82747579,.80877519,.5609659,.403009,-.80877519,-.50167024,-.31891349,.5609659,.403009,.80877519,.5609659,.403009,.5609659,.48414797,.48414797,-.50600791,-.76847583,-.40198517,.5609659,.48414797,.5609659,.48414797,.48414797,.403009,.48414797,.82747579,-.43678758,-.42844105,-.82747579,.403009,.48414797,.403009,.48414797,.82747579,.80877519,.5609659,.403009,-.80877519,-.50167024,-.31891349,.80877519,.5609659,.403009,.5609659,.403009,.5609659,.76847583,.48414797,-.50600791,-.76847583,-.40198517,.5609659,.76847583,.48414797,.5609659,.48414797,.403009,.48414797,.82747579,-.43678758,-.42844105,-.82747579,.403009,.48414797,.82747579,.403009,.48414797
Krick 2019,.5609659,.403009,-.80877519,-.50167024,-.31891349,.80877519,.5609659,.403009,.80877519,.5609659,.403009,.5609659,.48414797,-.50600791,-.76847583,-.40198517,.5609659,.76847583,.48414797,.5609659,.76847583,.48414797,.403009,.48414797,-.43678758,-.42844105,-.82747579,.403009,.48414797,.82747579,.403009,.48414797,.82747579,-.80877519,-.50600791,-.43678758,.6290108,.49517292,-.80877519,-.50600791,-.43678758,-.80877519,-.50600791,-.43678758,-.50167024,-.76847583,-.42844105,.6290108,.49027258,-.50167024,-.76847583,-.42844105,-.50167024,-.76847583,-.42844105,-.31891349,-.40198517,-.82747579,.49517292,.49027258,-.31891349,-.40198517,-.82747579,-.31891349,-.40198517,-.82747579,.80877519,.5609659,.403009,-.80877519,-.50167024,-.31891349,.5609659,.403009,.80877519,.5609659,.403009,.5609659,.48414797,.48414797,-.50600791,-.76847583,-.40198517,.5609659,.48414797,.5609659,.48414797,.48414797,.403009,.48414797,.82747579,-.43678758,-.42844105,-.82747579,.403009,.48414797,.403009,.48414797,.82747579,.80877519,.5609659,.403009,-.80877519,-.50167024,-.31891349,.80877519,.5609659,.403009,.5609659,.403009,.5609659,.76847583,.48414797,-.50600791,-.76847583,-.40198517,.5609659,.76847583,.48414797,.5609659,.48414797,.403009,.48414797,.82747579,-.43678758,-.42844105,-.82747579,.403009,.48414797,.82747579,.403009,.48414797
Kuhlmann 2016,.5609659,.403009,-.80877519,-.50167024,-.31891349,.80877519,.5609659,.403009,.80877519,.5609659,.403009,.5609659,.48414797,-.50600791,-.76847583,-.40198517,.5609659,.76847583,.48414797,.5609659,.76847583,.48414797,.403009,.48414797,-.43678758,-.42844105,-.82747579,.403009,.48414797,.82747579,.403009,.48414797,.82747579,-.80877519,-.50600791,-.43678758,.6290108,.49517292,-.80877519,-.50600791,-.43678758,-.80877519,-.50600791,-.43678758,-.50167024,-.76847583,-.42844105,.6290108,.49027258,-.50167024,-.76847583,-.42844105,-.50167024,-.76847583,-.42844105,-.31891349,-.40198517,-.82747579,.49517292,.49027258,-.31891349,-.40198517,-.82747579,-.31891349,-.40198517,-.82747579,.80877519,.5609659,.403009,-.80877519,-.50167024,-.31891349,.5609659,.403009,.80877519,.5609659,.403009,.5609659,.48414797,.48414797,-.50600791,-.76847583,-.40198517,.5609659,.48414797,.5609659,.48414797,.48414797,.403009,.48414797,.82747579,-.43678758,-.42844105,-.82747579,.403009,.48414797,.403009,.48414797,.82747579,.80877519,.5609659,.403009,-.80877519,-.50167024,-.31891349,.80877519,.5609659,.403009,.5609659,.403009,.5609659,.76847583,.48414797,-.50600791,-.76847583,-.40198517,.5609659,.76847583,.48414797,.5609659,.48414797,.403009,.48414797,.82747579,-.43678758,-.42844105,-.82747579,.403009,.48414797,.82747579,.403009,.48414797
Lacerda 2018,.5609659,.403009,-.80877519,-.50167024,-.31891349,.80877519,.5609659,.403009,.80877519,.5609659,.403009,.5609659,.48414797,-.50600791,-.76847583,-.40198517,.5609659,.76847583,.48414797,.5609659,.76847583,.48414797,.403009,.48414797,-.43678758,-.42844105,-.82747579,.403009,.48414797,.82747579,.403009,.48414797,.82747579,-.80877519,-.50600791,-.43678758,.6290108,.49517292,-.80877519,-.50600791,-.43678758,-.80877519,-.50600791,-.43678758,-.50167024,-.76847583,-.42844105,.6290108,.49027258,-.50167024,-.76847583,-.42844105,-.50167024,-.76847583,-.42844105,-.31891349,-.40198517,-.82747579,.49517292,.49027258,-.31891349,-.40198517,-.82747579,-.31891349,-.40198517,-.82747579,.80877519,.5609659,.403009,-.80877519,-.50167024,-.31891349,.5609659,.403009,.80877519,.5609659,.403009,.5609659,.48414797,.48414797,-.50600791,-.76847583,-.40198517,.5609659,.48414797,.5609659,.48414797,.48414797,.403009,.48414797,.82747579,-.43678758,-.42844105,-.82747579,.403009,.48414797,.403009,.48414797,.82747579,.80877519,.5609659,.403009,-.80877519,-.50167024,-.31891349,.80877519,.5609659,.403009,.5609659,.403009,.5609659,.76847583,.48414797,-.50600791,-.76847583,-.40198517,.5609659,.76847583,.48414797,.5609659,.48414797,.403009,.48414797,.82747579,-.43678758,-.42844105,-.82747579,.403009,.48414797,.82747579,.403009,.48414797
Lara-Cinisomo 2019,.5609659,.403009,-.80877519,-.50167024,-.31891349,.80877519,.5609659,.403009,.80877519,.5609659,.403009,.5609659,.48414797,-.50600791,-.76847583,-.40198517,.5609659,.76847583,.48414797,.5609659,.76847583,.48414797,.403009,.48414797,-.43678758,-.42844105,-.82747579,.403009,.48414797,.82747579,.403009,.48414797,.82747579,-.80877519,-.50600791,-.43678758,.6290108,.49517292,-.80877519,-.50600791,-.43678758,-.80877519,-.50600791,-.43678758,-.50167024,-.76847583,-.42844105,.6290108,.49027258,-.50167024,-.76847583,-.42844105,-.50167024,-.76847583,-.42844105,-.31891349,-.40198517,-.82747579,.49517292,.49027258,-.31891349,-.40198517,-.82747579,-.31891349,-.40198517,-.82747579,.80877519,.5609659,.403009,-.80877519,-.50167024,-.31891349,.5609659,.403009,.80877519,.5609659,.403009,.5609659,.48414797,.48414797,-.50600791,-.76847583,-.40198517,.5609659,.48414797,.5609659,.48414797,.48414797,.403009,.48414797,.82747579,-.43678758,-.42844105,-.82747579,.403009,.48414797,.403009,.48414797,.82747579,.80877519,.5609659,.403009,-.80877519,-.50167024,-.31891349,.80877519,.5609659,.403009,.5609659,.403009,.5609659,.76847583,.48414797,-.50600791,-.76847583,-.40198517,.5609659,.76847583,.48414797,.5609659,.48414797,.403009,.48414797,.82747579,-.43678758,-.42844105,-.82747579,.403009,.48414797,.82747579,.403009,.48414797
Lebares 2019,.5609659,.403009,-.80877519,-.50167024,-.31891349,.80877519,.5609659,.403009,.80877519,.5609659,.403009,.5609659,.48414797,-.50600791,-.76847583,-.40198517,.5609659,.76847583,.48414797,.5609659,.76847583,.48414797,.403009,.48414797,-.43678758,-.42844105,-.82747579,.403009,.48414797,.82747579,.403009,.48414797,.82747579,-.80877519,-.50600791,-.43678758,.6290108,.49517292,-.80877519,-.50600791,-.43678758,-.80877519,-.50600791,-.43678758,-.50167024,-.76847583,-.42844105,.6290108,.49027258,-.50167024,-.76847583,-.42844105,-.50167024,-.76847583,-.42844105,-.31891349,-.40198517,-.82747579,.49517292,.49027258,-.31891349,-.40198517,-.82747579,-.31891349,-.40198517,-.82747579,.80877519,.5609659,.403009,-.80877519,-.50167024,-.31891349,.5609659,.403009,.80877519,.5609659,.403009,.5609659,.48414797,.48414797,-.50600791,-.76847583,-.40198517,.5609659,.48414797,.5609659,.48414797,.48414797,.403009,.48414797,.82747579,-.43678758,-.42844105,-.82747579,.403009,.48414797,.403009,.48414797,.82747579,.80877519,.5609659,.403009,-.80877519,-.50167024,-.31891349,.80877519,.5609659,.403009,.5609659,.403009,.5609659,.76847583,.48414797,-.50600791,-.76847583,-.40198517,.5609659,.76847583,.48414797,.5609659,.48414797,.403009,.48414797,.82747579,-.43678758,-.42844105,-.82747579,.403009,.48414797,.82747579,.403009,.48414797
Lee 2010,.5609659,.403009,-.80877519,-.50167024,-.31891349,.80877519,.5609659,.403009,.80877519,.5609659,.403009,.5609659,.48414797,-.50600791,-.76847583,-.40198517,.5609659,.76847583,.48414797,.5609659,.76847583,.48414797,.403009,.48414797,-.43678758,-.42844105,-.82747579,.403009,.48414797,.82747579,.403009,.48414797,.82747579,-.80877519,-.50600791,-.43678758,.6290108,.49517292,-.80877519,-.50600791,-.43678758,-.80877519,-.50600791,-.43678758,-.50167024,-.76847583,-.42844105,.6290108,.49027258,-.50167024,-.76847583,-.42844105,-.50167024,-.76847583,-.42844105,-.31891349,-.40198517,-.82747579,.49517292,.49027258,-.31891349,-.40198517,-.82747579,-.31891349,-.40198517,-.82747579,.80877519,.5609659,.403009,-.80877519,-.50167024,-.31891349,.5609659,.403009,.80877519,.5609659,.403009,.5609659,.48414797,.48414797,-.50600791,-.76847583,-.40198517,.5609659,.48414797,.5609659,.48414797,.48414797,.403009,.48414797,.82747579,-.43678758,-.42844105,-.82747579,.403009,.48414797,.403009,.48414797,.82747579,.80877519,.5609659,.403009,-.80877519,-.50167024,-.31891349,.80877519,.5609659,.403009,.5609659,.403009,.5609659,.76847583,.48414797,-.50600791,-.76847583,-.40198517,.5609659,.76847583,.48414797,.5609659,.48414797,.403009,.48414797,.82747579,-.43678758,-.42844105,-.82747579,.403009,.48414797,.82747579,.403009,.48414797
Lin 2019,.5609659,.403009,-.80877519,-.50167024,-.31891349,.80877519,.5609659,.403009,.80877519,.5609659,.403009,.5609659,.48414797,-.50600791,-.76847583,-.40198517,.5609659,.76847583,.48414797,.5609659,.76847583,.48414797,.403009,.48414797,-.43678758,-.42844105,-.82747579,.403009,.48414797,.82747579,.403009,.48414797,.82747579,-.80877519,-.50600791,-.43678758,.6290108,.49517292,-.80877519,-.50600791,-.43678758,-.80877519,-.50600791,-.43678758,-.50167024,-.76847583,-.42844105,.6290108,.49027258,-.50167024,-.76847583,-.42844105,-.50167024,-.76847583,-.42844105,-.31891349,-.40198517,-.82747579,.49517292,.49027258,-.31891349,-.40198517,-.82747579,-.31891349,-.40198517,-.82747579,.80877519,.5609659,.403009,-.80877519,-.50167024,-.31891349,.5609659,.403009,.80877519,.5609659,.403009,.5609659,.48414797,.48414797,-.50600791,-.76847583,-.40198517,.5609659,.48414797,.5609659,.48414797,.48414797,.403009,.48414797,.82747579,-.43678758,-.42844105,-.82747579,.403009,.48414797,.403009,.48414797,.82747579,.80877519,.5609659,.403009,-.80877519,-.50167024,-.31891349,.80877519,.5609659,.403009,.5609659,.403009,.5609659,.76847583,.48414797,-.50600791,-.76847583,-.40198517,.5609659,.76847583,.48414797,.5609659,.48414797,.403009,.48414797,.82747579,-.43678758,-.42844105,-.82747579,.403009,.48414797,.82747579,.403009,.48414797
Liu 2013,.5609659,.403009,-.80877519,-.50167024,-.31891349,.80877519,.5609659,.403009,.80877519,.5609659,.403009,.5609659,.48414797,-.50600791,-.76847583,-.40198517,.5609659,.76847583,.48414797,.5609659,.76847583,.48414797,.403009,.48414797,-.43678758,-.42844105,-.82747579,.403009,.48414797,.82747579,.403009,.48414797,.82747579,-.80877519,-.50600791,-.43678758,.6290108,.49517292,-.80877519,-.50600791,-.43678758,-.80877519,-.50600791,-.43678758,-.50167024,-.76847583,-.42844105,.6290108,.49027258,-.50167024,-.76847583,-.42844105,-.50167024,-.76847583,-.42844105,-.31891349,-.40198517,-.82747579,.49517292,.49027258,-.31891349,-.40198517,-.82747579,-.31891349,-.40198517,-.82747579,.80877519,.5609659,.403009,-.80877519,-.50167024,-.31891349,.5609659,.403009,.80877519,.5609659,.403009,.5609659,.48414797,.48414797,-.50600791,-.76847583,-.40198517,.5609659,.48414797,.5609659,.48414797,.48414797,.403009,.48414797,.82747579,-.43678758,-.42844105,-.82747579,.403009,.48414797,.403009,.48414797,.82747579,.80877519,.5609659,.403009,-.80877519,-.50167024,-.31891349,.80877519,.5609659,.403009,.5609659,.403009,.5609659,.76847583,.48414797,-.50600791,-.76847583,-.40198517,.5609659,.76847583,.48414797,.5609659,.48414797,.403009,.48414797,.82747579,-.43678758,-.42844105,-.82747579,.403009,.48414797,.82747579,.403009,.48414797
Lo 2017,.5609659,.403009,-.80877519,-.50167024,-.31891349,.80877519,.5609659,.403009,.80877519,.5609659,.403009,.5609659,.48414797,-.50600791,-.76847583,-.40198517,.5609659,.76847583,.48414797,.5609659,.76847583,.48414797,.403009,.48414797,-.43678758,-.42844105,-.82747579,.403009,.48414797,.82747579,.403009,.48414797,.82747579,-.80877519,-.50600791,-.43678758,.6290108,.49517292,-.80877519,-.50600791,-.43678758,-.80877519,-.50600791,-.43678758,-.50167024,-.76847583,-.42844105,.6290108,.49027258,-.50167024,-.76847583,-.42844105,-.50167024,-.76847583,-.42844105,-.31891349,-.40198517,-.82747579,.49517292,.49027258,-.31891349,-.40198517,-.82747579,-.31891349,-.40198517,-.82747579,.80877519,.5609659,.403009,-.80877519,-.50167024,-.31891349,.5609659,.403009,.80877519,.5609659,.403009,.5609659,.48414797,.48414797,-.50600791,-.76847583,-.40198517,.5609659,.48414797,.5609659,.48414797,.48414797,.403009,.48414797,.82747579,-.43678758,-.42844105,-.82747579,.403009,.48414797,.403009,.48414797,.82747579,.80877519,.5609659,.403009,-.80877519,-.50167024,-.31891349,.80877519,.5609659,.403009,.5609659,.403009,.5609659,.76847583,.48414797,-.50600791,-.76847583,-.40198517,.5609659,.76847583,.48414797,.5609659,.48414797,.403009,.48414797,.82747579,-.43678758,-.42844105,-.82747579,.403009,.48414797,.82747579,.403009,.48414797
Lonnberg 2020,.5609659,.403009,-.80877519,-.50167024,-.31891349,.80877519,.5609659,.403009,.80877519,.5609659,.403009,.5609659,.48414797,-.50600791,-.76847583,-.40198517,.5609659,.76847583,.48414797,.5609659,.76847583,.48414797,.403009,.48414797,-.43678758,-.42844105,-.82747579,.403009,.48414797,.82747579,.403009,.48414797,.82747579,-.80877519,-.50600791,-.43678758,.6290108,.49517292,-.80877519,-.50600791,-.43678758,-.80877519,-.50600791,-.43678758,-.50167024,-.76847583,-.42844105,.6290108,.49027258,-.50167024,-.76847583,-.42844105,-.50167024,-.76847583,-.42844105,-.31891349,-.40198517,-.82747579,.49517292,.49027258,-.31891349,-.40198517,-.82747579,-.31891349,-.40198517,-.82747579,.80877519,.5609659,.403009,-.80877519,-.50167024,-.31891349,.5609659,.403009,.80877519,.5609659,.403009,.5609659,.48414797,.48414797,-.50600791,-.76847583,-.40198517,.5609659,.48414797,.5609659,.48414797,.48414797,.403009,.48414797,.82747579,-.43678758,-.42844105,-.82747579,.403009,.48414797,.403009,.48414797,.82747579,.80877519,.5609659,.403009,-.80877519,-.50167024,-.31891349,.80877519,.5609659,.403009,.5609659,.403009,.5609659,.76847583,.48414797,-.50600791,-.76847583,-.40198517,.5609659,.76847583,.48414797,.5609659,.48414797,.403009,.48414797,.82747579,-.43678758,-.42844105,-.82747579,.403009,.48414797,.82747579,.403009,.48414797
Lopez-Maya 2019,.5609659,.403009,-.80877519,-.50167024,-.31891349,.80877519,.5609659,.403009,.80877519,.5609659,.403009,.5609659,.48414797,-.50600791,-.76847583,-.40198517,.5609659,.76847583,.48414797,.5609659,.76847583,.48414797,.403009,.48414797,-.43678758,-.42844105,-.82747579,.403009,.48414797,.82747579,.403009,.48414797,.82747579,-.80877519,-.50600791,-.43678758,.6290108,.49517292,-.80877519,-.50600791,-.43678758,-.80877519,-.50600791,-.43678758,-.50167024,-.76847583,-.42844105,.6290108,.49027258,-.50167024,-.76847583,-.42844105,-.50167024,-.76847583,-.42844105,-.31891349,-.40198517,-.82747579,.49517292,.49027258,-.31891349,-.40198517,-.82747579,-.31891349,-.40198517,-.82747579,.80877519,.5609659,.403009,-.80877519,-.50167024,-.31891349,.5609659,.403009,.80877519,.5609659,.403009,.5609659,.48414797,.48414797,-.50600791,-.76847583,-.40198517,.5609659,.48414797,.5609659,.48414797,.48414797,.403009,.48414797,.82747579,-.43678758,-.42844105,-.82747579,.403009,.48414797,.403009,.48414797,.82747579,.80877519,.5609659,.403009,-.80877519,-.50167024,-.31891349,.80877519,.5609659,.403009,.5609659,.403009,.5609659,.76847583,.48414797,-.50600791,-.76847583,-.40198517,.5609659,.76847583,.48414797,.5609659,.48414797,.403009,.48414797,.82747579,-.43678758,-.42844105,-.82747579,.403009,.48414797,.82747579,.403009,.48414797
Lynch 2018,.5609659,.403009,-.80877519,-.50167024,-.31891349,.80877519,.5609659,.403009,.80877519,.5609659,.403009,.5609659,.48414797,-.50600791,-.76847583,-.40198517,.5609659,.76847583,.48414797,.5609659,.76847583,.48414797,.403009,.48414797,-.43678758,-.42844105,-.82747579,.403009,.48414797,.82747579,.403009,.48414797,.82747579,-.80877519,-.50600791,-.43678758,.6290108,.49517292,-.80877519,-.50600791,-.43678758,-.80877519,-.50600791,-.43678758,-.50167024,-.76847583,-.42844105,.6290108,.49027258,-.50167024,-.76847583,-.42844105,-.50167024,-.76847583,-.42844105,-.31891349,-.40198517,-.82747579,.49517292,.49027258,-.31891349,-.40198517,-.82747579,-.31891349,-.40198517,-.82747579,.80877519,.5609659,.403009,-.80877519,-.50167024,-.31891349,.5609659,.403009,.80877519,.5609659,.403009,.5609659,.48414797,.48414797,-.50600791,-.76847583,-.40198517,.5609659,.48414797,.5609659,.48414797,.48414797,.403009,.48414797,.82747579,-.43678758,-.42844105,-.82747579,.403009,.48414797,.403009,.48414797,.82747579,.80877519,.5609659,.403009,-.80877519,-.50167024,-.31891349,.80877519,.5609659,.403009,.5609659,.403009,.5609659,.76847583,.48414797,-.50600791,-.76847583,-.40198517,.5609659,.76847583,.48414797,.5609659,.48414797,.403009,.48414797,.82747579,-.43678758,-.42844105,-.82747579,.403009,.48414797,.82747579,.403009,.48414797
Ma 2019,.5609659,.403009,-.80877519,-.50167024,-.31891349,.80877519,.5609659,.403009,.80877519,.5609659,.403009,.5609659,.48414797,-.50600791,-.76847583,-.40198517,.5609659,.76847583,.48414797,.5609659,.76847583,.48414797,.403009,.48414797,-.43678758,-.42844105,-.82747579,.403009,.48414797,.82747579,.403009,.48414797,.82747579,-.80877519,-.50600791,-.43678758,.6290108,.49517292,-.80877519,-.50600791,-.43678758,-.80877519,-.50600791,-.43678758,-.50167024,-.76847583,-.42844105,.6290108,.49027258,-.50167024,-.76847583,-.42844105,-.50167024,-.76847583,-.42844105,-.31891349,-.40198517,-.82747579,.49517292,.49027258,-.31891349,-.40198517,-.82747579,-.31891349,-.40198517,-.82747579,.80877519,.5609659,.403009,-.80877519,-.50167024,-.31891349,.5609659,.403009,.80877519,.5609659,.403009,.5609659,.48414797,.48414797,-.50600791,-.76847583,-.40198517,.5609659,.48414797,.5609659,.48414797,.48414797,.403009,.48414797,.82747579,-.43678758,-.42844105,-.82747579,.403009,.48414797,.403009,.48414797,.82747579,.80877519,.5609659,.403009,-.80877519,-.50167024,-.31891349,.80877519,.5609659,.403009,.5609659,.403009,.5609659,.76847583,.48414797,-.50600791,-.76847583,-.40198517,.5609659,.76847583,.48414797,.5609659,.48414797,.403009,.48414797,.82747579,-.43678758,-.42844105,-.82747579,.403009,.48414797,.82747579,.403009,.48414797
MacCoon 2012,.5609659,.403009,-.80877519,-.50167024,-.31891349,.80877519,.5609659,.403009,.80877519,.5609659,.403009,.5609659,.48414797,-.50600791,-.76847583,-.40198517,.5609659,.76847583,.48414797,.5609659,.76847583,.48414797,.403009,.48414797,-.43678758,-.42844105,-.82747579,.403009,.48414797,.82747579,.403009,.48414797,.82747579,-.80877519,-.50600791,-.43678758,.6290108,.49517292,-.80877519,-.50600791,-.43678758,-.80877519,-.50600791,-.43678758,-.50167024,-.76847583,-.42844105,.6290108,.49027258,-.50167024,-.76847583,-.42844105,-.50167024,-.76847583,-.42844105,-.31891349,-.40198517,-.82747579,.49517292,.49027258,-.31891349,-.40198517,-.82747579,-.31891349,-.40198517,-.82747579,.80877519,.5609659,.403009,-.80877519,-.50167024,-.31891349,.5609659,.403009,.80877519,.5609659,.403009,.5609659,.48414797,.48414797,-.50600791,-.76847583,-.40198517,.5609659,.48414797,.5609659,.48414797,.48414797,.403009,.48414797,.82747579,-.43678758,-.42844105,-.82747579,.403009,.48414797,.403009,.48414797,.82747579,.80877519,.5609659,.403009,-.80877519,-.50167024,-.31891349,.80877519,.5609659,.403009,.5609659,.403009,.5609659,.76847583,.48414797,-.50600791,-.76847583,-.40198517,.5609659,.76847583,.48414797,.5609659,.48414797,.403009,.48414797,.82747579,-.43678758,-.42844105,-.82747579,.403009,.48414797,.82747579,.403009,.48414797
Malarkey 2013,.5609659,.403009,-.80877519,-.50167024,-.31891349,.80877519,.5609659,.403009,.80877519,.5609659,.403009,.5609659,.48414797,-.50600791,-.76847583,-.40198517,.5609659,.76847583,.48414797,.5609659,.76847583,.48414797,.403009,.48414797,-.43678758,-.42844105,-.82747579,.403009,.48414797,.82747579,.403009,.48414797,.82747579,-.80877519,-.50600791,-.43678758,.6290108,.49517292,-.80877519,-.50600791,-.43678758,-.80877519,-.50600791,-.43678758,-.50167024,-.76847583,-.42844105,.6290108,.49027258,-.50167024,-.76847583,-.42844105,-.50167024,-.76847583,-.42844105,-.31891349,-.40198517,-.82747579,.49517292,.49027258,-.31891349,-.40198517,-.82747579,-.31891349,-.40198517,-.82747579,.80877519,.5609659,.403009,-.80877519,-.50167024,-.31891349,.5609659,.403009,.80877519,.5609659,.403009,.5609659,.48414797,.48414797,-.50600791,-.76847583,-.40198517,.5609659,.48414797,.5609659,.48414797,.48414797,.403009,.48414797,.82747579,-.43678758,-.42844105,-.82747579,.403009,.48414797,.403009,.48414797,.82747579,.80877519,.5609659,.403009,-.80877519,-.50167024,-.31891349,.80877519,.5609659,.403009,.5609659,.403009,.5609659,.76847583,.48414797,-.50600791,-.76847583,-.40198517,.5609659,.76847583,.48414797,.5609659,.48414797,.403009,.48414797,.82747579,-.43678758,-.42844105,-.82747579,.403009,.48414797,.82747579,.403009,.48414797
Malinowski 2017,.5609659,.403009,-.80877519,-.50167024,-.31891349,.80877519,.5609659,.403009,.80877519,.5609659,.403009,.5609659,.48414797,-.50600791,-.76847583,-.40198517,.5609659,.76847583,.48414797,.5609659,.76847583,.48414797,.403009,.48414797,-.43678758,-.42844105,-.82747579,.403009,.48414797,.82747579,.403009,.48414797,.82747579,-.80877519,-.50600791,-.43678758,.6290108,.49517292,-.80877519,-.50600791,-.43678758,-.80877519,-.50600791,-.43678758,-.50167024,-.76847583,-.42844105,.6290108,.49027258,-.50167024,-.76847583,-.42844105,-.50167024,-.76847583,-.42844105,-.31891349,-.40198517,-.82747579,.49517292,.49027258,-.31891349,-.40198517,-.82747579,-.31891349,-.40198517,-.82747579,.80877519,.5609659,.403009,-.80877519,-.50167024,-.31891349,.5609659,.403009,.80877519,.5609659,.403009,.5609659,.48414797,.48414797,-.50600791,-.76847583,-.40198517,.5609659,.48414797,.5609659,.48414797,.48414797,.403009,.48414797,.82747579,-.43678758,-.42844105,-.82747579,.403009,.48414797,.403009,.48414797,.82747579,.80877519,.5609659,.403009,-.80877519,-.50167024,-.31891349,.80877519,.5609659,.403009,.5609659,.403009,.5609659,.76847583,.48414797,-.50600791,-.76847583,-.40198517,.5609659,.76847583,.48414797,.5609659,.48414797,.403009,.48414797,.82747579,-.43678758,-.42844105,-.82747579,.403009,.48414797,.82747579,.403009,.48414797
Manotas 2014,.5609659,.403009,-.80877519,-.50167024,-.31891349,.80877519,.5609659,.403009,.80877519,.5609659,.403009,.5609659,.48414797,-.50600791,-.76847583,-.40198517,.5609659,.76847583,.48414797,.5609659,.76847583,.48414797,.403009,.48414797,-.43678758,-.42844105,-.82747579,.403009,.48414797,.82747579,.403009,.48414797,.82747579,-.80877519,-.50600791,-.43678758,.6290108,.49517292,-.80877519,-.50600791,-.43678758,-.80877519,-.50600791,-.43678758,-.50167024,-.76847583,-.42844105,.6290108,.49027258,-.50167024,-.76847583,-.42844105,-.50167024,-.76847583,-.42844105,-.31891349,-.40198517,-.82747579,.49517292,.49027258,-.31891349,-.40198517,-.82747579,-.31891349,-.40198517,-.82747579,.80877519,.5609659,.403009,-.80877519,-.50167024,-.31891349,.5609659,.403009,.80877519,.5609659,.403009,.5609659,.48414797,.48414797,-.50600791,-.76847583,-.40198517,.5609659,.48414797,.5609659,.48414797,.48414797,.403009,.48414797,.82747579,-.43678758,-.42844105,-.82747579,.403009,.48414797,.403009,.48414797,.82747579,.80877519,.5609659,.403009,-.80877519,-.50167024,-.31891349,.80877519,.5609659,.403009,.5609659,.403009,.5609659,.76847583,.48414797,-.50600791,-.76847583,-.40198517,.5609659,.76847583,.48414797,.5609659,.48414797,.403009,.48414797,.82747579,-.43678758,-.42844105,-.82747579,.403009,.48414797,.82747579,.403009,.48414797
Moody 2013,.5609659,.403009,-.80877519,-.50167024,-.31891349,.80877519,.5609659,.403009,.80877519,.5609659,.403009,.5609659,.48414797,-.50600791,-.76847583,-.40198517,.5609659,.76847583,.48414797,.5609659,.76847583,.48414797,.403009,.48414797,-.43678758,-.42844105,-.82747579,.403009,.48414797,.82747579,.403009,.48414797,.82747579,-.80877519,-.50600791,-.43678758,.6290108,.49517292,-.80877519,-.50600791,-.43678758,-.80877519,-.50600791,-.43678758,-.50167024,-.76847583,-.42844105,.6290108,.49027258,-.50167024,-.76847583,-.42844105,-.50167024,-.76847583,-.42844105,-.31891349,-.40198517,-.82747579,.49517292,.49027258,-.31891349,-.40198517,-.82747579,-.31891349,-.40198517,-.82747579,.80877519,.5609659,.403009,-.80877519,-.50167024,-.31891349,.5609659,.403009,.80877519,.5609659,.403009,.5609659,.48414797,.48414797,-.50600791,-.76847583,-.40198517,.5609659,.48414797,.5609659,.48414797,.48414797,.403009,.48414797,.82747579,-.43678758,-.42844105,-.82747579,.403009,.48414797,.403009,.48414797,.82747579,.80877519,.5609659,.403009,-.80877519,-.50167024,-.31891349,.80877519,.5609659,.403009,.5609659,.403009,.5609659,.76847583,.48414797,-.50600791,-.76847583,-.40198517,.5609659,.76847583,.48414797,.5609659,.48414797,.403009,.48414797,.82747579,-.43678758,-.42844105,-.82747579,.403009,.48414797,.82747579,.403009,.48414797
Moritz 2006,.5609659,.403009,-.80877519,-.50167024,-.31891349,.80877519,.5609659,.403009,.80877519,.5609659,.403009,.5609659,.48414797,-.50600791,-.76847583,-.40198517,.5609659,.76847583,.48414797,.5609659,.76847583,.48414797,.403009,.48414797,-.43678758,-.42844105,-.82747579,.403009,.48414797,.82747579,.403009,.48414797,.82747579,-.80877519,-.50600791,-.43678758,.6290108,.49517292,-.80877519,-.50600791,-.43678758,-.80877519,-.50600791,-.43678758,-.50167024,-.76847583,-.42844105,.6290108,.49027258,-.50167024,-.76847583,-.42844105,-.50167024,-.76847583,-.42844105,-.31891349,-.40198517,-.82747579,.49517292,.49027258,-.31891349,-.40198517,-.82747579,-.31891349,-.40198517,-.82747579,.80877519,.5609659,.403009,-.80877519,-.50167024,-.31891349,.5609659,.403009,.80877519,.5609659,.403009,.5609659,.48414797,.48414797,-.50600791,-.76847583,-.40198517,.5609659,.48414797,.5609659,.48414797,.48414797,.403009,.48414797,.82747579,-.43678758,-.42844105,-.82747579,.403009,.48414797,.403009,.48414797,.82747579,.80877519,.5609659,.403009,-.80877519,-.50167024,-.31891349,.80877519,.5609659,.403009,.5609659,.403009,.5609659,.76847583,.48414797,-.50600791,-.76847583,-.40198517,.5609659,.76847583,.48414797,.5609659,.48414797,.403009,.48414797,.82747579,-.43678758,-.42844105,-.82747579,.403009,.48414797,.82747579,.403009,.48414797
Moynihan 2013,.5609659,.403009,-.80877519,-.50167024,-.31891349,.80877519,.5609659,.403009,.80877519,.5609659,.403009,.5609659,.48414797,-.50600791,-.76847583,-.40198517,.5609659,.76847583,.48414797,.5609659,.76847583,.48414797,.403009,.48414797,-.43678758,-.42844105,-.82747579,.403009,.48414797,.82747579,.403009,.48414797,.82747579,-.80877519,-.50600791,-.43678758,.6290108,.49517292,-.80877519,-.50600791,-.43678758,-.80877519,-.50600791,-.43678758,-.50167024,-.76847583,-.42844105,.6290108,.49027258,-.50167024,-.76847583,-.42844105,-.50167024,-.76847583,-.42844105,-.31891349,-.40198517,-.82747579,.49517292,.49027258,-.31891349,-.40198517,-.82747579,-.31891349,-.40198517,-.82747579,.80877519,.5609659,.403009,-.80877519,-.50167024,-.31891349,.5609659,.403009,.80877519,.5609659,.403009,.5609659,.48414797,.48414797,-.50600791,-.76847583,-.40198517,.5609659,.48414797,.5609659,.48414797,.48414797,.403009,.48414797,.82747579,-.43678758,-.42844105,-.82747579,.403009,.48414797,.403009,.48414797,.82747579,.80877519,.5609659,.403009,-.80877519,-.50167024,-.31891349,.80877519,.5609659,.403009,.5609659,.403009,.5609659,.76847583,.48414797,-.50600791,-.76847583,-.40198517,.5609659,.76847583,.48414797,.5609659,.48414797,.403009,.48414797,.82747579,-.43678758,-.42844105,-.82747579,.403009,.48414797,.82747579,.403009,.48414797
Neece 2014,.5609659,.403009,-.80877519,-.50167024,-.31891349,.80877519,.5609659,.403009,.80877519,.5609659,.403009,.5609659,.48414797,-.50600791,-.76847583,-.40198517,.5609659,.76847583,.48414797,.5609659,.76847583,.48414797,.403009,.48414797,-.43678758,-.42844105,-.82747579,.403009,.48414797,.82747579,.403009,.48414797,.82747579,-.80877519,-.50600791,-.43678758,.6290108,.49517292,-.80877519,-.50600791,-.43678758,-.80877519,-.50600791,-.43678758,-.50167024,-.76847583,-.42844105,.6290108,.49027258,-.50167024,-.76847583,-.42844105,-.50167024,-.76847583,-.42844105,-.31891349,-.40198517,-.82747579,.49517292,.49027258,-.31891349,-.40198517,-.82747579,-.31891349,-.40198517,-.82747579,.80877519,.5609659,.403009,-.80877519,-.50167024,-.31891349,.5609659,.403009,.80877519,.5609659,.403009,.5609659,.48414797,.48414797,-.50600791,-.76847583,-.40198517,.5609659,.48414797,.5609659,.48414797,.48414797,.403009,.48414797,.82747579,-.43678758,-.42844105,-.82747579,.403009,.48414797,.403009,.48414797,.82747579,.80877519,.5609659,.403009,-.80877519,-.50167024,-.31891349,.80877519,.5609659,.403009,.5609659,.403009,.5609659,.76847583,.48414797,-.50600791,-.76847583,-.40198517,.5609659,.76847583,.48414797,.5609659,.48414797,.403009,.48414797,.82747579,-.43678758,-.42844105,-.82747579,.403009,.48414797,.82747579,.403009,.48414797
Norouzi 2020,.5609659,.403009,-.80877519,-.50167024,-.31891349,.80877519,.5609659,.403009,.80877519,.5609659,.403009,.5609659,.48414797,-.50600791,-.76847583,-.40198517,.5609659,.76847583,.48414797,.5609659,.76847583,.48414797,.403009,.48414797,-.43678758,-.42844105,-.82747579,.403009,.48414797,.82747579,.403009,.48414797,.82747579,-.80877519,-.50600791,-.43678758,.6290108,.49517292,-.80877519,-.50600791,-.43678758,-.80877519,-.50600791,-.43678758,-.50167024,-.76847583,-.42844105,.6290108,.49027258,-.50167024,-.76847583,-.42844105,-.50167024,-.76847583,-.42844105,-.31891349,-.40198517,-.82747579,.49517292,.49027258,-.31891349,-.40198517,-.82747579,-.31891349,-.40198517,-.82747579,.80877519,.5609659,.403009,-.80877519,-.50167024,-.31891349,.5609659,.403009,.80877519,.5609659,.403009,.5609659,.48414797,.48414797,-.50600791,-.76847583,-.40198517,.5609659,.48414797,.5609659,.48414797,.48414797,.403009,.48414797,.82747579,-.43678758,-.42844105,-.82747579,.403009,.48414797,.403009,.48414797,.82747579,.80877519,.5609659,.403009,-.80877519,-.50167024,-.31891349,.80877519,.5609659,.403009,.5609659,.403009,.5609659,.76847583,.48414797,-.50600791,-.76847583,-.40198517,.5609659,.76847583,.48414797,.5609659,.48414797,.403009,.48414797,.82747579,-.43678758,-.42844105,-.82747579,.403009,.48414797,.82747579,.403009,.48414797
Nyklicek 2008,.5609659,.403009,-.80877519,-.50167024,-.31891349,.80877519,.5609659,.403009,.80877519,.5609659,.403009,.5609659,.48414797,-.50600791,-.76847583,-.40198517,.5609659,.76847583,.48414797,.5609659,.76847583,.48414797,.403009,.48414797,-.43678758,-.42844105,-.82747579,.403009,.48414797,.82747579,.403009,.48414797,.82747579,-.80877519,-.50600791,-.43678758,.6290108,.49517292,-.80877519,-.50600791,-.43678758,-.80877519,-.50600791,-.43678758,-.50167024,-.76847583,-.42844105,.6290108,.49027258,-.50167024,-.76847583,-.42844105,-.50167024,-.76847583,-.42844105,-.31891349,-.40198517,-.82747579,.49517292,.49027258,-.31891349,-.40198517,-.82747579,-.31891349,-.40198517,-.82747579,.80877519,.5609659,.403009,-.80877519,-.50167024,-.31891349,.5609659,.403009,.80877519,.5609659,.403009,.5609659,.48414797,.48414797,-.50600791,-.76847583,-.40198517,.5609659,.48414797,.5609659,.48414797,.48414797,.403009,.48414797,.82747579,-.43678758,-.42844105,-.82747579,.403009,.48414797,.403009,.48414797,.82747579,.80877519,.5609659,.403009,-.80877519,-.50167024,-.31891349,.80877519,.5609659,.403009,.5609659,.403009,.5609659,.76847583,.48414797,-.50600791,-.76847583,-.40198517,.5609659,.76847583,.48414797,.5609659,.48414797,.403009,.48414797,.82747579,-.43678758,-.42844105,-.82747579,.403009,.48414797,.82747579,.403009,.48414797
ODonnell 2017,.5609659,.403009,-.80877519,-.50167024,-.31891349,.80877519,.5609659,.403009,.80877519,.5609659,.403009,.5609659,.48414797,-.50600791,-.76847583,-.40198517,.5609659,.76847583,.48414797,.5609659,.76847583,.48414797,.403009,.48414797,-.43678758,-.42844105,-.82747579,.403009,.48414797,.82747579,.403009,.48414797,.82747579,-.80877519,-.50600791,-.43678758,.6290108,.49517292,-.80877519,-.50600791,-.43678758,-.80877519,-.50600791,-.43678758,-.50167024,-.76847583,-.42844105,.6290108,.49027258,-.50167024,-.76847583,-.42844105,-.50167024,-.76847583,-.42844105,-.31891349,-.40198517,-.82747579,.49517292,.49027258,-.31891349,-.40198517,-.82747579,-.31891349,-.40198517,-.82747579,.80877519,.5609659,.403009,-.80877519,-.50167024,-.31891349,.5609659,.403009,.80877519,.5609659,.403009,.5609659,.48414797,.48414797,-.50600791,-.76847583,-.40198517,.5609659,.48414797,.5609659,.48414797,.48414797,.403009,.48414797,.82747579,-.43678758,-.42844105,-.82747579,.403009,.48414797,.403009,.48414797,.82747579,.80877519,.5609659,.403009,-.80877519,-.50167024,-.31891349,.80877519,.5609659,.403009,.5609659,.403009,.5609659,.76847583,.48414797,-.50600791,-.76847583,-.40198517,.5609659,.76847583,.48414797,.5609659,.48414797,.403009,.48414797,.82747579,-.43678758,-.42844105,-.82747579,.403009,.48414797,.82747579,.403009,.48414797
Oken 2010,.5609659,.403009,-.80877519,-.50167024,-.31891349,.80877519,.5609659,.403009,.80877519,.5609659,.403009,.5609659,.48414797,-.50600791,-.76847583,-.40198517,.5609659,.76847583,.48414797,.5609659,.76847583,.48414797,.403009,.48414797,-.43678758,-.42844105,-.82747579,.403009,.48414797,.82747579,.403009,.48414797,.82747579,-.80877519,-.50600791,-.43678758,.6290108,.49517292,-.80877519,-.50600791,-.43678758,-.80877519,-.50600791,-.43678758,-.50167024,-.76847583,-.42844105,.6290108,.49027258,-.50167024,-.76847583,-.42844105,-.50167024,-.76847583,-.42844105,-.31891349,-.40198517,-.82747579,.49517292,.49027258,-.31891349,-.40198517,-.82747579,-.31891349,-.40198517,-.82747579,.80877519,.5609659,.403009,-.80877519,-.50167024,-.31891349,.5609659,.403009,.80877519,.5609659,.403009,.5609659,.48414797,.48414797,-.50600791,-.76847583,-.40198517,.5609659,.48414797,.5609659,.48414797,.48414797,.403009,.48414797,.82747579,-.43678758,-.42844105,-.82747579,.403009,.48414797,.403009,.48414797,.82747579,.80877519,.5609659,.403009,-.80877519,-.50167024,-.31891349,.80877519,.5609659,.403009,.5609659,.403009,.5609659,.76847583,.48414797,-.50600791,-.76847583,-.40198517,.5609659,.76847583,.48414797,.5609659,.48414797,.403009,.48414797,.82747579,-.43678758,-.42844105,-.82747579,.403009,.48414797,.82747579,.403009,.48414797
Pan 2018,.5609659,.403009,-.80877519,-.50167024,-.31891349,.80877519,.5609659,.403009,.80877519,.5609659,.403009,.5609659,.48414797,-.50600791,-.76847583,-.40198517,.5609659,.76847583,.48414797,.5609659,.76847583,.48414797,.403009,.48414797,-.43678758,-.42844105,-.82747579,.403009,.48414797,.82747579,.403009,.48414797,.82747579,-.80877519,-.50600791,-.43678758,.6290108,.49517292,-.80877519,-.50600791,-.43678758,-.80877519,-.50600791,-.43678758,-.50167024,-.76847583,-.42844105,.6290108,.49027258,-.50167024,-.76847583,-.42844105,-.50167024,-.76847583,-.42844105,-.31891349,-.40198517,-.82747579,.49517292,.49027258,-.31891349,-.40198517,-.82747579,-.31891349,-.40198517,-.82747579,.80877519,.5609659,.403009,-.80877519,-.50167024,-.31891349,.5609659,.403009,.80877519,.5609659,.403009,.5609659,.48414797,.48414797,-.50600791,-.76847583,-.40198517,.5609659,.48414797,.5609659,.48414797,.48414797,.403009,.48414797,.82747579,-.43678758,-.42844105,-.82747579,.403009,.48414797,.403009,.48414797,.82747579,.80877519,.5609659,.403009,-.80877519,-.50167024,-.31891349,.80877519,.5609659,.403009,.5609659,.403009,.5609659,.76847583,.48414797,-.50600791,-.76847583,-.40198517,.5609659,.76847583,.48414797,.5609659,.48414797,.403009,.48414797,.82747579,-.43678758,-.42844105,-.82747579,.403009,.48414797,.82747579,.403009,.48414797
Park 2016,.5609659,.403009,-.80877519,-.50167024,-.31891349,.80877519,.5609659,.403009,.80877519,.5609659,.403009,.5609659,.48414797,-.50600791,-.76847583,-.40198517,.5609659,.76847583,.48414797,.5609659,.76847583,.48414797,.403009,.48414797,-.43678758,-.42844105,-.82747579,.403009,.48414797,.82747579,.403009,.48414797,.82747579,-.80877519,-.50600791,-.43678758,.6290108,.49517292,-.80877519,-.50600791,-.43678758,-.80877519,-.50600791,-.43678758,-.50167024,-.76847583,-.42844105,.6290108,.49027258,-.50167024,-.76847583,-.42844105,-.50167024,-.76847583,-.42844105,-.31891349,-.40198517,-.82747579,.49517292,.49027258,-.31891349,-.40198517,-.82747579,-.31891349,-.40198517,-.82747579,.80877519,.5609659,.403009,-.80877519,-.50167024,-.31891349,.5609659,.403009,.80877519,.5609659,.403009,.5609659,.48414797,.48414797,-.50600791,-.76847583,-.40198517,.5609659,.48414797,.5609659,.48414797,.48414797,.403009,.48414797,.82747579,-.43678758,-.42844105,-.82747579,.403009,.48414797,.403009,.48414797,.82747579,.80877519,.5609659,.403009,-.80877519,-.50167024,-.31891349,.80877519,.5609659,.403009,.5609659,.403009,.5609659,.76847583,.48414797,-.50600791,-.76847583,-.40198517,.5609659,.76847583,.48414797,.5609659,.48414797,.403009,.48414797,.82747579,-.43678758,-.42844105,-.82747579,.403009,.48414797,.82747579,.403009,.48414797
Perez-Blasco 2013,.5609659,.403009,-.80877519,-.50167024,-.31891349,.80877519,.5609659,.403009,.80877519,.5609659,.403009,.5609659,.48414797,-.50600791,-.76847583,-.40198517,.5609659,.76847583,.48414797,.5609659,.76847583,.48414797,.403009,.48414797,-.43678758,-.42844105,-.82747579,.403009,.48414797,.82747579,.403009,.48414797,.82747579,-.80877519,-.50600791,-.43678758,.6290108,.49517292,-.80877519,-.50600791,-.43678758,-.80877519,-.50600791,-.43678758,-.50167024,-.76847583,-.42844105,.6290108,.49027258,-.50167024,-.76847583,-.42844105,-.50167024,-.76847583,-.42844105,-.31891349,-.40198517,-.82747579,.49517292,.49027258,-.31891349,-.40198517,-.82747579,-.31891349,-.40198517,-.82747579,.80877519,.5609659,.403009,-.80877519,-.50167024,-.31891349,.5609659,.403009,.80877519,.5609659,.403009,.5609659,.48414797,.48414797,-.50600791,-.76847583,-.40198517,.5609659,.48414797,.5609659,.48414797,.48414797,.403009,.48414797,.82747579,-.43678758,-.42844105,-.82747579,.403009,.48414797,.403009,.48414797,.82747579,.80877519,.5609659,.403009,-.80877519,-.50167024,-.31891349,.80877519,.5609659,.403009,.5609659,.403009,.5609659,.76847583,.48414797,-.50600791,-.76847583,-.40198517,.5609659,.76847583,.48414797,.5609659,.48414797,.403009,.48414797,.82747579,-.43678758,-.42844105,-.82747579,.403009,.48414797,.82747579,.403009,.48414797
Perez-Blasco 2016,.5609659,.403009,-.80877519,-.50167024,-.31891349,.80877519,.5609659,.403009,.80877519,.5609659,.403009,.5609659,.48414797,-.50600791,-.76847583,-.40198517,.5609659,.76847583,.48414797,.5609659,.76847583,.48414797,.403009,.48414797,-.43678758,-.42844105,-.82747579,.403009,.48414797,.82747579,.403009,.48414797,.82747579,-.80877519,-.50600791,-.43678758,.6290108,.49517292,-.80877519,-.50600791,-.43678758,-.80877519,-.50600791,-.43678758,-.50167024,-.76847583,-.42844105,.6290108,.49027258,-.50167024,-.76847583,-.42844105,-.50167024,-.76847583,-.42844105,-.31891349,-.40198517,-.82747579,.49517292,.49027258,-.31891349,-.40198517,-.82747579,-.31891349,-.40198517,-.82747579,.80877519,.5609659,.403009,-.80877519,-.50167024,-.31891349,.5609659,.403009,.80877519,.5609659,.403009,.5609659,.48414797,.48414797,-.50600791,-.76847583,-.40198517,.5609659,.48414797,.5609659,.48414797,.48414797,.403009,.48414797,.82747579,-.43678758,-.42844105,-.82747579,.403009,.48414797,.403009,.48414797,.82747579,.80877519,.5609659,.403009,-.80877519,-.50167024,-.31891349,.80877519,.5609659,.403009,.5609659,.403009,.5609659,.76847583,.48414797,-.50600791,-.76847583,-.40198517,.5609659,.76847583,.48414797,.5609659,.48414797,.403009,.48414797,.82747579,-.43678758,-.42844105,-.82747579,.403009,.48414797,.82747579,.403009,.48414797
Phang 2015,.5609659,.403009,-.80877519,-.50167024,-.31891349,.80877519,.5609659,.403009,.80877519,.5609659,.403009,.5609659,.48414797,-.50600791,-.76847583,-.40198517,.5609659,.76847583,.48414797,.5609659,.76847583,.48414797,.403009,.48414797,-.43678758,-.42844105,-.82747579,.403009,.48414797,.82747579,.403009,.48414797,.82747579,-.80877519,-.50600791,-.43678758,.6290108,.49517292,-.80877519,-.50600791,-.43678758,-.80877519,-.50600791,-.43678758,-.50167024,-.76847583,-.42844105,.6290108,.49027258,-.50167024,-.76847583,-.42844105,-.50167024,-.76847583,-.42844105,-.31891349,-.40198517,-.82747579,.49517292,.49027258,-.31891349,-.40198517,-.82747579,-.31891349,-.40198517,-.82747579,.80877519,.5609659,.403009,-.80877519,-.50167024,-.31891349,.5609659,.403009,.80877519,.5609659,.403009,.5609659,.48414797,.48414797,-.50600791,-.76847583,-.40198517,.5609659,.48414797,.5609659,.48414797,.48414797,.403009,.48414797,.82747579,-.43678758,-.42844105,-.82747579,.403009,.48414797,.403009,.48414797,.82747579,.80877519,.5609659,.403009,-.80877519,-.50167024,-.31891349,.80877519,.5609659,.403009,.5609659,.403009,.5609659,.76847583,.48414797,-.50600791,-.76847583,-.40198517,.5609659,.76847583,.48414797,.5609659,.48414797,.403009,.48414797,.82747579,-.43678758,-.42844105,-.82747579,.403009,.48414797,.82747579,.403009,.48414797
Pipe 2009,.5609659,.403009,-.80877519,-.50167024,-.31891349,.80877519,.5609659,.403009,.80877519,.5609659,.403009,.5609659,.48414797,-.50600791,-.76847583,-.40198517,.5609659,.76847583,.48414797,.5609659,.76847583,.48414797,.403009,.48414797,-.43678758,-.42844105,-.82747579,.403009,.48414797,.82747579,.403009,.48414797,.82747579,-.80877519,-.50600791,-.43678758,.6290108,.49517292,-.80877519,-.50600791,-.43678758,-.80877519,-.50600791,-.43678758,-.50167024,-.76847583,-.42844105,.6290108,.49027258,-.50167024,-.76847583,-.42844105,-.50167024,-.76847583,-.42844105,-.31891349,-.40198517,-.82747579,.49517292,.49027258,-.31891349,-.40198517,-.82747579,-.31891349,-.40198517,-.82747579,.80877519,.5609659,.403009,-.80877519,-.50167024,-.31891349,.5609659,.403009,.80877519,.5609659,.403009,.5609659,.48414797,.48414797,-.50600791,-.76847583,-.40198517,.5609659,.48414797,.5609659,.48414797,.48414797,.403009,.48414797,.82747579,-.43678758,-.42844105,-.82747579,.403009,.48414797,.403009,.48414797,.82747579,.80877519,.5609659,.403009,-.80877519,-.50167024,-.31891349,.80877519,.5609659,.403009,.5609659,.403009,.5609659,.76847583,.48414797,-.50600791,-.76847583,-.40198517,.5609659,.76847583,.48414797,.5609659,.48414797,.403009,.48414797,.82747579,-.43678758,-.42844105,-.82747579,.403009,.48414797,.82747579,.403009,.48414797
Plummer 2018,.5609659,.403009,-.80877519,-.50167024,-.31891349,.80877519,.5609659,.403009,.80877519,.5609659,.403009,.5609659,.48414797,-.50600791,-.76847583,-.40198517,.5609659,.76847583,.48414797,.5609659,.76847583,.48414797,.403009,.48414797,-.43678758,-.42844105,-.82747579,.403009,.48414797,.82747579,.403009,.48414797,.82747579,-.80877519,-.50600791,-.43678758,.6290108,.49517292,-.80877519,-.50600791,-.43678758,-.80877519,-.50600791,-.43678758,-.50167024,-.76847583,-.42844105,.6290108,.49027258,-.50167024,-.76847583,-.42844105,-.50167024,-.76847583,-.42844105,-.31891349,-.40198517,-.82747579,.49517292,.49027258,-.31891349,-.40198517,-.82747579,-.31891349,-.40198517,-.82747579,.80877519,.5609659,.403009,-.80877519,-.50167024,-.31891349,.5609659,.403009,.80877519,.5609659,.403009,.5609659,.48414797,.48414797,-.50600791,-.76847583,-.40198517,.5609659,.48414797,.5609659,.48414797,.48414797,.403009,.48414797,.82747579,-.43678758,-.42844105,-.82747579,.403009,.48414797,.403009,.48414797,.82747579,.80877519,.5609659,.403009,-.80877519,-.50167024,-.31891349,.80877519,.5609659,.403009,.5609659,.403009,.5609659,.76847583,.48414797,-.50600791,-.76847583,-.40198517,.5609659,.76847583,.48414797,.5609659,.48414797,.403009,.48414797,.82747579,-.43678758,-.42844105,-.82747579,.403009,.48414797,.82747579,.403009,.48414797
Pots 2014,.5609659,.403009,-.80877519,-.50167024,-.31891349,.80877519,.5609659,.403009,.80877519,.5609659,.403009,.5609659,.48414797,-.50600791,-.76847583,-.40198517,.5609659,.76847583,.48414797,.5609659,.76847583,.48414797,.403009,.48414797,-.43678758,-.42844105,-.82747579,.403009,.48414797,.82747579,.403009,.48414797,.82747579,-.80877519,-.50600791,-.43678758,.6290108,.49517292,-.80877519,-.50600791,-.43678758,-.80877519,-.50600791,-.43678758,-.50167024,-.76847583,-.42844105,.6290108,.49027258,-.50167024,-.76847583,-.42844105,-.50167024,-.76847583,-.42844105,-.31891349,-.40198517,-.82747579,.49517292,.49027258,-.31891349,-.40198517,-.82747579,-.31891349,-.40198517,-.82747579,.80877519,.5609659,.403009,-.80877519,-.50167024,-.31891349,.5609659,.403009,.80877519,.5609659,.403009,.5609659,.48414797,.48414797,-.50600791,-.76847583,-.40198517,.5609659,.48414797,.5609659,.48414797,.48414797,.403009,.48414797,.82747579,-.43678758,-.42844105,-.82747579,.403009,.48414797,.403009,.48414797,.82747579,.80877519,.5609659,.403009,-.80877519,-.50167024,-.31891349,.80877519,.5609659,.403009,.5609659,.403009,.5609659,.76847583,.48414797,-.50600791,-.76847583,-.40198517,.5609659,.76847583,.48414797,.5609659,.48414797,.403009,.48414797,.82747579,-.43678758,-.42844105,-.82747579,.403009,.48414797,.82747579,.403009,.48414797
Roeser 2013,.5609659,.403009,-.80877519,-.50167024,-.31891349,.80877519,.5609659,.403009,.80877519,.5609659,.403009,.5609659,.48414797,-.50600791,-.76847583,-.40198517,.5609659,.76847583,.48414797,.5609659,.76847583,.48414797,.403009,.48414797,-.43678758,-.42844105,-.82747579,.403009,.48414797,.82747579,.403009,.48414797,.82747579,-.80877519,-.50600791,-.43678758,.6290108,.49517292,-.80877519,-.50600791,-.43678758,-.80877519,-.50600791,-.43678758,-.50167024,-.76847583,-.42844105,.6290108,.49027258,-.50167024,-.76847583,-.42844105,-.50167024,-.76847583,-.42844105,-.31891349,-.40198517,-.82747579,.49517292,.49027258,-.31891349,-.40198517,-.82747579,-.31891349,-.40198517,-.82747579,.80877519,.5609659,.403009,-.80877519,-.50167024,-.31891349,.5609659,.403009,.80877519,.5609659,.403009,.5609659,.48414797,.48414797,-.50600791,-.76847583,-.40198517,.5609659,.48414797,.5609659,.48414797,.48414797,.403009,.48414797,.82747579,-.43678758,-.42844105,-.82747579,.403009,.48414797,.403009,.48414797,.82747579,.80877519,.5609659,.403009,-.80877519,-.50167024,-.31891349,.80877519,.5609659,.403009,.5609659,.403009,.5609659,.76847583,.48414797,-.50600791,-.76847583,-.40198517,.5609659,.76847583,.48414797,.5609659,.48414797,.403009,.48414797,.82747579,-.43678758,-.42844105,-.82747579,.403009,.48414797,.82747579,.403009,.48414797
Sampl 2017,.5609659,.403009,-.80877519,-.50167024,-.31891349,.80877519,.5609659,.403009,.80877519,.5609659,.403009,.5609659,.48414797,-.50600791,-.76847583,-.40198517,.5609659,.76847583,.48414797,.5609659,.76847583,.48414797,.403009,.48414797,-.43678758,-.42844105,-.82747579,.403009,.48414797,.82747579,.403009,.48414797,.82747579,-.80877519,-.50600791,-.43678758,.6290108,.49517292,-.80877519,-.50600791,-.43678758,-.80877519,-.50600791,-.43678758,-.50167024,-.76847583,-.42844105,.6290108,.49027258,-.50167024,-.76847583,-.42844105,-.50167024,-.76847583,-.42844105,-.31891349,-.40198517,-.82747579,.49517292,.49027258,-.31891349,-.40198517,-.82747579,-.31891349,-.40198517,-.82747579,.80877519,.5609659,.403009,-.80877519,-.50167024,-.31891349,.5609659,.403009,.80877519,.5609659,.403009,.5609659,.48414797,.48414797,-.50600791,-.76847583,-.40198517,.5609659,.48414797,.5609659,.48414797,.48414797,.403009,.48414797,.82747579,-.43678758,-.42844105,-.82747579,.403009,.48414797,.403009,.48414797,.82747579,.80877519,.5609659,.403009,-.80877519,-.50167024,-.31891349,.80877519,.5609659,.403009,.5609659,.403009,.5609659,.76847583,.48414797,-.50600791,-.76847583,-.40198517,.5609659,.76847583,.48414797,.5609659,.48414797,.403009,.48414797,.82747579,-.43678758,-.42844105,-.82747579,.403009,.48414797,.82747579,.403009,.48414797
Schellekens 2017,.5609659,.403009,-.80877519,-.50167024,-.31891349,.80877519,.5609659,.403009,.80877519,.5609659,.403009,.5609659,.48414797,-.50600791,-.76847583,-.40198517,.5609659,.76847583,.48414797,.5609659,.76847583,.48414797,.403009,.48414797,-.43678758,-.42844105,-.82747579,.403009,.48414797,.82747579,.403009,.48414797,.82747579,-.80877519,-.50600791,-.43678758,.6290108,.49517292,-.80877519,-.50600791,-.43678758,-.80877519,-.50600791,-.43678758,-.50167024,-.76847583,-.42844105,.6290108,.49027258,-.50167024,-.76847583,-.42844105,-.50167024,-.76847583,-.42844105,-.31891349,-.40198517,-.82747579,.49517292,.49027258,-.31891349,-.40198517,-.82747579,-.31891349,-.40198517,-.82747579,.80877519,.5609659,.403009,-.80877519,-.50167024,-.31891349,.5609659,.403009,.80877519,.5609659,.403009,.5609659,.48414797,.48414797,-.50600791,-.76847583,-.40198517,.5609659,.48414797,.5609659,.48414797,.48414797,.403009,.48414797,.82747579,-.43678758,-.42844105,-.82747579,.403009,.48414797,.403009,.48414797,.82747579,.80877519,.5609659,.403009,-.80877519,-.50167024,-.31891349,.80877519,.5609659,.403009,.5609659,.403009,.5609659,.76847583,.48414797,-.50600791,-.76847583,-.40198517,.5609659,.76847583,.48414797,.5609659,.48414797,.403009,.48414797,.82747579,-.43678758,-.42844105,-.82747579,.403009,.48414797,.82747579,.403009,.48414797
Schroeder 2018,.5609659,.403009,-.80877519,-.50167024,-.31891349,.80877519,.5609659,.403009,.80877519,.5609659,.403009,.5609659,.48414797,-.50600791,-.76847583,-.40198517,.5609659,.76847583,.48414797,.5609659,.76847583,.48414797,.403009,.48414797,-.43678758,-.42844105,-.82747579,.403009,.48414797,.82747579,.403009,.48414797,.82747579,-.80877519,-.50600791,-.43678758,.6290108,.49517292,-.80877519,-.50600791,-.43678758,-.80877519,-.50600791,-.43678758,-.50167024,-.76847583,-.42844105,.6290108,.49027258,-.50167024,-.76847583,-.42844105,-.50167024,-.76847583,-.42844105,-.31891349,-.40198517,-.82747579,.49517292,.49027258,-.31891349,-.40198517,-.82747579,-.31891349,-.40198517,-.82747579,.80877519,.5609659,.403009,-.80877519,-.50167024,-.31891349,.5609659,.403009,.80877519,.5609659,.403009,.5609659,.48414797,.48414797,-.50600791,-.76847583,-.40198517,.5609659,.48414797,.5609659,.48414797,.48414797,.403009,.48414797,.82747579,-.43678758,-.42844105,-.82747579,.403009,.48414797,.403009,.48414797,.82747579,.80877519,.5609659,.403009,-.80877519,-.50167024,-.31891349,.80877519,.5609659,.403009,.5609659,.403009,.5609659,.76847583,.48414797,-.50600791,-.76847583,-.40198517,.5609659,.76847583,.48414797,.5609659,.48414797,.403009,.48414797,.82747579,-.43678758,-.42844105,-.82747579,.403009,.48414797,.82747579,.403009,.48414797
Sevinc 2018,.5609659,.403009,-.80877519,-.50167024,-.31891349,.80877519,.5609659,.403009,.80877519,.5609659,.403009,.5609659,.48414797,-.50600791,-.76847583,-.40198517,.5609659,.76847583,.48414797,.5609659,.76847583,.48414797,.403009,.48414797,-.43678758,-.42844105,-.82747579,.403009,.48414797,.82747579,.403009,.48414797,.82747579,-.80877519,-.50600791,-.43678758,.6290108,.49517292,-.80877519,-.50600791,-.43678758,-.80877519,-.50600791,-.43678758,-.50167024,-.76847583,-.42844105,.6290108,.49027258,-.50167024,-.76847583,-.42844105,-.50167024,-.76847583,-.42844105,-.31891349,-.40198517,-.82747579,.49517292,.49027258,-.31891349,-.40198517,-.82747579,-.31891349,-.40198517,-.82747579,.80877519,.5609659,.403009,-.80877519,-.50167024,-.31891349,.5609659,.403009,.80877519,.5609659,.403009,.5609659,.48414797,.48414797,-.50600791,-.76847583,-.40198517,.5609659,.48414797,.5609659,.48414797,.48414797,.403009,.48414797,.82747579,-.43678758,-.42844105,-.82747579,.403009,.48414797,.403009,.48414797,.82747579,.80877519,.5609659,.403009,-.80877519,-.50167024,-.31891349,.80877519,.5609659,.403009,.5609659,.403009,.5609659,.76847583,.48414797,-.50600791,-.76847583,-.40198517,.5609659,.76847583,.48414797,.5609659,.48414797,.403009,.48414797,.82747579,-.43678758,-.42844105,-.82747579,.403009,.48414797,.82747579,.403009,.48414797
Shapiro 1998,.5609659,.403009,-.80877519,-.50167024,-.31891349,.80877519,.5609659,.403009,.80877519,.5609659,.403009,.5609659,.48414797,-.50600791,-.76847583,-.40198517,.5609659,.76847583,.48414797,.5609659,.76847583,.48414797,.403009,.48414797,-.43678758,-.42844105,-.82747579,.403009,.48414797,.82747579,.403009,.48414797,.82747579,-.80877519,-.50600791,-.43678758,.6290108,.49517292,-.80877519,-.50600791,-.43678758,-.80877519,-.50600791,-.43678758,-.50167024,-.76847583,-.42844105,.6290108,.49027258,-.50167024,-.76847583,-.42844105,-.50167024,-.76847583,-.42844105,-.31891349,-.40198517,-.82747579,.49517292,.49027258,-.31891349,-.40198517,-.82747579,-.31891349,-.40198517,-.82747579,.80877519,.5609659,.403009,-.80877519,-.50167024,-.31891349,.5609659,.403009,.80877519,.5609659,.403009,.5609659,.48414797,.48414797,-.50600791,-.76847583,-.40198517,.5609659,.48414797,.5609659,.48414797,.48414797,.403009,.48414797,.82747579,-.43678758,-.42844105,-.82747579,.403009,.48414797,.403009,.48414797,.82747579,.80877519,.5609659,.403009,-.80877519,-.50167024,-.31891349,.80877519,.5609659,.403009,.5609659,.403009,.5609659,.76847583,.48414797,-.50600791,-.76847583,-.40198517,.5609659,.76847583,.48414797,.5609659,.48414797,.403009,.48414797,.82747579,-.43678758,-.42844105,-.82747579,.403009,.48414797,.82747579,.403009,.48414797
Shapiro 2005,.5609659,.403009,-.80877519,-.50167024,-.31891349,.80877519,.5609659,.403009,.80877519,.5609659,.403009,.5609659,.48414797,-.50600791,-.76847583,-.40198517,.5609659,.76847583,.48414797,.5609659,.76847583,.48414797,.403009,.48414797,-.43678758,-.42844105,-.82747579,.403009,.48414797,.82747579,.403009,.48414797,.82747579,-.80877519,-.50600791,-.43678758,.6290108,.49517292,-.80877519,-.50600791,-.43678758,-.80877519,-.50600791,-.43678758,-.50167024,-.76847583,-.42844105,.6290108,.49027258,-.50167024,-.76847583,-.42844105,-.50167024,-.76847583,-.42844105,-.31891349,-.40198517,-.82747579,.49517292,.49027258,-.31891349,-.40198517,-.82747579,-.31891349,-.40198517,-.82747579,.80877519,.5609659,.403009,-.80877519,-.50167024,-.31891349,.5609659,.403009,.80877519,.5609659,.403009,.5609659,.48414797,.48414797,-.50600791,-.76847583,-.40198517,.5609659,.48414797,.5609659,.48414797,.48414797,.403009,.48414797,.82747579,-.43678758,-.42844105,-.82747579,.403009,.48414797,.403009,.48414797,.82747579,.80877519,.5609659,.403009,-.80877519,-.50167024,-.31891349,.80877519,.5609659,.403009,.5609659,.403009,.5609659,.76847583,.48414797,-.50600791,-.76847583,-.40198517,.5609659,.76847583,.48414797,.5609659,.48414797,.403009,.48414797,.82747579,-.43678758,-.42844105,-.82747579,.403009,.48414797,.82747579,.403009,.48414797
Shapiro 2019,.5609659,.403009,-.80877519,-.50167024,-.31891349,.80877519,.5609659,.403009,.80877519,.5609659,.403009,.5609659,.48414797,-.50600791,-.76847583,-.40198517,.5609659,.76847583,.48414797,.5609659,.76847583,.48414797,.403009,.48414797,-.43678758,-.42844105,-.82747579,.403009,.48414797,.82747579,.403009,.48414797,.82747579,-.80877519,-.50600791,-.43678758,.6290108,.49517292,-.80877519,-.50600791,-.43678758,-.80877519,-.50600791,-.43678758,-.50167024,-.76847583,-.42844105,.6290108,.49027258,-.50167024,-.76847583,-.42844105,-.50167024,-.76847583,-.42844105,-.31891349,-.40198517,-.82747579,.49517292,.49027258,-.31891349,-.40198517,-.82747579,-.31891349,-.40198517,-.82747579,.80877519,.5609659,.403009,-.80877519,-.50167024,-.31891349,.5609659,.403009,.80877519,.5609659,.403009,.5609659,.48414797,.48414797,-.50600791,-.76847583,-.40198517,.5609659,.48414797,.5609659,.48414797,.48414797,.403009,.48414797,.82747579,-.43678758,-.42844105,-.82747579,.403009,.48414797,.403009,.48414797,.82747579,.80877519,.5609659,.403009,-.80877519,-.50167024,-.31891349,.80877519,.5609659,.403009,.5609659,.403009,.5609659,.76847583,.48414797,-.50600791,-.76847583,-.40198517,.5609659,.76847583,.48414797,.5609659,.48414797,.403009,.48414797,.82747579,-.43678758,-.42844105,-.82747579,.403009,.48414797,.82747579,.403009,.48414797
Shearer 2016,.5609659,.403009,-.80877519,-.50167024,-.31891349,.80877519,.5609659,.403009,.80877519,.5609659,.403009,.5609659,.48414797,-.50600791,-.76847583,-.40198517,.5609659,.76847583,.48414797,.5609659,.76847583,.48414797,.403009,.48414797,-.43678758,-.42844105,-.82747579,.403009,.48414797,.82747579,.403009,.48414797,.82747579,-.80877519,-.50600791,-.43678758,.6290108,.49517292,-.80877519,-.50600791,-.43678758,-.80877519,-.50600791,-.43678758,-.50167024,-.76847583,-.42844105,.6290108,.49027258,-.50167024,-.76847583,-.42844105,-.50167024,-.76847583,-.42844105,-.31891349,-.40198517,-.82747579,.49517292,.49027258,-.31891349,-.40198517,-.82747579,-.31891349,-.40198517,-.82747579,.80877519,.5609659,.403009,-.80877519,-.50167024,-.31891349,.5609659,.403009,.80877519,.5609659,.403009,.5609659,.48414797,.48414797,-.50600791,-.76847583,-.40198517,.5609659,.48414797,.5609659,.48414797,.48414797,.403009,.48414797,.82747579,-.43678758,-.42844105,-.82747579,.403009,.48414797,.403009,.48414797,.82747579,.80877519,.5609659,.403009,-.80877519,-.50167024,-.31891349,.80877519,.5609659,.403009,.5609659,.403009,.5609659,.76847583,.48414797,-.50600791,-.76847583,-.40198517,.5609659,.76847583,.48414797,.5609659,.48414797,.403009,.48414797,.82747579,-.43678758,-.42844105,-.82747579,.403009,.48414797,.82747579,.403009,.48414797
Smart 2017,.5609659,.403009,-.80877519,-.50167024,-.31891349,.80877519,.5609659,.403009,.80877519,.5609659,.403009,.5609659,.48414797,-.50600791,-.76847583,-.40198517,.5609659,.76847583,.48414797,.5609659,.76847583,.48414797,.403009,.48414797,-.43678758,-.42844105,-.82747579,.403009,.48414797,.82747579,.403009,.48414797,.82747579,-.80877519,-.50600791,-.43678758,.6290108,.49517292,-.80877519,-.50600791,-.43678758,-.80877519,-.50600791,-.43678758,-.50167024,-.76847583,-.42844105,.6290108,.49027258,-.50167024,-.76847583,-.42844105,-.50167024,-.76847583,-.42844105,-.31891349,-.40198517,-.82747579,.49517292,.49027258,-.31891349,-.40198517,-.82747579,-.31891349,-.40198517,-.82747579,.80877519,.5609659,.403009,-.80877519,-.50167024,-.31891349,.5609659,.403009,.80877519,.5609659,.403009,.5609659,.48414797,.48414797,-.50600791,-.76847583,-.40198517,.5609659,.48414797,.5609659,.48414797,.48414797,.403009,.48414797,.82747579,-.43678758,-.42844105,-.82747579,.403009,.48414797,.403009,.48414797,.82747579,.80877519,.5609659,.403009,-.80877519,-.50167024,-.31891349,.80877519,.5609659,.403009,.5609659,.403009,.5609659,.76847583,.48414797,-.50600791,-.76847583,-.40198517,.5609659,.76847583,.48414797,.5609659,.48414797,.403009,.48414797,.82747579,-.43678758,-.42844105,-.82747579,.403009,.48414797,.82747579,.403009,.48414797
Steinberg 2016,.5609659,.403009,-.80877519,-.50167024,-.31891349,.80877519,.5609659,.403009,.80877519,.5609659,.403009,.5609659,.48414797,-.50600791,-.76847583,-.40198517,.5609659,.76847583,.48414797,.5609659,.76847583,.48414797,.403009,.48414797,-.43678758,-.42844105,-.82747579,.403009,.48414797,.82747579,.403009,.48414797,.82747579,-.80877519,-.50600791,-.43678758,.6290108,.49517292,-.80877519,-.50600791,-.43678758,-.80877519,-.50600791,-.43678758,-.50167024,-.76847583,-.42844105,.6290108,.49027258,-.50167024,-.76847583,-.42844105,-.50167024,-.76847583,-.42844105,-.31891349,-.40198517,-.82747579,.49517292,.49027258,-.31891349,-.40198517,-.82747579,-.31891349,-.40198517,-.82747579,.80877519,.5609659,.403009,-.80877519,-.50167024,-.31891349,.5609659,.403009,.80877519,.5609659,.403009,.5609659,.48414797,.48414797,-.50600791,-.76847583,-.40198517,.5609659,.48414797,.5609659,.48414797,.48414797,.403009,.48414797,.82747579,-.43678758,-.42844105,-.82747579,.403009,.48414797,.403009,.48414797,.82747579,.80877519,.5609659,.403009,-.80877519,-.50167024,-.31891349,.80877519,.5609659,.403009,.5609659,.403009,.5609659,.76847583,.48414797,-.50600791,-.76847583,-.40198517,.5609659,.76847583,.48414797,.5609659,.48414797,.403009,.48414797,.82747579,-.43678758,-.42844105,-.82747579,.403009,.48414797,.82747579,.403009,.48414797
Strub 2013,.5609659,.403009,-.80877519,-.50167024,-.31891349,.80877519,.5609659,.403009,.80877519,.5609659,.403009,.5609659,.48414797,-.50600791,-.76847583,-.40198517,.5609659,.76847583,.48414797,.5609659,.76847583,.48414797,.403009,.48414797,-.43678758,-.42844105,-.82747579,.403009,.48414797,.82747579,.403009,.48414797,.82747579,-.80877519,-.50600791,-.43678758,.6290108,.49517292,-.80877519,-.50600791,-.43678758,-.80877519,-.50600791,-.43678758,-.50167024,-.76847583,-.42844105,.6290108,.49027258,-.50167024,-.76847583,-.42844105,-.50167024,-.76847583,-.42844105,-.31891349,-.40198517,-.82747579,.49517292,.49027258,-.31891349,-.40198517,-.82747579,-.31891349,-.40198517,-.82747579,.80877519,.5609659,.403009,-.80877519,-.50167024,-.31891349,.5609659,.403009,.80877519,.5609659,.403009,.5609659,.48414797,.48414797,-.50600791,-.76847583,-.40198517,.5609659,.48414797,.5609659,.48414797,.48414797,.403009,.48414797,.82747579,-.43678758,-.42844105,-.82747579,.403009,.48414797,.403009,.48414797,.82747579,.80877519,.5609659,.403009,-.80877519,-.50167024,-.31891349,.80877519,.5609659,.403009,.5609659,.403009,.5609659,.76847583,.48414797,-.50600791,-.76847583,-.40198517,.5609659,.76847583,.48414797,.5609659,.48414797,.403009,.48414797,.82747579,-.43678758,-.42844105,-.82747579,.403009,.48414797,.82747579,.403009,.48414797
Thomas 2016,.5609659,.403009,-.80877519,-.50167024,-.31891349,.80877519,.5609659,.403009,.80877519,.5609659,.403009,.5609659,.48414797,-.50600791,-.76847583,-.40198517,.5609659,.76847583,.48414797,.5609659,.76847583,.48414797,.403009,.48414797,-.43678758,-.42844105,-.82747579,.403009,.48414797,.82747579,.403009,.48414797,.82747579,-.80877519,-.50600791,-.43678758,.6290108,.49517292,-.80877519,-.50600791,-.43678758,-.80877519,-.50600791,-.43678758,-.50167024,-.76847583,-.42844105,.6290108,.49027258,-.50167024,-.76847583,-.42844105,-.50167024,-.76847583,-.42844105,-.31891349,-.40198517,-.82747579,.49517292,.49027258,-.31891349,-.40198517,-.82747579,-.31891349,-.40198517,-.82747579,.80877519,.5609659,.403009,-.80877519,-.50167024,-.31891349,.5609659,.403009,.80877519,.5609659,.403009,.5609659,.48414797,.48414797,-.50600791,-.76847583,-.40198517,.5609659,.48414797,.5609659,.48414797,.48414797,.403009,.48414797,.82747579,-.43678758,-.42844105,-.82747579,.403009,.48414797,.403009,.48414797,.82747579,.80877519,.5609659,.403009,-.80877519,-.50167024,-.31891349,.80877519,.5609659,.403009,.5609659,.403009,.5609659,.76847583,.48414797,-.50600791,-.76847583,-.40198517,.5609659,.76847583,.48414797,.5609659,.48414797,.403009,.48414797,.82747579,-.43678758,-.42844105,-.82747579,.403009,.48414797,.82747579,.403009,.48414797
VanDam 2014,.5609659,.403009,-.80877519,-.50167024,-.31891349,.80877519,.5609659,.403009,.80877519,.5609659,.403009,.5609659,.48414797,-.50600791,-.76847583,-.40198517,.5609659,.76847583,.48414797,.5609659,.76847583,.48414797,.403009,.48414797,-.43678758,-.42844105,-.82747579,.403009,.48414797,.82747579,.403009,.48414797,.82747579,-.80877519,-.50600791,-.43678758,.6290108,.49517292,-.80877519,-.50600791,-.43678758,-.80877519,-.50600791,-.43678758,-.50167024,-.76847583,-.42844105,.6290108,.49027258,-.50167024,-.76847583,-.42844105,-.50167024,-.76847583,-.42844105,-.31891349,-.40198517,-.82747579,.49517292,.49027258,-.31891349,-.40198517,-.82747579,-.31891349,-.40198517,-.82747579,.80877519,.5609659,.403009,-.80877519,-.50167024,-.31891349,.5609659,.403009,.80877519,.5609659,.403009,.5609659,.48414797,.48414797,-.50600791,-.76847583,-.40198517,.5609659,.48414797,.5609659,.48414797,.48414797,.403009,.48414797,.82747579,-.43678758,-.42844105,-.82747579,.403009,.48414797,.403009,.48414797,.82747579,.80877519,.5609659,.403009,-.80877519,-.50167024,-.31891349,.80877519,.5609659,.403009,.5609659,.403009,.5609659,.76847583,.48414797,-.50600791,-.76847583,-.40198517,.5609659,.76847583,.48414797,.5609659,.48414797,.403009,.48414797,.82747579,-.43678758,-.42844105,-.82747579,.403009,.48414797,.82747579,.403009,.48414797
Verweij 2018,.5609659,.403009,-.80877519,-.50167024,-.31891349,.80877519,.5609659,.403009,.80877519,.5609659,.403009,.5609659,.48414797,-.50600791,-.76847583,-.40198517,.5609659,.76847583,.48414797,.5609659,.76847583,.48414797,.403009,.48414797,-.43678758,-.42844105,-.82747579,.403009,.48414797,.82747579,.403009,.48414797,.82747579,-.80877519,-.50600791,-.43678758,.6290108,.49517292,-.80877519,-.50600791,-.43678758,-.80877519,-.50600791,-.43678758,-.50167024,-.76847583,-.42844105,.6290108,.49027258,-.50167024,-.76847583,-.42844105,-.50167024,-.76847583,-.42844105,-.31891349,-.40198517,-.82747579,.49517292,.49027258,-.31891349,-.40198517,-.82747579,-.31891349,-.40198517,-.82747579,.80877519,.5609659,.403009,-.80877519,-.50167024,-.31891349,.5609659,.403009,.80877519,.5609659,.403009,.5609659,.48414797,.48414797,-.50600791,-.76847583,-.40198517,.5609659,.48414797,.5609659,.48414797,.48414797,.403009,.48414797,.82747579,-.43678758,-.42844105,-.82747579,.403009,.48414797,.403009,.48414797,.82747579,.80877519,.5609659,.403009,-.80877519,-.50167024,-.31891349,.80877519,.5609659,.403009,.5609659,.403009,.5609659,.76847583,.48414797,-.50600791,-.76847583,-.40198517,.5609659,.76847583,.48414797,.5609659,.48414797,.403009,.48414797,.82747579,-.43678758,-.42844105,-.82747579,.403009,.48414797,.82747579,.403009,.48414797
Vieten 2008,.5609659,.403009,-.80877519,-.50167024,-.31891349,.80877519,.5609659,.403009,.80877519,.5609659,.403009,.5609659,.48414797,-.50600791,-.76847583,-.40198517,.5609659,.76847583,.48414797,.5609659,.76847583,.48414797,.403009,.48414797,-.43678758,-.42844105,-.82747579,.403009,.48414797,.82747579,.403009,.48414797,.82747579,-.80877519,-.50600791,-.43678758,.6290108,.49517292,-.80877519,-.50600791,-.43678758,-.80877519,-.50600791,-.43678758,-.50167024,-.76847583,-.42844105,.6290108,.49027258,-.50167024,-.76847583,-.42844105,-.50167024,-.76847583,-.42844105,-.31891349,-.40198517,-.82747579,.49517292,.49027258,-.31891349,-.40198517,-.82747579,-.31891349,-.40198517,-.82747579,.80877519,.5609659,.403009,-.80877519,-.50167024,-.31891349,.5609659,.403009,.80877519,.5609659,.403009,.5609659,.48414797,.48414797,-.50600791,-.76847583,-.40198517,.5609659,.48414797,.5609659,.48414797,.48414797,.403009,.48414797,.82747579,-.43678758,-.42844105,-.82747579,.403009,.48414797,.403009,.48414797,.82747579,.80877519,.5609659,.403009,-.80877519,-.50167024,-.31891349,.80877519,.5609659,.403009,.5609659,.403009,.5609659,.76847583,.48414797,-.50600791,-.76847583,-.40198517,.5609659,.76847583,.48414797,.5609659,.48414797,.403009,.48414797,.82747579,-.43678758,-.42844105,-.82747579,.403009,.48414797,.82747579,.403009,.48414797
Vinesett 2017,.5609659,.403009,-.80877519,-.50167024,-.31891349,.80877519,.5609659,.403009,.80877519,.5609659,.403009,.5609659,.48414797,-.50600791,-.76847583,-.40198517,.5609659,.76847583,.48414797,.5609659,.76847583,.48414797,.403009,.48414797,-.43678758,-.42844105,-.82747579,.403009,.48414797,.82747579,.403009,.48414797,.82747579,-.80877519,-.50600791,-.43678758,.6290108,.49517292,-.80877519,-.50600791,-.43678758,-.80877519,-.50600791,-.43678758,-.50167024,-.76847583,-.42844105,.6290108,.49027258,-.50167024,-.76847583,-.42844105,-.50167024,-.76847583,-.42844105,-.31891349,-.40198517,-.82747579,.49517292,.49027258,-.31891349,-.40198517,-.82747579,-.31891349,-.40198517,-.82747579,.80877519,.5609659,.403009,-.80877519,-.50167024,-.31891349,.5609659,.403009,.80877519,.5609659,.403009,.5609659,.48414797,.48414797,-.50600791,-.76847583,-.40198517,.5609659,.48414797,.5609659,.48414797,.48414797,.403009,.48414797,.82747579,-.43678758,-.42844105,-.82747579,.403009,.48414797,.403009,.48414797,.82747579,.80877519,.5609659,.403009,-.80877519,-.50167024,-.31891349,.80877519,.5609659,.403009,.5609659,.403009,.5609659,.76847583,.48414797,-.50600791,-.76847583,-.40198517,.5609659,.76847583,.48414797,.5609659,.48414797,.403009,.48414797,.82747579,-.43678758,-.42844105,-.82747579,.403009,.48414797,.82747579,.403009,.48414797
Whitebird 2013,.5609659,.403009,-.80877519,-.50167024,-.31891349,.80877519,.5609659,.403009,.80877519,.5609659,.403009,.5609659,.48414797,-.50600791,-.76847583,-.40198517,.5609659,.76847583,.48414797,.5609659,.76847583,.48414797,.403009,.48414797,-.43678758,-.42844105,-.82747579,.403009,.48414797,.82747579,.403009,.48414797,.82747579,-.80877519,-.50600791,-.43678758,.6290108,.49517292,-.80877519,-.50600791,-.43678758,-.80877519,-.50600791,-.43678758,-.50167024,-.76847583,-.42844105,.6290108,.49027258,-.50167024,-.76847583,-.42844105,-.50167024,-.76847583,-.42844105,-.31891349,-.40198517,-.82747579,.49517292,.49027258,-.31891349,-.40198517,-.82747579,-.31891349,-.40198517,-.82747579,.80877519,.5609659,.403009,-.80877519,-.50167024,-.31891349,.5609659,.403009,.80877519,.5609659,.403009,.5609659,.48414797,.48414797,-.50600791,-.76847583,-.40198517,.5609659,.48414797,.5609659,.48414797,.48414797,.403009,.48414797,.82747579,-.43678758,-.42844105,-.82747579,.403009,.48414797,.403009,.48414797,.82747579,.80877519,.5609659,.403009,-.80877519,-.50167024,-.31891349,.80877519,.5609659,.403009,.5609659,.403009,.5609659,.76847583,.48414797,-.50600791,-.76847583,-.40198517,.5609659,.76847583,.48414797,.5609659,.48414797,.403009,.48414797,.82747579,-.43678758,-.42844105,-.82747579,.403009,.48414797,.82747579,.403009,.48414797
Williams 2001,.5609659,.403009,-.80877519,-.50167024,-.31891349,.80877519,.5609659,.403009,.80877519,.5609659,.403009,.5609659,.48414797,-.50600791,-.76847583,-.40198517,.5609659,.76847583,.48414797,.5609659,.76847583,.48414797,.403009,.48414797,-.43678758,-.42844105,-.82747579,.403009,.48414797,.82747579,.403009,.48414797,.82747579,-.80877519,-.50600791,-.43678758,.6290108,.49517292,-.80877519,-.50600791,-.43678758,-.80877519,-.50600791,-.43678758,-.50167024,-.76847583,-.42844105,.6290108,.49027258,-.50167024,-.76847583,-.42844105,-.50167024,-.76847583,-.42844105,-.31891349,-.40198517,-.82747579,.49517292,.49027258,-.31891349,-.40198517,-.82747579,-.31891349,-.40198517,-.82747579,.80877519,.5609659,.403009,-.80877519,-.50167024,-.31891349,.5609659,.403009,.80877519,.5609659,.403009,.5609659,.48414797,.48414797,-.50600791,-.76847583,-.40198517,.5609659,.48414797,.5609659,.48414797,.48414797,.403009,.48414797,.82747579,-.43678758,-.42844105,-.82747579,.403009,.48414797,.403009,.48414797,.82747579,.80877519,.5609659,.403009,-.80877519,-.50167024,-.31891349,.80877519,.5609659,.403009,.5609659,.403009,.5609659,.76847583,.48414797,-.50600791,-.76847583,-.40198517,.5609659,.76847583,.48414797,.5609659,.48414797,.403009,.48414797,.82747579,-.43678758,-.42844105,-.82747579,.403009,.48414797,.82747579,.403009,.48414797
Wilson 2012,.5609659,.403009,-.80877519,-.50167024,-.31891349,.80877519,.5609659,.403009,.80877519,.5609659,.403009,.5609659,.48414797,-.50600791,-.76847583,-.40198517,.5609659,.76847583,.48414797,.5609659,.76847583,.48414797,.403009,.48414797,-.43678758,-.42844105,-.82747579,.403009,.48414797,.82747579,.403009,.48414797,.82747579,-.80877519,-.50600791,-.43678758,.6290108,.49517292,-.80877519,-.50600791,-.43678758,-.80877519,-.50600791,-.43678758,-.50167024,-.76847583,-.42844105,.6290108,.49027258,-.50167024,-.76847583,-.42844105,-.50167024,-.76847583,-.42844105,-.31891349,-.40198517,-.82747579,.49517292,.49027258,-.31891349,-.40198517,-.82747579,-.31891349,-.40198517,-.82747579,.80877519,.5609659,.403009,-.80877519,-.50167024,-.31891349,.5609659,.403009,.80877519,.5609659,.403009,.5609659,.48414797,.48414797,-.50600791,-.76847583,-.40198517,.5609659,.48414797,.5609659,.48414797,.48414797,.403009,.48414797,.82747579,-.43678758,-.42844105,-.82747579,.403009,.48414797,.403009,.48414797,.82747579,.80877519,.5609659,.403009,-.80877519,-.50167024,-.31891349,.80877519,.5609659,.403009,.5609659,.403009,.5609659,.76847583,.48414797,-.50600791,-.76847583,-.40198517,.5609659,.76847583,.48414797,.5609659,.48414797,.403009,.48414797,.82747579,-.43678758,-.42844105,-.82747579,.403009,.48414797,.82747579,.403009,.48414797
Wong 2018,.5609659,.403009,-.80877519,-.50167024,-.31891349,.80877519,.5609659,.403009,.80877519,.5609659,.403009,.5609659,.48414797,-.50600791,-.76847583,-.40198517,.5609659,.76847583,.48414797,.5609659,.76847583,.48414797,.403009,.48414797,-.43678758,-.42844105,-.82747579,.403009,.48414797,.82747579,.403009,.48414797,.82747579,-.80877519,-.50600791,-.43678758,.6290108,.49517292,-.80877519,-.50600791,-.43678758,-.80877519,-.50600791,-.43678758,-.50167024,-.76847583,-.42844105,.6290108,.49027258,-.50167024,-.76847583,-.42844105,-.50167024,-.76847583,-.42844105,-.31891349,-.40198517,-.82747579,.49517292,.49027258,-.31891349,-.40198517,-.82747579,-.31891349,-.40198517,-.82747579,.80877519,.5609659,.403009,-.80877519,-.50167024,-.31891349,.5609659,.403009,.80877519,.5609659,.403009,.5609659,.48414797,.48414797,-.50600791,-.76847583,-.40198517,.5609659,.48414797,.5609659,.48414797,.48414797,.403009,.48414797,.82747579,-.43678758,-.42844105,-.82747579,.403009,.48414797,.403009,.48414797,.82747579,.80877519,.5609659,.403009,-.80877519,-.50167024,-.31891349,.80877519,.5609659,.403009,.5609659,.403009,.5609659,.76847583,.48414797,-.50600791,-.76847583,-.40198517,.5609659,.76847583,.48414797,.5609659,.48414797,.403009,.48414797,.82747579,-.43678758,-.42844105,-.82747579,.403009,.48414797,.82747579,.403009,.48414797
Woolhouse 2014,.5609659,.403009,-.80877519,-.50167024,-.31891349,.80877519,.5609659,.403009,.80877519,.5609659,.403009,.5609659,.48414797,-.50600791,-.76847583,-.40198517,.5609659,.76847583,.48414797,.5609659,.76847583,.48414797,.403009,.48414797,-.43678758,-.42844105,-.82747579,.403009,.48414797,.82747579,.403009,.48414797,.82747579,-.80877519,-.50600791,-.43678758,.6290108,.49517292,-.80877519,-.50600791,-.43678758,-.80877519,-.50600791,-.43678758,-.50167024,-.76847583,-.42844105,.6290108,.49027258,-.50167024,-.76847583,-.42844105,-.50167024,-.76847583,-.42844105,-.31891349,-.40198517,-.82747579,.49517292,.49027258,-.31891349,-.40198517,-.82747579,-.31891349,-.40198517,-.82747579,.80877519,.5609659,.403009,-.80877519,-.50167024,-.31891349,.5609659,.403009,.80877519,.5609659,.403009,.5609659,.48414797,.48414797,-.50600791,-.76847583,-.40198517,.5609659,.48414797,.5609659,.48414797,.48414797,.403009,.48414797,.82747579,-.43678758,-.42844105,-.82747579,.403009,.48414797,.403009,.48414797,.82747579,.80877519,.5609659,.403009,-.80877519,-.50167024,-.31891349,.80877519,.5609659,.403009,.5609659,.403009,.5609659,.76847583,.48414797,-.50600791,-.76847583,-.40198517,.5609659,.76847583,.48414797,.5609659,.48414797,.403009,.48414797,.82747579,-.43678758,-.42844105,-.82747579,.403009,.48414797,.82747579,.403009,.48414797
Xu 2015,.5609659,.403009,-.80877519,-.50167024,-.31891349,.80877519,.5609659,.403009,.80877519,.5609659,.403009,.5609659,.48414797,-.50600791,-.76847583,-.40198517,.5609659,.76847583,.48414797,.5609659,.76847583,.48414797,.403009,.48414797,-.43678758,-.42844105,-.82747579,.403009,.48414797,.82747579,.403009,.48414797,.82747579,-.80877519,-.50600791,-.43678758,.6290108,.49517292,-.80877519,-.50600791,-.43678758,-.80877519,-.50600791,-.43678758,-.50167024,-.76847583,-.42844105,.6290108,.49027258,-.50167024,-.76847583,-.42844105,-.50167024,-.76847583,-.42844105,-.31891349,-.40198517,-.82747579,.49517292,.49027258,-.31891349,-.40198517,-.82747579,-.31891349,-.40198517,-.82747579,.80877519,.5609659,.403009,-.80877519,-.50167024,-.31891349,.5609659,.403009,.80877519,.5609659,.403009,.5609659,.48414797,.48414797,-.50600791,-.76847583,-.40198517,.5609659,.48414797,.5609659,.48414797,.48414797,.403009,.48414797,.82747579,-.43678758,-.42844105,-.82747579,.403009,.48414797,.403009,.48414797,.82747579,.80877519,.5609659,.403009,-.80877519,-.50167024,-.31891349,.80877519,.5609659,.403009,.5609659,.403009,.5609659,.76847583,.48414797,-.50600791,-.76847583,-.40198517,.5609659,.76847583,.48414797,.5609659,.48414797,.403009,.48414797,.82747579,-.43678758,-.42844105,-.82747579,.403009,.48414797,.82747579,.403009,.48414797
Yazdanimehr 2016,.5609659,.403009,-.80877519,-.50167024,-.31891349,.80877519,.5609659,.403009,.80877519,.5609659,.403009,.5609659,.48414797,-.50600791,-.76847583,-.40198517,.5609659,.76847583,.48414797,.5609659,.76847583,.48414797,.403009,.48414797,-.43678758,-.42844105,-.82747579,.403009,.48414797,.82747579,.403009,.48414797,.82747579,-.80877519,-.50600791,-.43678758,.6290108,.49517292,-.80877519,-.50600791,-.43678758,-.80877519,-.50600791,-.43678758,-.50167024,-.76847583,-.42844105,.6290108,.49027258,-.50167024,-.76847583,-.42844105,-.50167024,-.76847583,-.42844105,-.31891349,-.40198517,-.82747579,.49517292,.49027258,-.31891349,-.40198517,-.82747579,-.31891349,-.40198517,-.82747579,.80877519,.5609659,.403009,-.80877519,-.50167024,-.31891349,.5609659,.403009,.80877519,.5609659,.403009,.5609659,.48414797,.48414797,-.50600791,-.76847583,-.40198517,.5609659,.48414797,.5609659,.48414797,.48414797,.403009,.48414797,.82747579,-.43678758,-.42844105,-.82747579,.403009,.48414797,.403009,.48414797,.82747579,.80877519,.5609659,.403009,-.80877519,-.50167024,-.31891349,.80877519,.5609659,.403009,.5609659,.403009,.5609659,.76847583,.48414797,-.50600791,-.76847583,-.40198517,.5609659,.76847583,.48414797,.5609659,.48414797,.403009,.48414797,.82747579,-.43678758,-.42844105,-.82747579,.403009,.48414797,.82747579,.403009,.48414797
Zhang 2018,.5609659,.403009,-.80877519,-.50167024,-.31891349,.80877519,.5609659,.403009,.80877519,.5609659,.403009,.5609659,.48414797,-.50600791,-.76847583,-.40198517,.5609659,.76847583,.48414797,.5609659,.76847583,.48414797,.403009,.48414797,-.43678758,-.42844105,-.82747579,.403009,.48414797,.82747579,.403009,.48414797,.82747579,-.80877519,-.50600791,-.43678758,.6290108,.49517292,-.80877519,-.50600791,-.43678758,-.80877519,-.50600791,-.43678758,-.50167024,-.76847583,-.42844105,.6290108,.49027258,-.50167024,-.76847583,-.42844105,-.50167024,-.76847583,-.42844105,-.31891349,-.40198517,-.82747579,.49517292,.49027258,-.31891349,-.40198517,-.82747579,-.31891349,-.40198517,-.82747579,.80877519,.5609659,.403009,-.80877519,-.50167024,-.31891349,.5609659,.403009,.80877519,.5609659,.403009,.5609659,.48414797,.48414797,-.50600791,-.76847583,-.40198517,.5609659,.48414797,.5609659,.48414797,.48414797,.403009,.48414797,.82747579,-.43678758,-.42844105,-.82747579,.403009,.48414797,.403009,.48414797,.82747579,.80877519,.5609659,.403009,-.80877519,-.50167024,-.31891349,.80877519,.5609659,.403009,.5609659,.403009,.5609659,.76847583,.48414797,-.50600791,-.76847583,-.40198517,.5609659,.76847583,.48414797,.5609659,.48414797,.403009,.48414797,.82747579,-.43678758,-.42844105,-.82747579,.403009,.48414797,.82747579,.403009,.48414797
vanDijk 2017,.5609659,.403009,-.80877519,-.50167024,-.31891349,.80877519,.5609659,.403009,.80877519,.5609659,.403009,.5609659,.48414797,-.50600791,-.76847583,-.40198517,.5609659,.76847583,.48414797,.5609659,.76847583,.48414797,.403009,.48414797,-.43678758,-.42844105,-.82747579,.403009,.48414797,.82747579,.403009,.48414797,.82747579,-.80877519,-.50600791,-.43678758,.6290108,.49517292,-.80877519,-.50600791,-.43678758,-.80877519,-.50600791,-.43678758,-.50167024,-.76847583,-.42844105,.6290108,.49027258,-.50167024,-.76847583,-.42844105,-.50167024,-.76847583,-.42844105,-.31891349,-.40198517,-.82747579,.49517292,.49027258,-.31891349,-.40198517,-.82747579,-.31891349,-.40198517,-.82747579,.80877519,.5609659,.403009,-.80877519,-.50167024,-.31891349,.5609659,.403009,.80877519,.5609659,.403009,.5609659,.48414797,.48414797,-.50600791,-.76847583,-.40198517,.5609659,.48414797,.5609659,.48414797,.48414797,.403009,.48414797,.82747579,-.43678758,-.42844105,-.82747579,.403009,.48414797,.403009,.48414797,.82747579,.80877519,.5609659,.403009,-.80877519,-.50167024,-.31891349,.80877519,.5609659,.403009,.5609659,.403009,.5609659,.76847583,.48414797,-.50600791,-.76847583,-.40198517,.5609659,.76847583,.48414797,.5609659,.48414797,.403009,.48414797,.82747579,-.43678758,-.42844105,-.82747579,.403009,.48414797,.82747579,.403009,.48414797
